receipt	number	value	verdict
P04_modern_parallax/P04_redshift_isotropy_floor.py	2.77e-3	0.00277	MATCH
L_numerics/Q51_the_monodromy_continuation_is_stable_and_it_has_two_preconditions_neither_stated.py	0.7698	0.7698	MATCH
P11_dynamics_paper/C50_the_dirac_sector_propagates_and_its_chirality_is_the_twists_sign.py	0.926655	0.926655	MATCH
P14_matter_sector_paper/P14_P14_payoff.py	-1.000	-1.0	MATCH
P03_SdS_slicing/P03_the_charged_collapse_does_not_form_the_eternal_inner_horizon.py	2.33\times10^{23}	2.3299999999999997e+23	SOURCE-ONLY
P03_SdS_slicing/P03_the_charged_collapse_does_not_form_the_eternal_inner_horizon.py	0.9999	0.9999	MATCH
P03_SdS_slicing/P03_the_charged_collapse_does_not_form_the_eternal_inner_horizon.py	17.2	17.2	MATCH
P03_SdS_slicing/P03_which_mass_sets_the_hubble_eddington_radius.py	1.000	1.0	MATCH
P15_CR_cosmology/P15_the_tilt_is_the_wrong_absorber.py	-0.0304	-0.0304	MATCH
P10_canonical_time/P10_the_scale_factor_factors_out_of_the_free_tower.py	9.74998	9.74998	ABSENT
P10_canonical_time/P10_the_weyl_invariant_at_second_order_carries_two_more_derivatives.py	1.0404	1.0404	MATCH
P10_canonical_time/P10_the_weyl_invariant_at_second_order_carries_two_more_derivatives.py	1.0040	1.004	MATCH
P10_canonical_time/P10_the_weyl_invariant_at_second_order_carries_two_more_derivatives.py	1.00040	1.0004	MATCH
P15_CR_cosmology/P15_the_potential_at_the_handover_is_not_free.py	2.43	2.43	SOURCE-ONLY
P15_CR_cosmology/P15_the_potential_at_the_handover_is_not_free.py	5.14	5.14	SOURCE-ONLY
P15_CR_cosmology/P15_the_growth_root_on_the_leaf_rate_is_not_a_moment_balance_and_the_gap_stands.py	1.180309372	1.180309372	MATCH
P15_CR_cosmology/P15_the_growth_root_on_the_leaf_rate_is_not_a_moment_balance_and_the_gap_stands.py	0.99934	0.99934	MATCH
P15_CR_cosmology/P15_the_growth_root_on_the_leaf_rate_is_not_a_moment_balance_and_the_gap_stands.py	0.99940	0.9994	MATCH
P15_CR_cosmology/P15_the_ratio_is_the_onset_in_imported_units.py	1.71	1.71	MATCH
P15_CR_cosmology/P15_the_first_peak_figure_is_not_stable.py	1.447	1.447	MATCH
P15_CR_cosmology/P15_the_first_peak_figure_is_not_stable.py	2.017	2.017	MATCH
P15_CR_cosmology/P15_where_the_likelihood_sits.py	1.15	1.15	SOURCE-ONLY
P15_CR_cosmology/P15_the_photon_hierarchy_in_the_transfer.py	7.14	7.14	MATCH
P15_CR_cosmology/P15_the_photon_hierarchy_in_the_transfer.py	4.17	4.17	MATCH
P15_CR_cosmology/P15_derived_lensing_on_the_lcdm_arm.py	1.25	1.25	SOURCE-ONLY
P15_CR_cosmology/P15_the_residual_is_contrast_and_the_lensing_potential_is_derived.py	13.1	13.1	MATCH
P15_CR_cosmology/P15_the_residual_is_contrast_and_the_lensing_potential_is_derived.py	2.692	2.692	MATCH
P15_CR_cosmology/P15_the_phase_is_the_driving_and_the_undriven_arms_agree.py	0.615	0.615	MATCH
P15_CR_cosmology/P15_the_phase_moves_with_the_datum_and_only_the_spacing_does_not.py	0.891	0.891	MATCH
P15_CR_cosmology/P15_the_locus_is_wrong_in_six_places_and_the_lint_cannot_see_the_worst.py	1.5338	1.5338	MATCH
P04_modern_parallax/R50_the_long_wavelength_bullet_reverses_for_the_observable_and_the_corner_is_three_parts_per_million.py	0.990	0.99	MATCH
P15_CR_cosmology/P15_the_control_entered_the_regime_and_the_arm_did_not_move.py	1.18	1.18	MATCH
P15_CR_cosmology/P15_the_control_entered_the_regime_and_the_arm_did_not_move.py	0.5703	0.5703	MATCH
P15_CR_cosmology/P15_the_first_peak_is_the_seam_datum_and_the_spacing_is_not.py	0.5703	0.5703	MATCH
P15_CR_cosmology/P15_the_first_peak_is_the_seam_datum_and_the_spacing_is_not.py	1.2599	1.2599	MATCH
P15_CR_cosmology/P15_the_first_peak_is_the_seam_datum_and_the_spacing_is_not.py	1.35	1.35	SOURCE-ONLY
L147_two_arm/B3_a_dichotomy_stated_is_not_a_dichotomy_proved.py	2.21	2.21	MATCH
L147_two_arm/B3_a_dichotomy_stated_is_not_a_dichotomy_proved.py	1.11	1.11	MATCH
P15_CR_cosmology/P15_both_datum_freedoms_opened_and_the_spacing_still_holds.py	1.2599	1.2599	MATCH
L171_two_routes/J1_the_disagreement_no_longer_has_two_sides.py	2.26	2.26	MATCH
P15_CR_cosmology/P15_the_spacing_deficit_survives_the_one_fitted_parameter.py	1.20	1.2	SOURCE-ONLY
P15_CR_cosmology/P15_the_spacing_is_right_and_the_acoustic_phase_is_wrong.py	0.975	0.975	MATCH
P15_CR_cosmology/P15_the_spacing_is_right_and_the_acoustic_phase_is_wrong.py	0.615	0.615	MATCH
P15_CR_cosmology/P15_the_spacing_is_right_and_the_acoustic_phase_is_wrong.py	1.05	1.05	SOURCE-ONLY
P15_CR_cosmology/P15_the_acoustics_work_and_the_phase_is_the_whole_disagreement.py	1.15	1.15	SOURCE-ONLY
P15_CR_cosmology/P15_the_acoustics_work_and_the_phase_is_the_whole_disagreement.py	0.615	0.615	MATCH
L239_capability_assumed/K1_a_capability_assumed_from_one_failure.py	5.72	5.72	MATCH
P15_CR_cosmology/P15_the_admissible_band_is_a_third_and_the_two_entries_differ_against_the_potential.py	0.408	0.408	MATCH
L230_computes_convention/C1_the_uptake_is_falling_and_this_line_is_why.py	10.1	10.1	MATCH
L230_computes_convention/C1_the_uptake_is_falling_and_this_line_is_why.py	15.1	15.1	SOURCE-ONLY
L814_po10_bic_pair/S1_the_bic_pair_is_delivered_and_CR_is_not_preferred_at_either_seam_phase.py	206.4	206.4	MATCH
L814_po10_bic_pair/S1_the_bic_pair_is_delivered_and_CR_is_not_preferred_at_either_seam_phase.py	21.5	21.5	MATCH
L814_po10_bic_pair/S1_the_bic_pair_is_delivered_and_CR_is_not_preferred_at_either_seam_phase.py	21.5	21.5	MATCH
L811_po7_inversions_closed/S1_all_three_po7_inversion_routes_are_closed_by_computation.py	0.2069	0.2069	MATCH
L811_po7_inversions_closed/S1_all_three_po7_inversion_routes_are_closed_by_computation.py	0.2628	0.2628	MATCH
P15_CR_cosmology/C59_the_control_reproduces_camb_and_the_height_defect_was_k_truncation.py	2.721	2.721	UNRUN
P15_CR_cosmology/C59_the_control_reproduces_camb_and_the_height_defect_was_k_truncation.py	4.496	4.496	UNRUN
P15_CR_cosmology/C62_the_diffusion_signature_is_a_wash_and_the_isw_is_not_what_it_turned_on.py	7.1033	7.1033	MATCH
P15_CR_cosmology/C62_the_diffusion_signature_is_a_wash_and_the_isw_is_not_what_it_turned_on.py	7.6398	7.6398	MATCH
P15_CR_cosmology/C62_the_diffusion_signature_is_a_wash_and_the_isw_is_not_what_it_turned_on.py	7.55	7.55	MATCH
P15_CR_cosmology/C62_the_diffusion_signature_is_a_wash_and_the_isw_is_not_what_it_turned_on.py	99.9	99.9	MATCH
P15_CR_cosmology/C23_the_gap_estimated.py	0.813	0.813	MATCH
P15_CR_cosmology/C23_the_gap_estimated.py	0.823	0.823	MATCH
L165_interacting_tower/D50_the_floor_does_survive_and_the_paper_said_so_232_revisions_earlier.py	-892.6	-892.6	MATCH
L237_gates_check_declarations/G51_the_twelve_can_all_exit_non_zero_and_the_backlog_is_an_artefact.py	2.05	2.05	MATCH
P15_CR_cosmology/C34_the_deliverable_is_a_pair.py	21.5	21.5	MATCH
P15_CR_cosmology/C34_the_deliverable_is_a_pair.py	16.1	16.1	MATCH
L548_propagating_sector/C1_the_tortoise_divergence_is_the_normalisation_of_the_object_not_the_obstruction_to_it.py	1.56031	1.56031	MATCH
L548_propagating_sector/C1_the_tortoise_divergence_is_the_normalisation_of_the_object_not_the_obstruction_to_it.py	1.5603127	1.5603127	MATCH
L548_propagating_sector/C1_the_tortoise_divergence_is_the_normalisation_of_the_object_not_the_obstruction_to_it.py	-0.67895	-0.67895	MATCH
L548_propagating_sector/C1_the_tortoise_divergence_is_the_normalisation_of_the_object_not_the_obstruction_to_it.py	0.6789488	0.6789488	MATCH
L549_coupled_counterterms/Q1_the_degeneracy_is_conformal_flatness_not_maximal_symmetry_so_no_scale_factor_can_break_it.py	3.06e-37	3.0600000000000004e-37	MATCH
L549_coupled_counterterms/Q1_the_degeneracy_is_conformal_flatness_not_maximal_symmetry_so_no_scale_factor_can_break_it.py	2.24e-77	2.24e-77	MATCH
L550_third_mechanism/M1_the_third_mechanism_is_bounded_and_the_bound_is_two_sentences_earlier.py	41.2	41.2	MATCH
L550_third_mechanism/M1_the_third_mechanism_is_bounded_and_the_bound_is_two_sentences_earlier.py	61.0	61.0	MATCH
P15_CR_cosmology/C41_a_tilde_is_stale_when_nothing_competes.py	301.76	301.76	MATCH
P15_CR_cosmology/C41_a_tilde_is_stale_when_nothing_competes.py	10.83	10.83	MATCH
P15_CR_cosmology/C48_the_pairs_are_three.py	1.9968	1.9968	MATCH
L554_tower_degeneracy/D1_the_degeneracy_carrying_the_quartic_was_never_derived_and_its_constant_is_the_component_count.py	1.01505	1.01505	MATCH
L554_tower_degeneracy/D1_the_degeneracy_carrying_the_quartic_was_never_derived_and_its_constant_is_the_component_count.py	1.00038	1.00038	MATCH
P15_CR_cosmology/P15_the_driving_is_bought_by_decay_during_oscillation.py	1.0000	1.0	UNRUN
L271_the_statistics_bake/S2_the_systematics_budget_is_absent_by_name_and_present_as_a_matched_control.py	0.615	0.615	MATCH
L271_the_statistics_bake/S2_the_systematics_budget_is_absent_by_name_and_present_as_a_matched_control.py	76.9	76.9	MATCH
L271_the_statistics_bake/S2_the_systematics_budget_is_absent_by_name_and_present_as_a_matched_control.py	25.6	25.6	MATCH
L271_the_statistics_bake/S3_the_exclusion_is_a_bound_against_a_bound.py	1173.81	1173.81	SOURCE-ONLY
L271_the_statistics_bake/S3_the_exclusion_is_a_bound_against_a_bound.py	2.7728\times10^{-3}	0.0027728	SOURCE-ONLY
L271_the_statistics_bake/S3_the_exclusion_is_a_bound_against_a_bound.py	2.749\times10^{-3}	0.002749	MATCH
L271_the_statistics_bake/S3_the_exclusion_is_a_bound_against_a_bound.py	2.773	2.773	MATCH
P16_cosmogenesis_paper/N7_the_peak_is_an_erasure_channel_and_its_output_is_the_conserved_charge.py	2.58	2.58	MATCH
P16_cosmogenesis_paper/N7_the_peak_is_an_erasure_channel_and_its_output_is_the_conserved_charge.py	2.58	2.58	MATCH
P15_CR_cosmology/N8_the_transmission_dichotomy_is_a_capacity_dichotomy.py	7.93	7.93	MATCH
P15_CR_cosmology/N8_the_transmission_dichotomy_is_a_capacity_dichotomy.py	1.91	1.91	MATCH
P15_CR_cosmology/N8_the_transmission_dichotomy_is_a_capacity_dichotomy.py	30.2	30.2	MATCH
P14_matter_sector_paper/P14_the_lifts_two_plus_one_is_not_graded_by_R_after_K_and_the_wrong_C_object_would_have_said_it_was.py	2.2202910	2.220291	MATCH
P14_matter_sector_paper/P14_the_four_spheres_chirality_anticommutes_with_the_physical_one_so_its_su2_is_not_the_weak_one.py	0.500	0.5	MATCH
P14_matter_sector_paper/P14_the_four_spheres_chirality_anticommutes_with_the_physical_one_so_its_su2_is_not_the_weak_one.py	0.500	0.5	MATCH
P15_CR_cosmology/P15_the_likelihood_pair_is_another_instruments_and_the_crossing_run_needed_a_missing_knob.py	206.4	206.4	MATCH
P15_CR_cosmology/P15_the_likelihood_pair_is_another_instruments_and_the_crossing_run_needed_a_missing_knob.py	0.960	0.96	MATCH
P15_CR_cosmology/P15_the_likelihood_pair_is_another_instruments_and_the_crossing_run_needed_a_missing_knob.py	256.13	256.13	MATCH
P15_CR_cosmology/P15_the_legs_closed_form_at_the_two_loci.py	0.399	0.399	MATCH
P15_CR_cosmology/P15_the_desi_dissolution_survives_the_leaf_ruler_but_only_by_moving_the_onset.py	0.3066	0.3066	MATCH
P15_CR_cosmology/P15_the_desi_dissolution_survives_the_leaf_ruler_but_only_by_moving_the_onset.py	12.01	12.01	MATCH
P15_CR_cosmology/P15_the_desi_dissolution_survives_the_leaf_ruler_but_only_by_moving_the_onset.py	68.5	68.5	MATCH
P15_CR_cosmology/P15_the_desi_dissolution_survives_the_leaf_ruler_but_only_by_moving_the_onset.py	10.7	10.7	MATCH
P15_CR_cosmology/P15_the_onset_bracket_family_is_latent_everywhere_and_was_live_in_one_place.py	301.85	301.85	MATCH
P15_CR_cosmology/P15_the_onset_bracket_family_is_latent_everywhere_and_was_live_in_one_place.py	301.6	301.6	MATCH
P16_cosmogenesis_paper/P16_the_bbn_network_cannot_see_the_arms_equality_so_the_abundances_are_silent_on_it.py	0.2432	0.2432	MATCH
P16_cosmogenesis_paper/P16_the_bbn_network_cannot_see_the_arms_equality_so_the_abundances_are_silent_on_it.py	2.567e-5	2.5670000000000003e-05	MATCH
P16_cosmogenesis_paper/P16_the_bbn_network_cannot_see_the_arms_equality_so_the_abundances_are_silent_on_it.py	1.044e-5	1.0440000000000002e-05	MATCH
P16_cosmogenesis_paper/P16_the_bbn_network_cannot_see_the_arms_equality_so_the_abundances_are_silent_on_it.py	4.461e-10	4.4610000000000004e-10	MATCH
P16_cosmogenesis_paper/P16_the_bbn_network_cannot_see_the_arms_equality_so_the_abundances_are_silent_on_it.py	4.050	4.05	MATCH
P16_cosmogenesis_paper/P16_the_bbn_network_cannot_see_the_arms_equality_so_the_abundances_are_silent_on_it.py	5.309	5.309	MATCH
P16_cosmogenesis_paper/P16_the_bbn_network_cannot_see_the_arms_equality_so_the_abundances_are_silent_on_it.py	12.1	12.1	MATCH
P15_CR_cosmology/P15_the_envelope_turnover_is_stated_on_a_third_equality_and_the_leaf_background_moves_it.py	14.2	14.2	MATCH
P15_CR_cosmology/P15_the_envelope_turnover_is_stated_on_a_third_equality_and_the_leaf_background_moves_it.py	68.60	68.6	MATCH
P15_CR_cosmology/P15_the_envelope_turnover_is_stated_on_a_third_equality_and_the_leaf_background_moves_it.py	0.2973	0.2973	MATCH
P15_CR_cosmology/P15_at_its_own_preferred_H0_the_crossing_arm_predicts_the_acoustic_comb_with_no_fitted_number.py	172.8	172.8	MATCH
P15_CR_cosmology/P15_at_its_own_preferred_H0_the_crossing_arm_predicts_the_acoustic_comb_with_no_fitted_number.py	286.0	286.0	MATCH
P15_CR_cosmology/P15_the_full_range_lensed_comparison_is_the_unfavourable_one_and_the_control_is_nearly_camb.py	1.0666	1.0666	MATCH
P16_cosmogenesis_paper/P16_the_window_is_crossed_twice_and_the_expanding_leg_is_where_the_abundances_are_made.py	0.0818	0.0818	MATCH
P15_CR_cosmology/P15_the_crossing_spectrum_reproduces_on_a_second_instrument_and_the_172_is_the_radiation_free_ruler.py	1320.5	1320.5	MATCH
P15_CR_cosmology/P15_the_crossing_spectrum_reproduces_on_a_second_instrument_and_the_172_is_the_radiation_free_ruler.py	51817.0	51817.0	MATCH
P15_CR_cosmology/P15_the_crossing_spectrum_reproduces_on_a_second_instrument_and_the_172_is_the_radiation_free_ruler.py	1191.0	1191.0	MATCH
P15_CR_cosmology/P15_the_crossing_spectrum_reproduces_on_a_second_instrument_and_the_172_is_the_radiation_free_ruler.py	2.152	2.152	MATCH
P15_CR_cosmology/P15_the_crossing_spectrum_reproduces_on_a_second_instrument_and_the_172_is_the_radiation_free_ruler.py	2.168	2.168	MATCH
P15_CR_cosmology/P15_the_crossing_spectrum_reproduces_on_a_second_instrument_and_the_172_is_the_radiation_free_ruler.py	2.319	2.319	MATCH
P15_CR_cosmology/P15_the_refit_leaves_the_background_where_the_distances_put_it_and_does_not_close_the_phase.py	118.2	118.2	MATCH
P15_CR_cosmology/P15_the_refit_leaves_the_background_where_the_distances_put_it_and_does_not_close_the_phase.py	170.6	170.6	MATCH
P15_CR_cosmology/P15_the_refit_leaves_the_background_where_the_distances_put_it_and_does_not_close_the_phase.py	118.3	118.3	MATCH
P15_CR_cosmology/P15_the_refit_leaves_the_background_where_the_distances_put_it_and_does_not_close_the_phase.py	171.1	171.1	MATCH
P15_CR_cosmology/P15_the_signature_collapses_at_the_adjudicated_ratio_and_the_endpoint_sets_its_sign.py	1.022	1.022	MATCH
P15_CR_cosmology/P15_the_signature_collapses_at_the_adjudicated_ratio_and_the_endpoint_sets_its_sign.py	0.991	0.991	MATCH
P15_CR_cosmology/P15_the_signature_collapses_at_the_adjudicated_ratio_and_the_endpoint_sets_its_sign.py	5.80	5.8	MATCH
P15_CR_cosmology/P15_the_signature_collapses_at_the_adjudicated_ratio_and_the_endpoint_sets_its_sign.py	5.54	5.54	MATCH
P15_CR_cosmology/P15_the_signature_collapses_at_the_adjudicated_ratio_and_the_endpoint_sets_its_sign.py	1.02830	1.0283	MATCH
P15_CR_cosmology/P15_the_low_multipole_floor_moves_with_no_background_and_the_factor_two_is_the_late_isw.py	2.75	2.75	UNRUN
P15_CR_cosmology/P15_the_low_multipole_floor_moves_with_no_background_and_the_factor_two_is_the_late_isw.py	53.5	53.5	UNRUN
P15_CR_cosmology/P15_the_full_range_refit_holds_the_background_and_the_phase_residual_was_quantised.py	185.1	185.1	MATCH
P15_CR_cosmology/P15_the_full_range_refit_holds_the_background_and_the_phase_residual_was_quantised.py	292.5	292.5	MATCH
P15_CR_cosmology/P15_the_full_range_refit_holds_the_background_and_the_phase_residual_was_quantised.py	186.5	186.5	MATCH
P15_CR_cosmology/P15_the_full_range_refit_holds_the_background_and_the_phase_residual_was_quantised.py	292.4	292.4	MATCH
P15_CR_cosmology/P15_three_quarters_of_the_arms_residual_is_the_controls_and_what_is_left_is_position_not_amplitude.py	186.51	186.51	MATCH
P15_CR_cosmology/P15_three_quarters_of_the_arms_residual_is_the_controls_and_what_is_left_is_position_not_amplitude.py	292.42	292.42	MATCH
P15_CR_cosmology/P15_the_monopole_zero_point_is_not_the_channel_and_the_two_residuals_point_opposite_ways.py	1.0401	1.0401	MATCH
P15_CR_cosmology/P15_the_skys_own_fourth_peak_cannot_tell_the_arms_apart_and_the_displacement_is_shared_with_the_control.py	4.56	4.56	MATCH
P15_CR_cosmology/P15_the_skys_own_fourth_peak_cannot_tell_the_arms_apart_and_the_displacement_is_shared_with_the_control.py	11.71	11.71	MATCH
P15_CR_cosmology/P15_the_ladders_discreteness_does_not_set_the_spectrum_and_the_check_was_run_in_pieces.py	2.195\times10^{-16}	2.1949999999999997e-16	MATCH
P15_CR_cosmology/P15_the_ladders_discreteness_does_not_set_the_spectrum_and_the_check_was_run_in_pieces.py	1.205\times10^{-8}	1.205e-08	MATCH
P03_SdS_slicing/P03_the_hubble_eddington_radius_is_the_slices_flat_locus_and_the_bend_takes_whatever_gravitates.py	1.8537	1.8537	MATCH
P03_SdS_slicing/P03_the_hubble_eddington_radius_is_the_slices_flat_locus_and_the_bend_takes_whatever_gravitates.py	6.369	6.369	MATCH
P03_SdS_slicing/P03_the_hubble_eddington_radius_is_the_slices_flat_locus_and_the_bend_takes_whatever_gravitates.py	1.85	1.85	MATCH
P03_SdS_slicing/P03_the_hubble_eddington_radius_is_the_slices_flat_locus_and_the_bend_takes_whatever_gravitates.py	6.37	6.37	MATCH
P15_CR_cosmology/P15_the_leg_contributes_no_tilt_because_a_fixed_phase_handover_is_scale_free_and_a_fixed_time_one_is_a_running.py	0.48353	0.48353	MATCH
P15_CR_cosmology/P15_the_leg_contributes_no_tilt_because_a_fixed_phase_handover_is_scale_free_and_a_fixed_time_one_is_a_running.py	0.41896	0.41896	MATCH
P15_CR_cosmology/P15_the_leg_contributes_no_tilt_because_a_fixed_phase_handover_is_scale_free_and_a_fixed_time_one_is_a_running.py	41.9	41.9	MATCH
P03_SdS_slicing/P03_the_measured_turnaround_radius_sits_below_the_flat_locus_by_the_factor_lcdm_predicts_and_excludes_the_baryon_only_mass.py	1.8537	1.8537	MATCH
P03_SdS_slicing/P03_the_measured_turnaround_radius_sits_below_the_flat_locus_by_the_factor_lcdm_predicts_and_excludes_the_baryon_only_mass.py	6.369	6.369	MATCH
P03_SdS_slicing/P03_the_measured_turnaround_radius_sits_below_the_flat_locus_by_the_factor_lcdm_predicts_and_excludes_the_baryon_only_mass.py	10.5	10.5	MATCH
P03_SdS_slicing/P03_the_third_regime_is_the_boundary_of_admissible_data_and_not_a_behaviour_of_the_lap.py	1.6348\times10^{-2}	0.016348	MATCH
P03_SdS_slicing/P03_the_third_regime_is_the_boundary_of_admissible_data_and_not_a_behaviour_of_the_lap.py	40.7	40.7	MATCH
P03_SdS_slicing/P03_the_third_regime_is_the_boundary_of_admissible_data_and_not_a_behaviour_of_the_lap.py	4.07\times10^{60}	4.0700000000000004e+60	MATCH
P15_CR_cosmology/P15_the_acoustic_contrast_is_not_in_the_source_and_the_projection_makes_it_without_the_distance.py	1.000000	1.0	MATCH
P15_CR_cosmology/P15_the_acoustic_contrast_is_not_in_the_source_and_the_projection_makes_it_without_the_distance.py	0.9996	0.9996	MATCH
P10_canonical_time/P10_the_degeneracy_needs_r_constant_not_the_cosh_so_the_anomaly_is_what_makes_its_own_constant_observable.py	9.06\times10^{-8}	9.06e-08	MATCH
P10_canonical_time/P10_the_degeneracy_needs_r_constant_not_the_cosh_so_the_anomaly_is_what_makes_its_own_constant_observable.py	35.5	35.5	ABSENT
P15_CR_cosmology/P15_a_source_with_no_physics_reproduces_the_contrast_and_the_two_clocks_part_company_at_the_visibility.py	281.7	281.7	ABSENT
P15_CR_cosmology/P15_a_source_with_no_physics_reproduces_the_contrast_and_the_two_clocks_part_company_at_the_visibility.py	486.0	486.0	ABSENT
P10_canonical_time/P10_the_premise_is_not_load_bearing_because_superselection_forbids_coherence_and_not_the_ensemble.py	1.60\times10^{-4}	0.00016	MATCH
P10_canonical_time/P10_no_state_makes_the_curvature_sharp_and_the_obstruction_is_the_anomaly_coefficient_itself.py	-1.00	-1.0	MATCH
P10_canonical_time/P10_no_state_makes_the_curvature_sharp_and_the_obstruction_is_the_anomaly_coefficient_itself.py	-1.00	-1.0	MATCH
P10_canonical_time/P10_the_commutator_bound_survives_the_cubic_because_the_scaling_that_could_cancel_it_carries_no_trace.py	-1.99	-1.99	MATCH
P10_canonical_time/P10_the_commutator_bound_survives_the_cubic_because_the_scaling_that_could_cancel_it_carries_no_trace.py	-2.00	-2.0	MATCH
P10_canonical_time/P10_the_commutator_bound_survives_the_cubic_because_the_scaling_that_could_cancel_it_carries_no_trace.py	1.56\times10^{-6}	1.5599999999999999e-06	SOURCE-ONLY
P10_canonical_time/P10_the_commutator_bound_survives_the_cubic_because_the_scaling_that_could_cancel_it_carries_no_trace.py	-1.01	-1.01	ABSENT
P10_canonical_time/P10_the_commutator_bound_survives_the_cubic_because_the_scaling_that_could_cancel_it_carries_no_trace.py	-1.02	-1.02	ABSENT
P10_canonical_time/P10_the_second_logarithm_holes_the_mechanism_and_not_the_conclusion_because_the_leading_log_is_unpartnered.py	11.2	11.2	ABSENT
P10_canonical_time/P10_the_second_logarithm_line_closes_because_the_interaction_cannot_reach_the_anomalys_own_power_of_a.py	-2.999992	-2.999992	MATCH
P10_canonical_time/P10_the_second_logarithm_line_closes_because_the_interaction_cannot_reach_the_anomalys_own_power_of_a.py	-1.000000	-1.0	MATCH
P10_canonical_time/P10_the_second_logarithm_line_closes_because_the_interaction_cannot_reach_the_anomalys_own_power_of_a.py	11.2	11.2	ABSENT
P10_canonical_time/P10_the_tower_limit_closes_at_first_order_and_the_wall_moves_into_a_boundary_condition_at_second.py	-0.7511	-0.7511	MATCH
P10_canonical_time/P10_the_field_squared_is_already_in_the_trace_at_quadratic_order_and_the_degenerate_point_is_representational.py	-0.50000	-0.5	MATCH
P10_canonical_time/P10_the_operator_is_an_inverted_quartic_so_the_deficiency_is_two_two_and_the_measure_closes_it_anyway.py	-0.9985	-0.9985	MATCH
P10_canonical_time/P10_the_operator_is_an_inverted_quartic_so_the_deficiency_is_two_two_and_the_measure_closes_it_anyway.py	-0.9985	-0.9985	MATCH
P15_CR_cosmology/P15_the_windows_phase_spread_is_nearly_equal_because_the_visibility_widens_as_the_leaf_clock_slows.py	0.06523	0.06523	MATCH
P15_CR_cosmology/P15_the_windows_phase_spread_is_nearly_equal_because_the_visibility_widens_as_the_leaf_clock_slows.py	0.06424	0.06424	MATCH
P15_CR_cosmology/P15_the_windows_phase_spread_is_nearly_equal_because_the_visibility_widens_as_the_leaf_clock_slows.py	14.6	14.6	MATCH
P15_CR_cosmology/P15_the_windows_phase_spread_is_nearly_equal_because_the_visibility_widens_as_the_leaf_clock_slows.py	13.7	13.7	MATCH
P15_CR_cosmology/P15_the_windows_phase_spread_is_nearly_equal_because_the_visibility_widens_as_the_leaf_clock_slows.py	0.789	0.789	MATCH
P15_CR_cosmology/P15_the_windows_phase_spread_is_nearly_equal_because_the_visibility_widens_as_the_leaf_clock_slows.py	0.913	0.913	MATCH
P15_CR_cosmology/P15_the_windows_phase_spread_is_nearly_equal_because_the_visibility_widens_as_the_leaf_clock_slows.py	0.9890	0.989	MATCH
P15_CR_cosmology/P15_the_windows_phase_spread_is_nearly_equal_because_the_visibility_widens_as_the_leaf_clock_slows.py	1.00078	1.00078	MATCH
P15_CR_cosmology/P15_the_windows_phase_spread_is_nearly_equal_because_the_visibility_widens_as_the_leaf_clock_slows.py	1.0215	1.0215	MATCH
P15_CR_cosmology/P15_the_windows_phase_spread_is_nearly_equal_because_the_visibility_widens_as_the_leaf_clock_slows.py	0.223	0.223	MATCH
P15_CR_cosmology/P15_the_windows_phase_spread_is_nearly_equal_because_the_visibility_widens_as_the_leaf_clock_slows.py	1.0400	1.04	MATCH
P15_CR_cosmology/P15_the_windows_phase_spread_is_nearly_equal_because_the_visibility_widens_as_the_leaf_clock_slows.py	0.656	0.656	MATCH
P15_CR_cosmology/P15_the_windows_phase_spread_is_nearly_equal_because_the_visibility_widens_as_the_leaf_clock_slows.py	0.238	0.238	MATCH
P15_CR_cosmology/P15_the_windows_phase_spread_is_nearly_equal_because_the_visibility_widens_as_the_leaf_clock_slows.py	27.3	27.3	MATCH
P15_CR_cosmology/P15_the_windows_phase_spread_is_nearly_equal_because_the_visibility_widens_as_the_leaf_clock_slows.py	18.5	18.5	MATCH
P15_CR_cosmology/P15_the_term_mix_has_the_shape_the_offset_needs_and_over_delivers_its_size.py	1.0184	1.0184	MATCH
P15_CR_cosmology/P15_the_term_mix_has_the_shape_the_offset_needs_and_over_delivers_its_size.py	12.44	12.44	MATCH
P15_CR_cosmology/P15_the_term_mix_has_the_shape_the_offset_needs_and_over_delivers_its_size.py	1.96	1.96	MATCH
P15_CR_cosmology/P15_the_term_mix_has_the_shape_the_offset_needs_and_over_delivers_its_size.py	1.96	1.96	MATCH
P15_CR_cosmology/P15_the_term_mix_has_the_shape_the_offset_needs_and_over_delivers_its_size.py	-5.28	-5.28	MATCH
P15_CR_cosmology/P15_the_term_mix_has_the_shape_the_offset_needs_and_over_delivers_its_size.py	1.95	1.95	MATCH
P15_CR_cosmology/P15_the_term_mix_has_the_shape_the_offset_needs_and_over_delivers_its_size.py	2.20	2.2	MATCH
P15_CR_cosmology/P15_the_term_mix_has_the_shape_the_offset_needs_and_over_delivers_its_size.py	1.96	1.96	MATCH
P15_CR_cosmology/P15_the_term_mix_has_the_shape_the_offset_needs_and_over_delivers_its_size.py	0.860	0.86	MATCH
P15_CR_cosmology/P15_the_term_mix_has_the_shape_the_offset_needs_and_over_delivers_its_size.py	0.897	0.897	MATCH
P15_CR_cosmology/P15_the_term_mix_has_the_shape_the_offset_needs_and_over_delivers_its_size.py	1.0805	1.0805	MATCH
P15_CR_cosmology/P15_the_term_mix_has_the_shape_the_offset_needs_and_over_delivers_its_size.py	2.23	2.23	MATCH
P15_CR_cosmology/P15_the_term_mix_has_the_shape_the_offset_needs_and_over_delivers_its_size.py	2.21	2.21	MATCH
P15_CR_cosmology/P15_the_term_mix_has_the_shape_the_offset_needs_and_over_delivers_its_size.py	1.10	1.1	MATCH
P15_CR_cosmology/P15_the_term_mix_has_the_shape_the_offset_needs_and_over_delivers_its_size.py	2.77	2.77	MATCH
P15_CR_cosmology/P15_the_term_mix_has_the_shape_the_offset_needs_and_over_delivers_its_size.py	1.58	1.58	MATCH
P15_CR_cosmology/P15_the_term_mix_has_the_shape_the_offset_needs_and_over_delivers_its_size.py	-1.04	-1.04	MATCH
P15_CR_cosmology/P15_the_term_mix_has_the_shape_the_offset_needs_and_over_delivers_its_size.py	-1.79	-1.79	MATCH
P15_CR_cosmology/P15_the_term_mix_has_the_shape_the_offset_needs_and_over_delivers_its_size.py	1.61	1.61	MATCH
P15_CR_cosmology/P15_the_term_mix_has_the_shape_the_offset_needs_and_over_delivers_its_size.py	1.72	1.72	MATCH
P15_CR_cosmology/P15_the_term_mix_has_the_shape_the_offset_needs_and_over_delivers_its_size.py	2.23	2.23	MATCH
P15_CR_cosmology/P15_the_term_mix_has_the_shape_the_offset_needs_and_over_delivers_its_size.py	2.23	2.23	MATCH
P15_CR_cosmology/P15_the_two_channels_compose_multiplicatively_and_the_pair_is_flat_where_the_excess_grows.py	1.100877765e-4	0.00011008777649999999	MATCH
P15_CR_cosmology/P15_the_two_channels_compose_multiplicatively_and_the_pair_is_flat_where_the_excess_grows.py	145.3465211	145.3465211	MATCH
P15_CR_cosmology/P15_the_two_channels_compose_multiplicatively_and_the_pair_is_flat_where_the_excess_grows.py	0.8794	0.8794	MATCH
P15_CR_cosmology/P15_the_two_channels_compose_multiplicatively_and_the_pair_is_flat_where_the_excess_grows.py	0.971	0.971	MATCH
P15_CR_cosmology/P15_the_two_channels_compose_multiplicatively_and_the_pair_is_flat_where_the_excess_grows.py	0.985	0.985	MATCH
P15_CR_cosmology/P15_the_two_channels_compose_multiplicatively_and_the_pair_is_flat_where_the_excess_grows.py	2.83	2.83	MATCH
P15_CR_cosmology/P15_the_two_channels_compose_multiplicatively_and_the_pair_is_flat_where_the_excess_grows.py	2.80	2.8	MATCH
P15_CR_cosmology/P15_the_two_channels_compose_multiplicatively_and_the_pair_is_flat_where_the_excess_grows.py	1.79	1.79	MATCH
P15_CR_cosmology/P15_the_two_channels_compose_multiplicatively_and_the_pair_is_flat_where_the_excess_grows.py	1.41	1.41	MATCH
P15_CR_cosmology/P15_the_two_channels_compose_multiplicatively_and_the_pair_is_flat_where_the_excess_grows.py	1.0993	1.0993	MATCH
P15_CR_cosmology/P15_the_two_channels_compose_multiplicatively_and_the_pair_is_flat_where_the_excess_grows.py	1.1035	1.1035	MATCH
P15_CR_cosmology/P15_the_two_channels_compose_multiplicatively_and_the_pair_is_flat_where_the_excess_grows.py	1.1019	1.1019	MATCH
P15_CR_cosmology/P15_the_two_channels_compose_multiplicatively_and_the_pair_is_flat_where_the_excess_grows.py	1.0839	1.0839	MATCH
P15_CR_cosmology/P15_the_two_channels_compose_multiplicatively_and_the_pair_is_flat_where_the_excess_grows.py	0.0154	0.0154	MATCH
P15_CR_cosmology/P15_the_two_channels_compose_multiplicatively_and_the_pair_is_flat_where_the_excess_grows.py	0.442	0.442	MATCH
P15_CR_cosmology/P15_the_two_channels_compose_multiplicatively_and_the_pair_is_flat_where_the_excess_grows.py	1.72	1.72	MATCH
P15_CR_cosmology/P15_the_two_channels_compose_multiplicatively_and_the_pair_is_flat_where_the_excess_grows.py	1.70	1.7	MATCH
P15_CR_cosmology/P15_the_two_channels_compose_multiplicatively_and_the_pair_is_flat_where_the_excess_grows.py	3.87	3.87	MATCH
P15_CR_cosmology/P15_the_two_channels_compose_multiplicatively_and_the_pair_is_flat_where_the_excess_grows.py	1.38	1.38	MATCH
P15_CR_cosmology/P15_the_excess_decelerates_and_nothing_measured_in_this_arm_carries_its_wavenumber_dependence.py	1.49	1.49	MATCH
P15_CR_cosmology/P15_the_excess_decelerates_and_nothing_measured_in_this_arm_carries_its_wavenumber_dependence.py	4.66	4.66	MATCH
P15_CR_cosmology/P15_the_excess_decelerates_and_nothing_measured_in_this_arm_carries_its_wavenumber_dependence.py	3.42	3.42	MATCH
P15_CR_cosmology/P15_the_excess_decelerates_and_nothing_measured_in_this_arm_carries_its_wavenumber_dependence.py	10.4	10.4	MATCH
P15_CR_cosmology/P15_the_excess_decelerates_and_nothing_measured_in_this_arm_carries_its_wavenumber_dependence.py	2.03	2.03	MATCH
P15_CR_cosmology/P15_the_excess_decelerates_and_nothing_measured_in_this_arm_carries_its_wavenumber_dependence.py	3.55	3.55	MATCH
P15_CR_cosmology/P15_the_excess_decelerates_and_nothing_measured_in_this_arm_carries_its_wavenumber_dependence.py	1.00	1.0	MATCH
P15_CR_cosmology/P15_the_excess_decelerates_and_nothing_measured_in_this_arm_carries_its_wavenumber_dependence.py	1.08	1.08	MATCH
P15_CR_cosmology/P15_the_excess_decelerates_and_nothing_measured_in_this_arm_carries_its_wavenumber_dependence.py	1.53	1.53	MATCH
P15_CR_cosmology/P15_the_excess_decelerates_and_nothing_measured_in_this_arm_carries_its_wavenumber_dependence.py	1.27	1.27	MATCH
P15_CR_cosmology/P15_the_two_readings_are_different_quantities_and_the_projection_width_is_the_unmeasured_one.py	2.06	2.06	MATCH
P15_CR_cosmology/P15_the_two_readings_are_different_quantities_and_the_projection_width_is_the_unmeasured_one.py	-11.58	-11.58	MATCH
P15_CR_cosmology/P15_the_two_readings_are_different_quantities_and_the_projection_width_is_the_unmeasured_one.py	0.0166	0.0166	MATCH
P15_CR_cosmology/P15_the_two_readings_are_different_quantities_and_the_projection_width_is_the_unmeasured_one.py	3.55	3.55	MATCH
P15_CR_cosmology/P15_the_two_readings_are_different_quantities_and_the_projection_width_is_the_unmeasured_one.py	1.47	1.47	MATCH
P15_CR_cosmology/P15_the_two_projection_widths_differ_by_the_jacobian_alone_and_the_channel_that_opens_is_a_quarter_of_the_excess.py	14.5	14.5	MATCH
P15_CR_cosmology/P15_the_two_projection_widths_differ_by_the_jacobian_alone_and_the_channel_that_opens_is_a_quarter_of_the_excess.py	1.1484	1.1484	MATCH
P15_CR_cosmology/P15_the_two_projection_widths_differ_by_the_jacobian_alone_and_the_channel_that_opens_is_a_quarter_of_the_excess.py	1.1446	1.1446	MATCH
P15_CR_cosmology/P15_the_two_projection_widths_differ_by_the_jacobian_alone_and_the_channel_that_opens_is_a_quarter_of_the_excess.py	1.135	1.135	MATCH
P15_CR_cosmology/P15_the_two_projection_widths_differ_by_the_jacobian_alone_and_the_channel_that_opens_is_a_quarter_of_the_excess.py	0.0196	0.0196	MATCH
P15_CR_cosmology/P15_the_two_projection_widths_differ_by_the_jacobian_alone_and_the_channel_that_opens_is_a_quarter_of_the_excess.py	-0.00327	-0.00327	MATCH
P15_CR_cosmology/P15_the_two_projection_widths_differ_by_the_jacobian_alone_and_the_channel_that_opens_is_a_quarter_of_the_excess.py	1.96	1.96	MATCH
P15_CR_cosmology/P15_the_two_projection_widths_differ_by_the_jacobian_alone_and_the_channel_that_opens_is_a_quarter_of_the_excess.py	7.62	7.62	MATCH
P15_CR_cosmology/P15_the_two_projection_widths_differ_by_the_jacobian_alone_and_the_channel_that_opens_is_a_quarter_of_the_excess.py	0.297	0.297	MATCH
P15_CR_cosmology/P15_the_two_projection_widths_differ_by_the_jacobian_alone_and_the_channel_that_opens_is_a_quarter_of_the_excess.py	8.93	8.93	MATCH
P15_CR_cosmology/P15_the_held_period_estimator_reaches_below_the_floor_and_the_tooth_that_would_decide_cannot_be_applied.py	1.9636	1.9636	MATCH
P15_CR_cosmology/P15_the_held_period_estimator_reaches_below_the_floor_and_the_tooth_that_would_decide_cannot_be_applied.py	1.9909	1.9909	MATCH
P15_CR_cosmology/P15_the_held_period_estimator_reaches_below_the_floor_and_the_tooth_that_would_decide_cannot_be_applied.py	1.4987	1.4987	MATCH
P15_CR_cosmology/P15_the_held_period_estimator_reaches_below_the_floor_and_the_tooth_that_would_decide_cannot_be_applied.py	1.4911	1.4911	ABSENT
P15_CR_cosmology/P15_the_held_period_estimator_reaches_below_the_floor_and_the_tooth_that_would_decide_cannot_be_applied.py	11.6	11.6	MATCH
P15_CR_cosmology/P15_the_held_period_estimator_reaches_below_the_floor_and_the_tooth_that_would_decide_cannot_be_applied.py	2.00	2.0	MATCH
P15_CR_cosmology/P15_the_held_period_estimator_reaches_below_the_floor_and_the_tooth_that_would_decide_cannot_be_applied.py	1.90	1.9	MATCH
P15_CR_cosmology/P15_the_held_period_estimator_reaches_below_the_floor_and_the_tooth_that_would_decide_cannot_be_applied.py	0.0144	0.0144	MATCH
P15_CR_cosmology/P15_the_held_period_estimator_reaches_below_the_floor_and_the_tooth_that_would_decide_cannot_be_applied.py	2.99	2.99	MATCH
P15_CR_cosmology/P15_the_held_period_estimator_reaches_below_the_floor_and_the_tooth_that_would_decide_cannot_be_applied.py	1.33	1.33	MATCH
P15_CR_cosmology/P15_the_held_period_estimator_reaches_below_the_floor_and_the_tooth_that_would_decide_cannot_be_applied.py	1.20	1.2	MATCH
P15_CR_cosmology/P15_the_held_period_estimator_reaches_below_the_floor_and_the_tooth_that_would_decide_cannot_be_applied.py	0.5665	0.5665	MATCH
P15_CR_cosmology/P15_the_held_period_estimator_reaches_below_the_floor_and_the_tooth_that_would_decide_cannot_be_applied.py	301.41	301.41	MATCH
P15_CR_cosmology/P15_the_held_period_estimator_reaches_below_the_floor_and_the_tooth_that_would_decide_cannot_be_applied.py	301.80	301.8	MATCH
P15_CR_cosmology/P15_the_held_period_estimator_reaches_below_the_floor_and_the_tooth_that_would_decide_cannot_be_applied.py	170.76	170.76	MATCH
P15_CR_cosmology/P15_the_held_period_estimator_reaches_below_the_floor_and_the_tooth_that_would_decide_cannot_be_applied.py	0.8744	0.8744	MATCH
P15_CR_cosmology/P15_the_held_period_estimator_reaches_below_the_floor_and_the_tooth_that_would_decide_cannot_be_applied.py	13.5	13.5	MATCH
P15_CR_cosmology/P15_the_lowest_band_is_closed_by_the_fields_and_the_excess_deceleration_is_carried_by_it_alone.py	0.996	0.996	MATCH
P15_CR_cosmology/P15_the_lowest_band_is_closed_by_the_fields_and_the_excess_deceleration_is_carried_by_it_alone.py	1.915	1.915	MATCH
P15_CR_cosmology/P15_the_lowest_band_is_closed_by_the_fields_and_the_excess_deceleration_is_carried_by_it_alone.py	2.912	2.912	MATCH
P15_CR_cosmology/P15_the_lowest_band_is_closed_by_the_fields_and_the_excess_deceleration_is_carried_by_it_alone.py	1.455	1.455	MATCH
P15_CR_cosmology/P15_the_lowest_band_is_closed_by_the_fields_and_the_excess_deceleration_is_carried_by_it_alone.py	0.962	0.962	MATCH
P15_CR_cosmology/P15_the_lowest_band_is_closed_by_the_fields_and_the_excess_deceleration_is_carried_by_it_alone.py	1.55	1.55	MATCH
P15_CR_cosmology/P15_the_lowest_band_is_closed_by_the_fields_and_the_excess_deceleration_is_carried_by_it_alone.py	1.90	1.9	MATCH
P15_CR_cosmology/P15_the_lowest_band_is_closed_by_the_fields_and_the_excess_deceleration_is_carried_by_it_alone.py	1.20	1.2	MATCH
P15_CR_cosmology/P15_the_lowest_band_is_closed_by_the_fields_and_the_excess_deceleration_is_carried_by_it_alone.py	-0.00377	-0.00377	MATCH
P15_CR_cosmology/P15_the_lowest_band_is_closed_by_the_fields_and_the_excess_deceleration_is_carried_by_it_alone.py	-0.00291	-0.00291	MATCH
P15_CR_cosmology/P15_the_lowest_band_is_closed_by_the_fields_and_the_excess_deceleration_is_carried_by_it_alone.py	0.0201	0.0201	MATCH
P15_CR_cosmology/P15_the_lowest_band_is_closed_by_the_fields_and_the_excess_deceleration_is_carried_by_it_alone.py	0.0240	0.024	MATCH
P15_CR_cosmology/P15_the_lowest_band_is_closed_by_the_fields_and_the_excess_deceleration_is_carried_by_it_alone.py	-0.00121	-0.00121	MATCH
P15_CR_cosmology/P15_the_lowest_band_is_closed_by_the_fields_and_the_excess_deceleration_is_carried_by_it_alone.py	0.00504	0.00504	MATCH
P10_canonical_time/P10_second_order_is_an_order_the_construction_does_not_reach_and_the_one_new_direction_carries_no_new_convention.py	9.63\times10^{-123}	9.630000000000001e-123	MATCH
P10_canonical_time/P10_second_order_is_an_order_the_construction_does_not_reach_and_the_one_new_direction_carries_no_new_convention.py	9.27\times10^{-245}	9.27e-245	MATCH
P15_CR_cosmology/P15_the_coupling_is_measured_and_negative_and_the_contribution_is_undetermined_because_its_input_is.py	0.8794	0.8794	MATCH
P15_CR_cosmology/P15_the_coupling_is_measured_and_negative_and_the_contribution_is_undetermined_because_its_input_is.py	4.30	4.3	MATCH
P15_CR_cosmology/P15_the_coupling_is_measured_and_negative_and_the_contribution_is_undetermined_because_its_input_is.py	0.108	0.108	MATCH
P15_CR_cosmology/P15_the_bank_already_existed_and_the_doppler_carries_a_growing_minority_of_the_excess.py	1.90	1.9	MATCH
P15_CR_cosmology/P15_the_bank_already_existed_and_the_doppler_carries_a_growing_minority_of_the_excess.py	0.0645	0.0645	MATCH
P10_canonical_time/P10_the_interacting_state_supplies_the_second_order_datum_and_the_rank_is_an_equality_at_this_level.py	3.63	3.63	MATCH
P10_canonical_time/P10_the_interacting_state_supplies_the_second_order_datum_and_the_rank_is_an_equality_at_this_level.py	3.79	3.79	MATCH
P10_canonical_time/P10_the_interacting_state_supplies_the_second_order_datum_and_the_rank_is_an_equality_at_this_level.py	0.4906	0.4906	MATCH
P10_canonical_time/P10_the_interacting_state_supplies_the_second_order_datum_and_the_rank_is_an_equality_at_this_level.py	0.4900	0.49	MATCH
P15_CR_cosmology/P15_the_step_is_the_excesss_own_and_it_sits_at_the_second_acoustic_peak_and_none_of_the_four_produces_it.py	0.333	0.333	MATCH
P15_CR_cosmology/P15_the_step_is_the_excesss_own_and_it_sits_at_the_second_acoustic_peak_and_none_of_the_four_produces_it.py	0.391	0.391	MATCH
P15_CR_cosmology/P15_the_step_is_the_excesss_own_and_it_sits_at_the_second_acoustic_peak_and_none_of_the_four_produces_it.py	0.633	0.633	MATCH
P15_CR_cosmology/P15_the_step_is_the_excesss_own_and_it_sits_at_the_second_acoustic_peak_and_none_of_the_four_produces_it.py	0.0654	0.0654	MATCH
P15_CR_cosmology/P15_the_step_is_the_excesss_own_and_it_sits_at_the_second_acoustic_peak_and_none_of_the_four_produces_it.py	1.15	1.15	MATCH
P15_CR_cosmology/P15_the_step_is_the_excesss_own_and_it_sits_at_the_second_acoustic_peak_and_none_of_the_four_produces_it.py	0.0215	0.0215	MATCH
P15_CR_cosmology/P15_the_step_is_the_excesss_own_and_it_sits_at_the_second_acoustic_peak_and_none_of_the_four_produces_it.py	0.0361	0.0361	MATCH
P15_CR_cosmology/P15_the_step_is_the_excesss_own_and_it_sits_at_the_second_acoustic_peak_and_none_of_the_four_produces_it.py	1.789	1.789	MATCH
P15_CR_cosmology/P15_the_step_is_the_excesss_own_and_it_sits_at_the_second_acoustic_peak_and_none_of_the_four_produces_it.py	1.788	1.788	MATCH
P15_CR_cosmology/P15_the_step_is_the_excesss_own_and_it_sits_at_the_second_acoustic_peak_and_none_of_the_four_produces_it.py	1.805	1.805	MATCH
P15_CR_cosmology/P15_the_step_is_the_excesss_own_and_it_sits_at_the_second_acoustic_peak_and_none_of_the_four_produces_it.py	1.794	1.794	MATCH
P15_CR_cosmology/P15_the_step_is_the_excesss_own_and_it_sits_at_the_second_acoustic_peak_and_none_of_the_four_produces_it.py	1.7775	1.7775	MATCH
P15_CR_cosmology/P15_the_step_is_the_excesss_own_and_it_sits_at_the_second_acoustic_peak_and_none_of_the_four_produces_it.py	1.7760	1.776	MATCH
P15_CR_cosmology/P15_the_step_is_the_excesss_own_and_it_sits_at_the_second_acoustic_peak_and_none_of_the_four_produces_it.py	1.915	1.915	MATCH
P15_CR_cosmology/P15_the_window_free_reading_cannot_resolve_the_first_cycle_the_flatness_was_a_trend_and_nine_tenths_of_the_step_is_common_to_both_arms.py	1.363	1.363	MATCH
P15_CR_cosmology/P15_the_window_free_reading_cannot_resolve_the_first_cycle_the_flatness_was_a_trend_and_nine_tenths_of_the_step_is_common_to_both_arms.py	1.794	1.794	MATCH
P15_CR_cosmology/P15_the_window_free_reading_cannot_resolve_the_first_cycle_the_flatness_was_a_trend_and_nine_tenths_of_the_step_is_common_to_both_arms.py	1.60	1.6	MATCH
P15_CR_cosmology/P15_the_window_free_reading_cannot_resolve_the_first_cycle_the_flatness_was_a_trend_and_nine_tenths_of_the_step_is_common_to_both_arms.py	0.0245	0.0245	MATCH
P15_CR_cosmology/P15_the_window_free_reading_cannot_resolve_the_first_cycle_the_flatness_was_a_trend_and_nine_tenths_of_the_step_is_common_to_both_arms.py	0.0215	0.0215	MATCH
P15_CR_cosmology/P15_the_window_free_reading_cannot_resolve_the_first_cycle_the_flatness_was_a_trend_and_nine_tenths_of_the_step_is_common_to_both_arms.py	0.333	0.333	MATCH
P15_CR_cosmology/P15_the_window_free_reading_cannot_resolve_the_first_cycle_the_flatness_was_a_trend_and_nine_tenths_of_the_step_is_common_to_both_arms.py	0.391	0.391	MATCH
P15_CR_cosmology/P15_the_window_free_reading_cannot_resolve_the_first_cycle_the_flatness_was_a_trend_and_nine_tenths_of_the_step_is_common_to_both_arms.py	0.633	0.633	MATCH
P15_CR_cosmology/P15_the_window_free_reading_cannot_resolve_the_first_cycle_the_flatness_was_a_trend_and_nine_tenths_of_the_step_is_common_to_both_arms.py	0.338	0.338	MATCH
P15_CR_cosmology/P15_the_step_survives_a_differential_estimator_and_no_single_bilinear_term_carries_the_shared_step_though_the_doppler_leads_it.py	-0.374	-0.374	MATCH
P15_CR_cosmology/P15_the_step_survives_a_differential_estimator_and_no_single_bilinear_term_carries_the_shared_step_though_the_doppler_leads_it.py	-0.387	-0.387	MATCH
P15_CR_cosmology/P15_the_step_survives_a_differential_estimator_and_no_single_bilinear_term_carries_the_shared_step_though_the_doppler_leads_it.py	-0.382	-0.382	MATCH
P15_CR_cosmology/P15_the_step_survives_a_differential_estimator_and_no_single_bilinear_term_carries_the_shared_step_though_the_doppler_leads_it.py	-0.383	-0.383	MATCH
P15_CR_cosmology/P15_the_step_survives_a_differential_estimator_and_no_single_bilinear_term_carries_the_shared_step_though_the_doppler_leads_it.py	5.59	5.59	MATCH
P15_CR_cosmology/P15_the_step_survives_a_differential_estimator_and_no_single_bilinear_term_carries_the_shared_step_though_the_doppler_leads_it.py	3.80	3.8	MATCH
P15_CR_cosmology/P15_the_step_survives_a_differential_estimator_and_no_single_bilinear_term_carries_the_shared_step_though_the_doppler_leads_it.py	1.23	1.23	MATCH
P15_CR_cosmology/P15_the_step_survives_a_differential_estimator_and_no_single_bilinear_term_carries_the_shared_step_though_the_doppler_leads_it.py	-0.0323	-0.0323	MATCH
P15_CR_cosmology/P15_the_step_survives_a_differential_estimator_and_no_single_bilinear_term_carries_the_shared_step_though_the_doppler_leads_it.py	-0.601	-0.601	MATCH
P15_CR_cosmology/P15_the_step_survives_a_differential_estimator_and_no_single_bilinear_term_carries_the_shared_step_though_the_doppler_leads_it.py	-0.100	-0.1	MATCH
P15_CR_cosmology/P15_the_surviving_step_is_amplitude_and_not_phase_and_the_candidate_shares_do_not_survive_the_change_of_denominator.py	-0.227	-0.227	MATCH
P15_CR_cosmology/P15_the_surviving_step_is_amplitude_and_not_phase_and_the_candidate_shares_do_not_survive_the_change_of_denominator.py	-0.260	-0.26	MATCH
P15_CR_cosmology/P15_the_surviving_step_is_amplitude_and_not_phase_and_the_candidate_shares_do_not_survive_the_change_of_denominator.py	-0.204	-0.204	MATCH
P15_CR_cosmology/P15_the_surviving_step_is_amplitude_and_not_phase_and_the_candidate_shares_do_not_survive_the_change_of_denominator.py	-0.236	-0.236	MATCH
P15_CR_cosmology/P15_the_surviving_step_is_amplitude_and_not_phase_and_the_candidate_shares_do_not_survive_the_change_of_denominator.py	0.958	0.958	MATCH
P15_CR_cosmology/P15_the_surviving_step_is_amplitude_and_not_phase_and_the_candidate_shares_do_not_survive_the_change_of_denominator.py	0.284	0.284	MATCH
P15_CR_cosmology/P15_the_surviving_step_is_amplitude_and_not_phase_and_the_candidate_shares_do_not_survive_the_change_of_denominator.py	3.54	3.54	MATCH
P15_CR_cosmology/P15_the_surviving_step_is_amplitude_and_not_phase_and_the_candidate_shares_do_not_survive_the_change_of_denominator.py	0.0554	0.0554	MATCH
P15_CR_cosmology/P15_the_surviving_step_is_amplitude_and_not_phase_and_the_candidate_shares_do_not_survive_the_change_of_denominator.py	1.00	1.0	MATCH
P15_CR_cosmology/P15_the_surviving_step_is_amplitude_and_not_phase_and_the_candidate_shares_do_not_survive_the_change_of_denominator.py	1.05	1.05	MATCH
P15_CR_cosmology/P15_the_surviving_step_is_amplitude_and_not_phase_and_the_candidate_shares_do_not_survive_the_change_of_denominator.py	1.32	1.32	MATCH
P15_CR_cosmology/P15_the_surviving_step_is_amplitude_and_not_phase_and_the_candidate_shares_do_not_survive_the_change_of_denominator.py	1.03	1.03	MATCH
P15_CR_cosmology/P15_the_surviving_step_is_amplitude_and_not_phase_and_the_candidate_shares_do_not_survive_the_change_of_denominator.py	1.19	1.19	MATCH
P15_CR_cosmology/P15_no_statistic_this_construction_can_build_resolves_the_two_channels_and_the_phase_step_dies_on_a_matched_width_control.py	6.45	6.45	MATCH
P15_CR_cosmology/P15_no_statistic_this_construction_can_build_resolves_the_two_channels_and_the_phase_step_dies_on_a_matched_width_control.py	2.12	2.12	MATCH
P15_CR_cosmology/P15_no_statistic_this_construction_can_build_resolves_the_two_channels_and_the_phase_step_dies_on_a_matched_width_control.py	2.06	2.06	MATCH
P15_CR_cosmology/P15_no_statistic_this_construction_can_build_resolves_the_two_channels_and_the_phase_step_dies_on_a_matched_width_control.py	0.007368	0.007368	MATCH
P15_CR_cosmology/P15_no_statistic_this_construction_can_build_resolves_the_two_channels_and_the_phase_step_dies_on_a_matched_width_control.py	0.000974	0.000974	MATCH
P15_CR_cosmology/P15_no_statistic_this_construction_can_build_resolves_the_two_channels_and_the_phase_step_dies_on_a_matched_width_control.py	0.007541	0.007541	MATCH
P15_CR_cosmology/P15_no_statistic_this_construction_can_build_resolves_the_two_channels_and_the_phase_step_dies_on_a_matched_width_control.py	-0.002440	-0.00244	MATCH
P15_CR_cosmology/P15_no_statistic_this_construction_can_build_resolves_the_two_channels_and_the_phase_step_dies_on_a_matched_width_control.py	5.03	5.03	MATCH
P15_CR_cosmology/P15_no_statistic_this_construction_can_build_resolves_the_two_channels_and_the_phase_step_dies_on_a_matched_width_control.py	1.52	1.52	MATCH
P15_CR_cosmology/P15_no_statistic_this_construction_can_build_resolves_the_two_channels_and_the_phase_step_dies_on_a_matched_width_control.py	5.03	5.03	MATCH
P15_CR_cosmology/P15_no_statistic_this_construction_can_build_resolves_the_two_channels_and_the_phase_step_dies_on_a_matched_width_control.py	4.16	4.16	MATCH
P15_CR_cosmology/P15_no_statistic_this_construction_can_build_resolves_the_two_channels_and_the_phase_step_dies_on_a_matched_width_control.py	4.98	4.98	MATCH
P15_CR_cosmology/P15_the_likelihood_sees_the_step_and_separates_the_two_channels_so_the_demonstration_does_not_cover_it.py	0.0298	0.0298	MATCH
P15_CR_cosmology/P15_the_likelihood_sees_the_step_and_separates_the_two_channels_so_the_demonstration_does_not_cover_it.py	36.4	36.4	MATCH
P15_CR_cosmology/P15_the_likelihood_sees_the_step_and_separates_the_two_channels_so_the_demonstration_does_not_cover_it.py	-0.311	-0.311	MATCH
P15_CR_cosmology/P15_the_likelihood_sees_the_step_and_separates_the_two_channels_so_the_demonstration_does_not_cover_it.py	-0.489	-0.489	MATCH
P15_CR_cosmology/P15_the_likelihood_sees_the_step_and_separates_the_two_channels_so_the_demonstration_does_not_cover_it.py	25.1	25.1	MATCH
P15_CR_cosmology/P15_the_band_one_departure_is_not_in_the_likelihoods_excess_and_all_three_channels_match_it_in_separating_power.py	-0.311	-0.311	MATCH
P15_CR_cosmology/P15_the_band_one_departure_is_not_in_the_likelihoods_excess_and_all_three_channels_match_it_in_separating_power.py	-0.489	-0.489	MATCH
P15_CR_cosmology/P15_the_band_one_departure_is_not_in_the_likelihoods_excess_and_all_three_channels_match_it_in_separating_power.py	-0.448	-0.448	MATCH
P15_CR_cosmology/P15_the_band_one_departure_is_not_in_the_likelihoods_excess_and_all_three_channels_match_it_in_separating_power.py	-0.584	-0.584	MATCH
P15_CR_cosmology/P15_the_band_one_departure_is_not_in_the_likelihoods_excess_and_all_three_channels_match_it_in_separating_power.py	1.31	1.31	MATCH
P15_CR_cosmology/P15_the_band_one_departure_is_not_in_the_likelihoods_excess_and_all_three_channels_match_it_in_separating_power.py	-0.244	-0.244	MATCH
P15_CR_cosmology/P15_the_band_one_departure_is_not_in_the_likelihoods_excess_and_all_three_channels_match_it_in_separating_power.py	-0.459	-0.459	MATCH
P15_CR_cosmology/P15_the_band_one_departure_is_not_in_the_likelihoods_excess_and_all_three_channels_match_it_in_separating_power.py	-0.100	-0.1	MATCH
P15_CR_cosmology/P15_the_band_one_departure_is_not_in_the_likelihoods_excess_and_all_three_channels_match_it_in_separating_power.py	-0.343	-0.343	MATCH
P15_CR_cosmology/P15_the_term_mix_is_the_first_channel_to_produce_cost_where_the_arm_is_rejected_and_the_excess_there_is_combed_at_the_acoustic_period.py	7.30	7.3	MATCH
P15_CR_cosmology/P15_the_term_mix_is_the_first_channel_to_produce_cost_where_the_arm_is_rejected_and_the_excess_there_is_combed_at_the_acoustic_period.py	2.53	2.53	MATCH
P15_CR_cosmology/P15_the_term_mix_is_the_first_channel_to_produce_cost_where_the_arm_is_rejected_and_the_excess_there_is_combed_at_the_acoustic_period.py	1.01	1.01	MATCH
P15_CR_cosmology/P15_the_term_mix_is_the_first_channel_to_produce_cost_where_the_arm_is_rejected_and_the_excess_there_is_combed_at_the_acoustic_period.py	6.24	6.24	MATCH
P15_CR_cosmology/P15_the_term_mix_is_the_first_channel_to_produce_cost_where_the_arm_is_rejected_and_the_excess_there_is_combed_at_the_acoustic_period.py	1.08	1.08	MATCH
P15_CR_cosmology/P15_the_term_mix_is_the_first_channel_to_produce_cost_where_the_arm_is_rejected_and_the_excess_there_is_combed_at_the_acoustic_period.py	1.08	1.08	MATCH
P15_CR_cosmology/P15_the_term_mix_is_the_first_channel_to_produce_cost_where_the_arm_is_rejected_and_the_excess_there_is_combed_at_the_acoustic_period.py	1.00	1.0	MATCH
P15_CR_cosmology/P15_the_term_mix_is_the_first_channel_to_produce_cost_where_the_arm_is_rejected_and_the_excess_there_is_combed_at_the_acoustic_period.py	1.36	1.36	MATCH
P15_CR_cosmology/P15_the_term_mix_is_the_first_channel_to_produce_cost_where_the_arm_is_rejected_and_the_excess_there_is_combed_at_the_acoustic_period.py	1.53	1.53	MATCH
P15_CR_cosmology/P15_the_term_mix_is_the_first_channel_to_produce_cost_where_the_arm_is_rejected_and_the_excess_there_is_combed_at_the_acoustic_period.py	1.41	1.41	MATCH
P15_CR_cosmology/P15_the_term_mix_is_the_first_channel_to_produce_cost_where_the_arm_is_rejected_and_the_excess_there_is_combed_at_the_acoustic_period.py	1.07	1.07	MATCH
P15_CR_cosmology/P15_the_term_mix_is_the_first_channel_to_produce_cost_where_the_arm_is_rejected_and_the_excess_there_is_combed_at_the_acoustic_period.py	1.4965	1.4965	MATCH
P15_CR_cosmology/P15_the_term_mix_is_the_first_channel_to_produce_cost_where_the_arm_is_rejected_and_the_excess_there_is_combed_at_the_acoustic_period.py	1.5305	1.5305	MATCH
P15_CR_cosmology/P15_the_term_mix_does_not_carry_the_modulation_and_it_survives_in_the_part_no_channel_explains.py	7.304	7.304	MATCH
P15_CR_cosmology/P15_the_term_mix_does_not_carry_the_modulation_and_it_survives_in_the_part_no_channel_explains.py	5.430	5.43	MATCH
P15_CR_cosmology/P15_the_term_mix_does_not_carry_the_modulation_and_it_survives_in_the_part_no_channel_explains.py	4.238	4.238	MATCH
P15_CR_cosmology/P15_the_term_mix_does_not_carry_the_modulation_and_it_survives_in_the_part_no_channel_explains.py	3.404	3.404	MATCH
P15_CR_cosmology/P15_the_term_mix_does_not_carry_the_modulation_and_it_survives_in_the_part_no_channel_explains.py	4.238	4.238	MATCH
P15_CR_cosmology/P15_the_term_mix_does_not_carry_the_modulation_and_it_survives_in_the_part_no_channel_explains.py	4.297	4.297	MATCH
P15_CR_cosmology/P15_the_term_mix_does_not_carry_the_modulation_and_it_survives_in_the_part_no_channel_explains.py	4.005	4.005	MATCH
P15_CR_cosmology/P15_the_term_mix_does_not_carry_the_modulation_and_it_survives_in_the_part_no_channel_explains.py	3.889	3.889	MATCH
P15_CR_cosmology/P15_the_term_mix_does_not_carry_the_modulation_and_it_survives_in_the_part_no_channel_explains.py	1.482	1.482	MATCH
P15_CR_cosmology/P15_the_term_mix_does_not_carry_the_modulation_and_it_survives_in_the_part_no_channel_explains.py	3.188	3.188	MATCH
P15_CR_cosmology/P15_the_term_mix_does_not_carry_the_modulation_and_it_survives_in_the_part_no_channel_explains.py	2.010	2.01	MATCH
P15_CR_cosmology/P15_the_term_mix_does_not_carry_the_modulation_and_it_survives_in_the_part_no_channel_explains.py	1.711	1.711	MATCH
P15_CR_cosmology/P15_the_term_mix_does_not_carry_the_modulation_and_it_survives_in_the_part_no_channel_explains.py	3.12	3.12	MATCH
P15_CR_cosmology/P15_the_term_mix_does_not_carry_the_modulation_and_it_survives_in_the_part_no_channel_explains.py	0.264	0.264	MATCH
P15_CR_cosmology/P15_the_term_mix_does_not_carry_the_modulation_and_it_survives_in_the_part_no_channel_explains.py	0.264	0.264	MATCH
P15_CR_cosmology/P15_the_term_mix_does_not_carry_the_modulation_and_it_survives_in_the_part_no_channel_explains.py	6.241	6.241	MATCH
P15_CR_cosmology/P15_the_term_mix_does_not_carry_the_modulation_and_it_survives_in_the_part_no_channel_explains.py	1.646	1.646	MATCH
P15_CR_cosmology/P15_the_term_mix_does_not_carry_the_modulation_and_it_survives_in_the_part_no_channel_explains.py	1.893	1.893	MATCH
P15_CR_cosmology/P15_the_resolution_table_eight_of_the_eleven_instruments_cannot_represent_the_comb_period_and_four_smallest_shares_are_honest_blanks.py	0.9985	0.9985	MATCH
P15_CR_cosmology/P15_all_three_projections_clear_the_instrument_noise_null_so_the_term_mixs_cost_is_combed_after_all.py	7.3038	7.3038	MATCH
P15_CR_cosmology/P15_all_three_projections_clear_the_instrument_noise_null_so_the_term_mixs_cost_is_combed_after_all.py	2.34	2.34	MATCH
P15_CR_cosmology/P15_all_three_projections_clear_the_instrument_noise_null_so_the_term_mixs_cost_is_combed_after_all.py	2.54	2.54	MATCH
P15_CR_cosmology/P15_all_three_projections_clear_the_instrument_noise_null_so_the_term_mixs_cost_is_combed_after_all.py	4.238	4.238	MATCH
P15_CR_cosmology/P15_all_three_projections_clear_the_instrument_noise_null_so_the_term_mixs_cost_is_combed_after_all.py	1.874	1.874	MATCH
P15_CR_cosmology/P15_all_three_projections_clear_the_instrument_noise_null_so_the_term_mixs_cost_is_combed_after_all.py	4.005	4.005	MATCH
P15_CR_cosmology/P15_all_three_projections_clear_the_instrument_noise_null_so_the_term_mixs_cost_is_combed_after_all.py	1.416	1.416	MATCH
P15_CR_cosmology/P15_all_three_projections_clear_the_instrument_noise_null_so_the_term_mixs_cost_is_combed_after_all.py	1.482	1.482	MATCH
P15_CR_cosmology/P15_all_three_projections_clear_the_instrument_noise_null_so_the_term_mixs_cost_is_combed_after_all.py	1.029	1.029	MATCH
P15_CR_cosmology/P15_all_three_projections_clear_the_instrument_noise_null_so_the_term_mixs_cost_is_combed_after_all.py	1.44	1.44	MATCH
P15_CR_cosmology/P15_all_three_projections_clear_the_instrument_noise_null_so_the_term_mixs_cost_is_combed_after_all.py	0.851	0.851	MATCH
P15_CR_cosmology/P15_all_three_projections_clear_the_instrument_noise_null_so_the_term_mixs_cost_is_combed_after_all.py	0.794	0.794	MATCH
P15_CR_cosmology/P15_all_three_projections_clear_the_instrument_noise_null_so_the_term_mixs_cost_is_combed_after_all.py	3.399	3.399	MATCH
P15_CR_cosmology/P15_all_three_projections_clear_the_instrument_noise_null_so_the_term_mixs_cost_is_combed_after_all.py	0.354	0.354	MATCH
P15_CR_cosmology/P15_all_three_projections_clear_the_instrument_noise_null_so_the_term_mixs_cost_is_combed_after_all.py	0.736	0.736	MATCH
P15_CR_cosmology/P15_all_three_projections_clear_the_instrument_noise_null_so_the_term_mixs_cost_is_combed_after_all.py	1.778	1.778	MATCH
P15_CR_cosmology/P15_all_three_projections_clear_the_instrument_noise_null_so_the_term_mixs_cost_is_combed_after_all.py	2.703	2.703	MATCH
P15_CR_cosmology/P15_all_three_projections_clear_the_instrument_noise_null_so_the_term_mixs_cost_is_combed_after_all.py	3.751	3.751	MATCH
P15_CR_cosmology/P15_all_three_projections_clear_the_instrument_noise_null_so_the_term_mixs_cost_is_combed_after_all.py	1.360	1.36	MATCH
P15_CR_cosmology/P15_the_accounting_closes_but_cannot_attribute_because_the_share_is_the_cosine_of_a_phase_offset.py	0.270	0.27	MATCH
P15_CR_cosmology/P15_the_accounting_closes_but_cannot_attribute_because_the_share_is_the_cosine_of_a_phase_offset.py	0.2638	0.2638	MATCH
P15_CR_cosmology/P15_the_accounting_closes_but_cannot_attribute_because_the_share_is_the_cosine_of_a_phase_offset.py	1.646	1.646	MATCH
P15_CR_cosmology/P15_the_accounting_closes_but_cannot_attribute_because_the_share_is_the_cosine_of_a_phase_offset.py	1.893	1.893	MATCH
P15_CR_cosmology/P15_the_accounting_closes_but_cannot_attribute_because_the_share_is_the_cosine_of_a_phase_offset.py	0.383	0.383	MATCH
P15_CR_cosmology/P15_the_accounting_closes_but_cannot_attribute_because_the_share_is_the_cosine_of_a_phase_offset.py	1.176	1.176	MATCH
P15_CR_cosmology/P15_the_accounting_closes_but_cannot_attribute_because_the_share_is_the_cosine_of_a_phase_offset.py	0.264	0.264	MATCH
P15_CR_cosmology/P15_the_accounting_closes_but_cannot_attribute_because_the_share_is_the_cosine_of_a_phase_offset.py	1.176	1.176	MATCH
P15_CR_cosmology/P15_the_accounting_closes_but_cannot_attribute_because_the_share_is_the_cosine_of_a_phase_offset.py	6.241	6.241	MATCH
P15_CR_cosmology/P15_the_accounting_closes_but_cannot_attribute_because_the_share_is_the_cosine_of_a_phase_offset.py	7.341	7.341	MATCH
P15_CR_cosmology/P15_the_accounting_closes_but_cannot_attribute_because_the_share_is_the_cosine_of_a_phase_offset.py	3.399	3.399	MATCH
P15_CR_cosmology/P15_the_accounting_closes_but_cannot_attribute_because_the_share_is_the_cosine_of_a_phase_offset.py	68.3	68.3	MATCH
P15_CR_cosmology/P15_the_accounting_closes_but_cannot_attribute_because_the_share_is_the_cosine_of_a_phase_offset.py	98.3	98.3	MATCH
P15_CR_cosmology/P15_the_accounting_closes_but_cannot_attribute_because_the_share_is_the_cosine_of_a_phase_offset.py	0.184	0.184	MATCH
P15_CR_cosmology/P15_the_accounting_closes_but_cannot_attribute_because_the_share_is_the_cosine_of_a_phase_offset.py	0.9832	0.9832	MATCH
P15_CR_cosmology/P15_the_accounting_closes_but_cannot_attribute_because_the_share_is_the_cosine_of_a_phase_offset.py	0.9832	0.9832	MATCH
P15_CR_cosmology/P15_the_accounting_closes_but_cannot_attribute_because_the_share_is_the_cosine_of_a_phase_offset.py	3.121	3.121	MATCH
P15_CR_cosmology/P15_the_accounting_closes_but_cannot_attribute_because_the_share_is_the_cosine_of_a_phase_offset.py	0.9998	0.9998	MATCH
P15_CR_cosmology/P15_the_accounting_closes_but_cannot_attribute_because_the_share_is_the_cosine_of_a_phase_offset.py	0.9998	0.9998	MATCH
P15_CR_cosmology/P15_the_accounting_closes_but_cannot_attribute_because_the_share_is_the_cosine_of_a_phase_offset.py	3.12	3.12	MATCH
P15_CR_cosmology/P15_the_accounting_closes_but_cannot_attribute_because_the_share_is_the_cosine_of_a_phase_offset.py	100.0	100.0	MATCH
P15_CR_cosmology/P15_the_accounting_closes_but_cannot_attribute_because_the_share_is_the_cosine_of_a_phase_offset.py	-3.633	-3.633	MATCH
P15_CR_cosmology/P15_the_retention_is_the_combs_average_over_the_kernels_own_k_acceptance_and_the_law_has_no_fitted_coefficient.py	0.5000	0.5	UNRUN
P15_CR_cosmology/P15_the_retention_is_the_combs_average_over_the_kernels_own_k_acceptance_and_the_law_has_no_fitted_coefficient.py	1.0347	1.0347	UNRUN
P15_CR_cosmology/P15_the_retention_is_the_combs_average_over_the_kernels_own_k_acceptance_and_the_law_has_no_fitted_coefficient.py	3.74	3.74	UNRUN
P15_CR_cosmology/P15_the_retention_is_the_combs_average_over_the_kernels_own_k_acceptance_and_the_law_has_no_fitted_coefficient.py	5.2226	5.2226	UNRUN
P15_CR_cosmology/P15_the_retention_is_the_combs_average_over_the_kernels_own_k_acceptance_and_the_law_has_no_fitted_coefficient.py	4.5364	4.5364	UNRUN
P15_CR_cosmology/P15_the_retention_is_the_combs_average_over_the_kernels_own_k_acceptance_and_the_law_has_no_fitted_coefficient.py	1.063	1.063	UNRUN
P15_CR_cosmology/P15_the_retention_is_the_combs_average_over_the_kernels_own_k_acceptance_and_the_law_has_no_fitted_coefficient.py	1.011	1.011	UNRUN
P15_CR_cosmology/P15_the_retention_is_the_combs_average_over_the_kernels_own_k_acceptance_and_the_law_has_no_fitted_coefficient.py	0.990	0.99	UNRUN
P15_CR_cosmology/P15_the_retention_is_the_combs_average_over_the_kernels_own_k_acceptance_and_the_law_has_no_fitted_coefficient.py	1.012	1.012	UNRUN
P15_CR_cosmology/P15_the_retention_is_the_combs_average_over_the_kernels_own_k_acceptance_and_the_law_has_no_fitted_coefficient.py	1.042	1.042	UNRUN
P15_CR_cosmology/P15_the_retention_is_the_combs_average_over_the_kernels_own_k_acceptance_and_the_law_has_no_fitted_coefficient.py	1.016	1.016	UNRUN
P15_CR_cosmology/P15_the_retention_is_the_combs_average_over_the_kernels_own_k_acceptance_and_the_law_has_no_fitted_coefficient.py	1.017	1.017	UNRUN
P15_CR_cosmology/P15_the_retention_is_the_combs_average_over_the_kernels_own_k_acceptance_and_the_law_has_no_fitted_coefficient.py	1.067	1.067	UNRUN
P15_CR_cosmology/P15_the_retention_is_the_combs_average_over_the_kernels_own_k_acceptance_and_the_law_has_no_fitted_coefficient.py	1.015	1.015	UNRUN
P15_CR_cosmology/P15_the_retention_is_the_combs_average_over_the_kernels_own_k_acceptance_and_the_law_has_no_fitted_coefficient.py	0.990	0.99	UNRUN
P15_CR_cosmology/P15_the_retention_is_the_combs_average_over_the_kernels_own_k_acceptance_and_the_law_has_no_fitted_coefficient.py	1.012	1.012	UNRUN
P15_CR_cosmology/P15_the_retention_is_the_combs_average_over_the_kernels_own_k_acceptance_and_the_law_has_no_fitted_coefficient.py	1.044	1.044	UNRUN
P15_CR_cosmology/P15_the_retention_is_the_combs_average_over_the_kernels_own_k_acceptance_and_the_law_has_no_fitted_coefficient.py	1.018	1.018	UNRUN
P15_CR_cosmology/P15_the_retention_is_the_combs_average_over_the_kernels_own_k_acceptance_and_the_law_has_no_fitted_coefficient.py	1.016	1.016	UNRUN
P15_CR_cosmology/P15_the_retention_is_the_combs_average_over_the_kernels_own_k_acceptance_and_the_law_has_no_fitted_coefficient.py	1.0587	1.0587	UNRUN
P15_CR_cosmology/P15_the_retention_is_the_combs_average_over_the_kernels_own_k_acceptance_and_the_law_has_no_fitted_coefficient.py	1.0587	1.0587	UNRUN
P15_CR_cosmology/P15_the_fitted_onset_is_the_wrong_clocks_artefact_because_the_stacking_ruler_keeps_a_square_root_memory_of_the_start_and_the_leaf_ruler_keeps_none.py	66.1	66.1	MATCH
P15_CR_cosmology/P15_the_fitted_onset_is_the_wrong_clocks_artefact_because_the_stacking_ruler_keeps_a_square_root_memory_of_the_start_and_the_leaf_ruler_keeps_none.py	172.3	172.3	MATCH
P15_CR_cosmology/P15_the_fitted_onset_is_the_wrong_clocks_artefact_because_the_stacking_ruler_keeps_a_square_root_memory_of_the_start_and_the_leaf_ruler_keeps_none.py	292.4	292.4	MATCH
P15_CR_cosmology/P15_the_fitted_onset_is_the_wrong_clocks_artefact_because_the_stacking_ruler_keeps_a_square_root_memory_of_the_start_and_the_leaf_ruler_keeps_none.py	66.1	66.1	MATCH
P15_CR_cosmology/P15_the_fitted_onset_is_the_wrong_clocks_artefact_because_the_stacking_ruler_keeps_a_square_root_memory_of_the_start_and_the_leaf_ruler_keeps_none.py	286.0	286.0	MATCH
P15_CR_cosmology/P15_the_fitted_onset_is_the_wrong_clocks_artefact_because_the_stacking_ruler_keeps_a_square_root_memory_of_the_start_and_the_leaf_ruler_keeps_none.py	1.286	1.286	MATCH
P15_CR_cosmology/P15_the_fitted_onset_is_the_wrong_clocks_artefact_because_the_stacking_ruler_keeps_a_square_root_memory_of_the_start_and_the_leaf_ruler_keeps_none.py	0.9985	0.9985	MATCH
P15_CR_cosmology/P15_the_projection_read_recombination_at_the_wrong_conformal_time_and_one_clock_moves_it_72_per_cent.py	265.5	265.5	MATCH
P15_CR_cosmology/P15_the_projection_read_recombination_at_the_wrong_conformal_time_and_one_clock_moves_it_72_per_cent.py	-19.0	-19.0	MATCH
P15_CR_cosmology/P15_the_projection_read_recombination_at_the_wrong_conformal_time_and_one_clock_moves_it_72_per_cent.py	6.10	6.1	MATCH
P15_CR_cosmology/P15_the_phase_is_already_carried_into_the_projections_variable_and_the_two_statements_of_the_sound_horizon_agree_identically.py	9.79\times10^{-9}	9.79e-09	MATCH
P15_CR_cosmology/P15_the_optical_depth_is_a_photon_path_observable_so_it_takes_the_stacking_rate_and_the_visibility_ruling_is_withdrawn.py	-0.304	-0.304	MATCH
P15_CR_cosmology/P15_the_licensed_configuration_moves_neither_statistic_and_the_swing_was_read_above_where_it_converges.py	220.6	220.6	MATCH
P15_CR_cosmology/P15_the_licensed_configuration_moves_neither_statistic_and_the_swing_was_read_above_where_it_converges.py	-0.0636	-0.0636	MATCH
P15_CR_cosmology/P15_the_kernels_distance_is_the_observers_own_flat_slice_so_the_rate_rule_does_reach_it_and_the_disagreement_with_the_sky_is_real.py	1.401\times10^{4}	14010.0	MATCH
P15_CR_cosmology/P15_the_kernels_distance_is_the_observers_own_flat_slice_so_the_rate_rule_does_reach_it_and_the_disagreement_with_the_sky_is_real.py	2.774	2.774	MATCH
P15_CR_cosmology/P15_the_kernels_distance_is_the_observers_own_flat_slice_so_the_rate_rule_does_reach_it_and_the_disagreement_with_the_sky_is_real.py	7.85	7.85	MATCH
P15_CR_cosmology/P15_the_kernels_distance_is_the_observers_own_flat_slice_so_the_rate_rule_does_reach_it_and_the_disagreement_with_the_sky_is_real.py	1.4011\times10^{4}	14011.0	MATCH
P15_CR_cosmology/P15_the_kernels_distance_is_the_observers_own_flat_slice_so_the_rate_rule_does_reach_it_and_the_disagreement_with_the_sky_is_real.py	2.774	2.774	MATCH
P15_CR_cosmology/P15_the_three_grid_comparison_is_like_for_like_and_not_a_ceiling_artefact_because_the_projection_reach_is_fixed_on_every_arm.py	14011.5	14011.5	MATCH
P15_CR_cosmology/P15_the_three_grid_comparison_is_like_for_like_and_not_a_ceiling_artefact_because_the_projection_reach_is_fixed_on_every_arm.py	13941.6	13941.6	MATCH
P15_CR_cosmology/P15_the_controls_base_log_is_banked_beside_the_grids_and_the_peak_heights_concur_with_the_three_rigidity_statistics.py	1.124	1.124	MATCH
P15_CR_cosmology/P15_the_133_bin_pair_is_computed_and_asserted_and_the_hardcoded_row_carried_the_other_arm.py	2.10	2.1	MATCH
P15_CR_cosmology/P15_the_133_bin_pair_is_computed_and_asserted_and_the_hardcoded_row_carried_the_other_arm.py	4.19	4.19	MATCH
P15_CR_cosmology/P15_the_133_bin_pair_is_computed_and_asserted_and_the_hardcoded_row_carried_the_other_arm.py	556.7	556.7	MATCH
P15_CR_cosmology/P15_the_133_bin_pair_is_computed_and_asserted_and_the_hardcoded_row_carried_the_other_arm.py	68.62	68.62	MATCH
P15_CR_cosmology/P15_the_133_bin_pair_is_computed_and_asserted_and_the_hardcoded_row_carried_the_other_arm.py	4.16	4.16	MATCH
P15_CR_cosmology/P15_the_133_bin_pair_is_computed_and_asserted_and_the_hardcoded_row_carried_the_other_arm.py	68.60	68.6	MATCH
P15_CR_cosmology/P15_the_angular_label_crosses_the_lift_untouched_and_the_amplitude_does_not_because_the_lift_is_purely_imaginary_conformal_time_so_what_it_adds_is_an_envelope_with_exactly_no_phase.py	-2.891	-2.891	MATCH
P15_CR_cosmology/P15_the_progenitor_spectrum_is_defined_before_the_lift_so_the_envelope_applies_to_it_and_the_horizon_scale_on_both_lorentzian_legs_is_the_same_pure_number.py	60.1	60.1	MATCH
P15_CR_cosmology/P15_the_constant_r_foliation_carries_the_sphere_across_the_lap_because_the_layers_shape_invariant_is_the_same_pure_number_at_every_point_of_the_bead.py	60.2	60.2	MATCH
P15_CR_cosmology/P15_the_freezing_census_is_the_vacuum_curves_own_rate_on_the_branch_the_lift_is_not_on_and_the_turnaround_figure_is_exactly_zero_there.py	1.96	1.96	MATCH
P15_CR_cosmology/P15_the_freezing_census_is_the_vacuum_curves_own_rate_on_the_branch_the_lift_is_not_on_and_the_turnaround_figure_is_exactly_zero_there.py	19.6	19.6	MATCH
P15_CR_cosmology/P15_the_freezing_census_is_the_vacuum_curves_own_rate_on_the_branch_the_lift_is_not_on_and_the_turnaround_figure_is_exactly_zero_there.py	1.9644	1.9644	MATCH
P15_CR_cosmology/P15_the_freezing_census_is_the_vacuum_curves_own_rate_on_the_branch_the_lift_is_not_on_and_the_turnaround_figure_is_exactly_zero_there.py	19.6189	19.6189	MATCH
P15_CR_cosmology/P15_the_freezing_census_is_the_vacuum_curves_own_rate_on_the_branch_the_lift_is_not_on_and_the_turnaround_figure_is_exactly_zero_there.py	0.7197	0.7197	MATCH
P15_CR_cosmology/P15_the_freezing_census_is_the_vacuum_curves_own_rate_on_the_branch_the_lift_is_not_on_and_the_turnaround_figure_is_exactly_zero_there.py	0.7352	0.7352	MATCH
P15_CR_cosmology/P15_the_freezing_census_is_the_vacuum_curves_own_rate_on_the_branch_the_lift_is_not_on_and_the_turnaround_figure_is_exactly_zero_there.py	0.5953	0.5953	MATCH
P15_CR_cosmology/P15_the_segments_conformal_length_is_the_closed_form_of_the_papers_own_integral_and_the_two_damping_rates_differ_by_the_sound_speed.py	3.3387380236	3.3387380236	MATCH
P15_CR_cosmology/P15_the_segments_conformal_length_is_the_closed_form_of_the_papers_own_integral_and_the_two_damping_rates_differ_by_the_sound_speed.py	3.32	3.32	MATCH
P15_CR_cosmology/P15_the_segments_conformal_length_is_the_closed_form_of_the_papers_own_integral_and_the_two_damping_rates_differ_by_the_sound_speed.py	3.3233	3.3233	MATCH
P15_CR_cosmology/P15_the_segments_conformal_length_is_the_closed_form_of_the_papers_own_integral_and_the_two_damping_rates_differ_by_the_sound_speed.py	147.2	147.2	MATCH
P15_CR_cosmology/P15_the_segments_conformal_length_is_the_closed_form_of_the_papers_own_integral_and_the_two_damping_rates_differ_by_the_sound_speed.py	1.96	1.96	MATCH
P15_CR_cosmology/P15_the_segments_conformal_length_is_the_closed_form_of_the_papers_own_integral_and_the_two_damping_rates_differ_by_the_sound_speed.py	19.6	19.6	MATCH
P15_CR_cosmology/P15_the_segments_conformal_length_is_the_closed_form_of_the_papers_own_integral_and_the_two_damping_rates_differ_by_the_sound_speed.py	1.964	1.964	MATCH
P15_CR_cosmology/P15_the_segments_conformal_length_is_the_closed_form_of_the_papers_own_integral_and_the_two_damping_rates_differ_by_the_sound_speed.py	19.62	19.62	MATCH
P15_CR_cosmology/P15_the_segments_conformal_length_is_the_closed_form_of_the_papers_own_integral_and_the_two_damping_rates_differ_by_the_sound_speed.py	0.7274	0.7274	MATCH
P15_CR_cosmology/P15_the_segments_conformal_length_is_the_closed_form_of_the_papers_own_integral_and_the_two_damping_rates_differ_by_the_sound_speed.py	0.364	0.364	MATCH
P15_CR_cosmology/P15_the_segments_conformal_length_is_the_closed_form_of_the_papers_own_integral_and_the_two_damping_rates_differ_by_the_sound_speed.py	0.740	0.74	MATCH
P15_CR_cosmology/P15_the_segments_conformal_length_is_the_closed_form_of_the_papers_own_integral_and_the_two_damping_rates_differ_by_the_sound_speed.py	1.696	1.696	MATCH
P15_CR_cosmology/P15_the_segments_conformal_length_is_the_closed_form_of_the_papers_own_integral_and_the_two_damping_rates_differ_by_the_sound_speed.py	3.375	3.375	MATCH
P15_CR_cosmology/P15_the_third_possibility_cannot_be_because_C21s_limit_is_taken_on_exactly_the_segment_the_lift_occupies_so_the_two_transfers_overlap_rather_than_compose.py	23.254	23.254	MATCH
P15_CR_cosmology/P15_the_third_possibility_cannot_be_because_C21s_limit_is_taken_on_exactly_the_segment_the_lift_occupies_so_the_two_transfers_overlap_rather_than_compose.py	23.25	23.25	MATCH
P15_CR_cosmology/P15_the_seam_sec_envelope_means_is_the_front_chart_value_and_the_collapse_leg_ends_at_the_turnaround_instead_where_the_speed_is_zero_while_every_seam_carries_it_exactly_one.py	1.53	1.53	MATCH
P15_CR_cosmology/P15_the_seam_sec_envelope_means_is_the_front_chart_value_and_the_collapse_leg_ends_at_the_turnaround_instead_where_the_speed_is_zero_while_every_seam_carries_it_exactly_one.py	1.5338	1.5338	MATCH
P15_CR_cosmology/P15_the_seam_sec_envelope_means_is_the_front_chart_value_and_the_collapse_leg_ends_at_the_turnaround_instead_where_the_speed_is_zero_while_every_seam_carries_it_exactly_one.py	0.7669	0.7669	MATCH
P15_CR_cosmology/P15_the_seam_sec_envelope_means_is_the_front_chart_value_and_the_collapse_leg_ends_at_the_turnaround_instead_where_the_speed_is_zero_while_every_seam_carries_it_exactly_one.py	-1.299038	-1.299038	MATCH
P15_CR_cosmology/P15_the_seam_sec_envelope_means_is_the_front_chart_value_and_the_collapse_leg_ends_at_the_turnaround_instead_where_the_speed_is_zero_while_every_seam_carries_it_exactly_one.py	-0.3441421	-0.3441421	MATCH
P15_CR_cosmology/P15_the_seam_sec_envelope_means_is_the_front_chart_value_and_the_collapse_leg_ends_at_the_turnaround_instead_where_the_speed_is_zero_while_every_seam_carries_it_exactly_one.py	0.8779719	0.8779719	SOURCE-ONLY
P15_CR_cosmology/P15_the_seam_sec_envelope_means_is_the_front_chart_value_and_the_collapse_leg_ends_at_the_turnaround_instead_where_the_speed_is_zero_while_every_seam_carries_it_exactly_one.py	23.254010270	23.25401027	MATCH
P15_CR_cosmology/P15_the_kernel_carries_no_sound_speed_so_the_fork_had_no_subject_and_r7108s_equation_is_the_c_s_equals_one_member_which_is_exactly_the_tensor_equation.py	-147.224	-147.224	MATCH
P15_CR_cosmology/P15_the_kernel_carries_no_sound_speed_so_the_fork_had_no_subject_and_r7108s_equation_is_the_c_s_equals_one_member_which_is_exactly_the_tensor_equation.py	3.24	3.24	MATCH
P15_CR_cosmology/P15_horn_ones_carrier_is_already_the_papers_own_wavenumber_free_potential_amplitude_while_on_the_segments_own_branch_a_sound_speed_costs_a_tilt_equal_to_its_whole_exponent.py	15.4	15.4	ABSENT
P15_CR_cosmology/P15_the_layers_three_metric_obtained_by_restriction_is_timelike_through_the_whole_interior_of_the_lap_so_the_continuation_does_not_go_through_and_the_invariant_cannot_adjudicate_it.py	43.8232	43.8232	MATCH
P15_CR_cosmology/P15_the_layers_three_metric_obtained_by_restriction_is_timelike_through_the_whole_interior_of_the_lap_so_the_continuation_does_not_go_through_and_the_invariant_cannot_adjudicate_it.py	-77.908	-77.908	MATCH
P15_CR_cosmology/P15_no_paper_fixes_the_primordial_normalisation_because_three_sentences_inherit_it_and_the_L_to_ell_map_is_a_projection_whose_width_passes_the_mode_spacing.py	2.7618293	2.7618293	ABSENT
P15_CR_cosmology/P15_no_paper_fixes_the_primordial_normalisation_because_three_sentences_inherit_it_and_the_L_to_ell_map_is_a_projection_whose_width_passes_the_mode_spacing.py	2.76	2.76	MATCH
P15_CR_cosmology/P15_the_refit_bound_figures_all_reproduce_and_one_of_them_is_a_ratio_standing_where_a_per_bin_chi2_is_read.py	214.1	214.1	MATCH
P15_CR_cosmology/P15_the_refit_bound_figures_all_reproduce_and_one_of_them_is_a_ratio_standing_where_a_per_bin_chi2_is_read.py	550.5	550.5	MATCH
P15_CR_cosmology/P15_the_refit_bound_figures_all_reproduce_and_one_of_them_is_a_ratio_standing_where_a_per_bin_chi2_is_read.py	212.9	212.9	MATCH
P15_CR_cosmology/P15_the_refit_bound_figures_all_reproduce_and_one_of_them_is_a_ratio_standing_where_a_per_bin_chi2_is_read.py	545.8	545.8	MATCH
P15_CR_cosmology/P15_the_refit_bound_figures_all_reproduce_and_one_of_them_is_a_ratio_standing_where_a_per_bin_chi2_is_read.py	186.5	186.5	MATCH
P15_CR_cosmology/P15_the_refit_bound_figures_all_reproduce_and_one_of_them_is_a_ratio_standing_where_a_per_bin_chi2_is_read.py	292.4	292.4	MATCH
P15_CR_cosmology/P15_the_refit_bound_figures_all_reproduce_and_one_of_them_is_a_ratio_standing_where_a_per_bin_chi2_is_read.py	15.2	15.2	MATCH
P07_CR_framework/P07_the_trio_is_a_pair_because_the_foliations_umbilicity_and_the_photon_sphere_are_one_equation_on_any_static_sphere_and_what_merges_at_the_forced_member_is_kappa_with_lambda.py	0.896558	0.896558	MATCH
P07_CR_framework/P07_the_trio_is_a_pair_because_the_foliations_umbilicity_and_the_photon_sphere_are_one_equation_on_any_static_sphere_and_what_merges_at_the_forced_member_is_kappa_with_lambda.py	0.836	0.836	MATCH
P07_CR_framework/P07_the_back_seam_is_the_laps_one_non_degenerate_horizon_and_its_surface_gravity_is_the_beads_own_acceleration_there.py	0.192	0.192	MATCH
P07_CR_framework/P07_the_back_seam_is_the_laps_one_non_degenerate_horizon_and_its_surface_gravity_is_the_beads_own_acceleration_there.py	0.877972	0.877972	MATCH
P07_CR_framework/P07_the_back_seam_is_the_laps_one_non_degenerate_horizon_and_its_surface_gravity_is_the_beads_own_acceleration_there.py	14.90	14.9	MATCH
P15_CR_cosmology/P15_the_composition_route_is_answered_negative_too_because_the_eigenvalue_divergence_lives_on_the_leg_the_transport_never_traverses_and_the_odd_ladder_arrives_suppressed_rather_than_absent.py	0.2591014627	0.2591014627	MATCH
P15_CR_cosmology/P15_the_composition_route_is_answered_negative_too_because_the_eigenvalue_divergence_lives_on_the_leg_the_transport_never_traverses_and_the_odd_ladder_arrives_suppressed_rather_than_absent.py	0.8650719	0.8650719	MATCH
P15_CR_cosmology/P15_the_projection_join_inverts_the_expected_picture_because_the_odd_degree_lands_lower_than_the_even_floor_and_arrives_less_suppressed_so_the_lowest_multipoles_draw_on_the_degree_the_bound_would_have_removed.py	95.5	95.5	MATCH
P15_CR_cosmology/P15_the_background_returns_the_larger_stretch_so_2774_is_the_constructions_and_the_stale_trio_is_a_configuration_not_a_slip_but_the_figures_name_two_of_them.py	68.60	68.6	MATCH
P15_CR_cosmology/P15_the_background_returns_the_larger_stretch_so_2774_is_the_constructions_and_the_stale_trio_is_a_configuration_not_a_slip_but_the_figures_name_two_of_them.py	0.2973	0.2973	MATCH
P15_CR_cosmology/P15_the_background_returns_the_larger_stretch_so_2774_is_the_constructions_and_the_stale_trio_is_a_configuration_not_a_slip_but_the_figures_name_two_of_them.py	14011.4567	14011.4567	MATCH
P15_CR_cosmology/P15_the_background_returns_the_larger_stretch_so_2774_is_the_constructions_and_the_stale_trio_is_a_configuration_not_a_slip_but_the_figures_name_two_of_them.py	5051.49	5051.49	MATCH
P15_CR_cosmology/P15_the_background_returns_the_larger_stretch_so_2774_is_the_constructions_and_the_stale_trio_is_a_configuration_not_a_slip_but_the_figures_name_two_of_them.py	2.773728	2.773728	MATCH
P15_CR_cosmology/P15_the_background_returns_the_larger_stretch_so_2774_is_the_constructions_and_the_stale_trio_is_a_configuration_not_a_slip_but_the_figures_name_two_of_them.py	73.00	73.0	MATCH
P15_CR_cosmology/P15_the_background_returns_the_larger_stretch_so_2774_is_the_constructions_and_the_stale_trio_is_a_configuration_not_a_slip_but_the_figures_name_two_of_them.py	0.3066	0.3066	MATCH
P15_CR_cosmology/P15_the_background_returns_the_larger_stretch_so_2774_is_the_constructions_and_the_stale_trio_is_a_configuration_not_a_slip_but_the_figures_name_two_of_them.py	13004.56	13004.56	MATCH
P15_CR_cosmology/P15_the_background_returns_the_larger_stretch_so_2774_is_the_constructions_and_the_stale_trio_is_a_configuration_not_a_slip_but_the_figures_name_two_of_them.py	4708.97	4708.97	MATCH
P15_CR_cosmology/P15_the_background_returns_the_larger_stretch_so_2774_is_the_constructions_and_the_stale_trio_is_a_configuration_not_a_slip_but_the_figures_name_two_of_them.py	13864.66	13864.66	MATCH
P15_CR_cosmology/P15_the_background_returns_the_larger_stretch_so_2774_is_the_constructions_and_the_stale_trio_is_a_configuration_not_a_slip_but_the_figures_name_two_of_them.py	13941.63	13941.63	MATCH
P15_CR_cosmology/P15_the_background_returns_the_larger_stretch_so_2774_is_the_constructions_and_the_stale_trio_is_a_configuration_not_a_slip_but_the_figures_name_two_of_them.py	2.76	2.76	MATCH
P15_CR_cosmology/P15_the_background_returns_the_larger_stretch_so_2774_is_the_constructions_and_the_stale_trio_is_a_configuration_not_a_slip_but_the_figures_name_two_of_them.py	0.30402	0.30402	MATCH
P15_CR_cosmology/P15_the_background_returns_the_larger_stretch_so_2774_is_the_constructions_and_the_stale_trio_is_a_configuration_not_a_slip_but_the_figures_name_two_of_them.py	0.31176	0.31176	MATCH
P15_CR_cosmology/P15_the_background_returns_the_larger_stretch_so_2774_is_the_constructions_and_the_stale_trio_is_a_configuration_not_a_slip_but_the_figures_name_two_of_them.py	0.3066	0.3066	MATCH
P15_CR_cosmology/P15_the_background_returns_the_larger_stretch_so_2774_is_the_constructions_and_the_stale_trio_is_a_configuration_not_a_slip_but_the_figures_name_two_of_them.py	0.2973	0.2973	MATCH
P15_CR_cosmology/P15_the_background_returns_the_larger_stretch_so_2774_is_the_constructions_and_the_stale_trio_is_a_configuration_not_a_slip_but_the_figures_name_two_of_them.py	0.3150	0.315	MATCH
P15_CR_cosmology/P15_the_background_returns_the_larger_stretch_so_2774_is_the_constructions_and_the_stale_trio_is_a_configuration_not_a_slip_but_the_figures_name_two_of_them.py	68.0568	68.0568	MATCH
P15_CR_cosmology/P15_the_background_returns_the_larger_stretch_so_2774_is_the_constructions_and_the_stale_trio_is_a_configuration_not_a_slip_but_the_figures_name_two_of_them.py	68.6066	68.6066	MATCH
P15_CR_cosmology/P15_the_background_returns_the_larger_stretch_so_2774_is_the_constructions_and_the_stale_trio_is_a_configuration_not_a_slip_but_the_figures_name_two_of_them.py	14011.4567	14011.4567	MATCH
P15_CR_cosmology/P15_the_background_returns_the_larger_stretch_so_2774_is_the_constructions_and_the_stale_trio_is_a_configuration_not_a_slip_but_the_figures_name_two_of_them.py	1.395e4	13950.0	MATCH
P15_CR_cosmology/P15_the_background_returns_the_larger_stretch_so_2774_is_the_constructions_and_the_stale_trio_is_a_configuration_not_a_slip_but_the_figures_name_two_of_them.py	13949.1	13949.1	MATCH
P15_CR_cosmology/P15_the_background_returns_the_larger_stretch_so_2774_is_the_constructions_and_the_stale_trio_is_a_configuration_not_a_slip_but_the_figures_name_two_of_them.py	67.410309	67.410309	MATCH
P15_CR_cosmology/P15_the_background_returns_the_larger_stretch_so_2774_is_the_constructions_and_the_stale_trio_is_a_configuration_not_a_slip_but_the_figures_name_two_of_them.py	0.309826	0.309826	MATCH
P15_CR_cosmology/P15_the_background_returns_the_larger_stretch_so_2774_is_the_constructions_and_the_stale_trio_is_a_configuration_not_a_slip_but_the_figures_name_two_of_them.py	13954.3535	13954.3535	MATCH
P15_CR_cosmology/P15_the_background_returns_the_larger_stretch_so_2774_is_the_constructions_and_the_stale_trio_is_a_configuration_not_a_slip_but_the_figures_name_two_of_them.py	1.63	1.63	MATCH
P15_CR_cosmology/P15_the_background_returns_the_larger_stretch_so_2774_is_the_constructions_and_the_stale_trio_is_a_configuration_not_a_slip_but_the_figures_name_two_of_them.py	2.19	2.19	MATCH
P15_CR_cosmology/P15_the_background_returns_the_larger_stretch_so_2774_is_the_constructions_and_the_stale_trio_is_a_configuration_not_a_slip_but_the_figures_name_two_of_them.py	68.60	68.6	MATCH
P15_CR_cosmology/P15_the_background_returns_the_larger_stretch_so_2774_is_the_constructions_and_the_stale_trio_is_a_configuration_not_a_slip_but_the_figures_name_two_of_them.py	0.2973	0.2973	MATCH
P15_CR_cosmology/P15_the_background_returns_the_larger_stretch_so_2774_is_the_constructions_and_the_stale_trio_is_a_configuration_not_a_slip_but_the_figures_name_two_of_them.py	14011.4567	14011.4567	MATCH
P15_CR_cosmology/P15_the_background_returns_the_larger_stretch_so_2774_is_the_constructions_and_the_stale_trio_is_a_configuration_not_a_slip_but_the_figures_name_two_of_them.py	5051.49	5051.49	MATCH
P15_CR_cosmology/P15_the_background_returns_the_larger_stretch_so_2774_is_the_constructions_and_the_stale_trio_is_a_configuration_not_a_slip_but_the_figures_name_two_of_them.py	2.773728	2.773728	MATCH
P15_CR_cosmology/P15_the_background_returns_the_larger_stretch_so_2774_is_the_constructions_and_the_stale_trio_is_a_configuration_not_a_slip_but_the_figures_name_two_of_them.py	73.00	73.0	MATCH
P15_CR_cosmology/P15_the_background_returns_the_larger_stretch_so_2774_is_the_constructions_and_the_stale_trio_is_a_configuration_not_a_slip_but_the_figures_name_two_of_them.py	0.3066	0.3066	MATCH
P15_CR_cosmology/P15_the_background_returns_the_larger_stretch_so_2774_is_the_constructions_and_the_stale_trio_is_a_configuration_not_a_slip_but_the_figures_name_two_of_them.py	13004.56	13004.56	MATCH
P15_CR_cosmology/P15_the_background_returns_the_larger_stretch_so_2774_is_the_constructions_and_the_stale_trio_is_a_configuration_not_a_slip_but_the_figures_name_two_of_them.py	4708.97	4708.97	MATCH
P15_CR_cosmology/P15_the_background_returns_the_larger_stretch_so_2774_is_the_constructions_and_the_stale_trio_is_a_configuration_not_a_slip_but_the_figures_name_two_of_them.py	13864.66	13864.66	MATCH
P15_CR_cosmology/P15_the_background_returns_the_larger_stretch_so_2774_is_the_constructions_and_the_stale_trio_is_a_configuration_not_a_slip_but_the_figures_name_two_of_them.py	13941.63	13941.63	MATCH
P15_CR_cosmology/P15_the_background_returns_the_larger_stretch_so_2774_is_the_constructions_and_the_stale_trio_is_a_configuration_not_a_slip_but_the_figures_name_two_of_them.py	1.63	1.63	MATCH
P15_CR_cosmology/P15_the_background_returns_the_larger_stretch_so_2774_is_the_constructions_and_the_stale_trio_is_a_configuration_not_a_slip_but_the_figures_name_two_of_them.py	2.19	2.19	MATCH
P15_CR_cosmology/P15_the_1p57_has_no_parameter_address_because_the_arms_tt_minimum_sits_on_its_own_bao_minimum_while_the_controls_pays_fifteen_in_chi2_to_leave_planck.py	67.4103	67.4103	MATCH
P15_CR_cosmology/P15_the_1p57_has_no_parameter_address_because_the_arms_tt_minimum_sits_on_its_own_bao_minimum_while_the_controls_pays_fifteen_in_chi2_to_leave_planck.py	0.309826	0.309826	MATCH
P15_CR_cosmology/P15_the_1p57_has_no_parameter_address_because_the_arms_tt_minimum_sits_on_its_own_bao_minimum_while_the_controls_pays_fifteen_in_chi2_to_leave_planck.py	0.021966	0.021966	ABSENT
P15_CR_cosmology/P15_the_1p57_has_no_parameter_address_because_the_arms_tt_minimum_sits_on_its_own_bao_minimum_while_the_controls_pays_fifteen_in_chi2_to_leave_planck.py	0.954248	0.954248	ABSENT
P15_CR_cosmology/P15_the_1p57_has_no_parameter_address_because_the_arms_tt_minimum_sits_on_its_own_bao_minimum_while_the_controls_pays_fifteen_in_chi2_to_leave_planck.py	0.140790	0.14079	MATCH
P15_CR_cosmology/P15_the_1p57_has_no_parameter_address_because_the_arms_tt_minimum_sits_on_its_own_bao_minimum_while_the_controls_pays_fifteen_in_chi2_to_leave_planck.py	68.5811	68.5811	MATCH
P15_CR_cosmology/P15_the_1p57_has_no_parameter_address_because_the_arms_tt_minimum_sits_on_its_own_bao_minimum_while_the_controls_pays_fifteen_in_chi2_to_leave_planck.py	0.297209	0.297209	MATCH
P15_CR_cosmology/P15_the_1p57_has_no_parameter_address_because_the_arms_tt_minimum_sits_on_its_own_bao_minimum_while_the_controls_pays_fifteen_in_chi2_to_leave_planck.py	0.021524	0.021524	ABSENT
P15_CR_cosmology/P15_the_1p57_has_no_parameter_address_because_the_arms_tt_minimum_sits_on_its_own_bao_minimum_while_the_controls_pays_fifteen_in_chi2_to_leave_planck.py	0.997952	0.997952	ABSENT
P15_CR_cosmology/P15_the_1p57_has_no_parameter_address_because_the_arms_tt_minimum_sits_on_its_own_bao_minimum_while_the_controls_pays_fifteen_in_chi2_to_leave_planck.py	0.139788	0.139788	MATCH
P15_CR_cosmology/P15_the_1p57_has_no_parameter_address_because_the_arms_tt_minimum_sits_on_its_own_bao_minimum_while_the_controls_pays_fifteen_in_chi2_to_leave_planck.py	0.3066	0.3066	MATCH
P15_CR_cosmology/P15_the_1p57_has_no_parameter_address_because_the_arms_tt_minimum_sits_on_its_own_bao_minimum_while_the_controls_pays_fifteen_in_chi2_to_leave_planck.py	12.01	12.01	MATCH
P15_CR_cosmology/P15_the_1p57_has_no_parameter_address_because_the_arms_tt_minimum_sits_on_its_own_bao_minimum_while_the_controls_pays_fifteen_in_chi2_to_leave_planck.py	0.2975	0.2975	MATCH
P15_CR_cosmology/P15_the_1p57_has_no_parameter_address_because_the_arms_tt_minimum_sits_on_its_own_bao_minimum_while_the_controls_pays_fifteen_in_chi2_to_leave_planck.py	0.2971	0.2971	MATCH
P15_CR_cosmology/P15_the_1p57_has_no_parameter_address_because_the_arms_tt_minimum_sits_on_its_own_bao_minimum_while_the_controls_pays_fifteen_in_chi2_to_leave_planck.py	68.62	68.62	MATCH
P15_CR_cosmology/P15_the_1p57_has_no_parameter_address_because_the_arms_tt_minimum_sits_on_its_own_bao_minimum_while_the_controls_pays_fifteen_in_chi2_to_leave_planck.py	0.29735	0.29735	MATCH
P15_CR_cosmology/P15_the_1p57_has_no_parameter_address_because_the_arms_tt_minimum_sits_on_its_own_bao_minimum_while_the_controls_pays_fifteen_in_chi2_to_leave_planck.py	0.00852	0.00852	MATCH
P15_CR_cosmology/P15_the_1p57_has_no_parameter_address_because_the_arms_tt_minimum_sits_on_its_own_bao_minimum_while_the_controls_pays_fifteen_in_chi2_to_leave_planck.py	0.00454	0.00454	MATCH
P15_CR_cosmology/P15_the_1p57_has_no_parameter_address_because_the_arms_tt_minimum_sits_on_its_own_bao_minimum_while_the_controls_pays_fifteen_in_chi2_to_leave_planck.py	0.227	0.227	MATCH
P15_CR_cosmology/P15_the_1p57_has_no_parameter_address_because_the_arms_tt_minimum_sits_on_its_own_bao_minimum_while_the_controls_pays_fifteen_in_chi2_to_leave_planck.py	15.06	15.06	MATCH
P15_CR_cosmology/P15_the_1p57_has_no_parameter_address_because_the_arms_tt_minimum_sits_on_its_own_bao_minimum_while_the_controls_pays_fifteen_in_chi2_to_leave_planck.py	0.736	0.736	MATCH
P15_CR_cosmology/P15_the_1p57_has_no_parameter_address_because_the_arms_tt_minimum_sits_on_its_own_bao_minimum_while_the_controls_pays_fifteen_in_chi2_to_leave_planck.py	18.05	18.05	MATCH
P15_CR_cosmology/P15_the_no_fit_confrontation_is_three_per_bin_and_its_residual_carries_a_nine_sigma_modulation_at_the_combs_own_period_which_binning_at_that_period_cancels.py	13864.6627	13864.6627	MATCH
P15_CR_cosmology/P15_the_no_fit_confrontation_is_three_per_bin_and_its_residual_carries_a_nine_sigma_modulation_at_the_combs_own_period_which_binning_at_that_period_cancels.py	14011.4567	14011.4567	MATCH
P15_CR_cosmology/P15_the_no_fit_confrontation_is_three_per_bin_and_its_residual_carries_a_nine_sigma_modulation_at_the_combs_own_period_which_binning_at_that_period_cancels.py	13954.3535	13954.3535	MATCH
P15_CR_cosmology/P15_the_no_fit_confrontation_is_three_per_bin_and_its_residual_carries_a_nine_sigma_modulation_at_the_combs_own_period_which_binning_at_that_period_cancels.py	14017.0386	14017.0386	MATCH
P15_CR_cosmology/P15_the_no_fit_confrontation_is_three_per_bin_and_its_residual_carries_a_nine_sigma_modulation_at_the_combs_own_period_which_binning_at_that_period_cancels.py	1.129	1.129	MATCH
P15_CR_cosmology/P15_the_no_fit_confrontation_is_three_per_bin_and_its_residual_carries_a_nine_sigma_modulation_at_the_combs_own_period_which_binning_at_that_period_cancels.py	3.002	3.002	MATCH
P15_CR_cosmology/P15_the_no_fit_confrontation_is_three_per_bin_and_its_residual_carries_a_nine_sigma_modulation_at_the_combs_own_period_which_binning_at_that_period_cancels.py	2.660	2.66	MATCH
P15_CR_cosmology/P15_the_no_fit_confrontation_is_three_per_bin_and_its_residual_carries_a_nine_sigma_modulation_at_the_combs_own_period_which_binning_at_that_period_cancels.py	0.994	0.994	MATCH
P15_CR_cosmology/P15_the_no_fit_confrontation_is_three_per_bin_and_its_residual_carries_a_nine_sigma_modulation_at_the_combs_own_period_which_binning_at_that_period_cancels.py	1.581	1.581	MATCH
P15_CR_cosmology/P15_the_no_fit_confrontation_is_three_per_bin_and_its_residual_carries_a_nine_sigma_modulation_at_the_combs_own_period_which_binning_at_that_period_cancels.py	1.591	1.591	MATCH
P15_CR_cosmology/P15_the_no_fit_confrontation_is_three_per_bin_and_its_residual_carries_a_nine_sigma_modulation_at_the_combs_own_period_which_binning_at_that_period_cancels.py	1.3729	1.3729	MATCH
P15_CR_cosmology/P15_the_no_fit_confrontation_is_three_per_bin_and_its_residual_carries_a_nine_sigma_modulation_at_the_combs_own_period_which_binning_at_that_period_cancels.py	9.08	9.08	MATCH
P15_CR_cosmology/P15_the_no_fit_confrontation_is_three_per_bin_and_its_residual_carries_a_nine_sigma_modulation_at_the_combs_own_period_which_binning_at_that_period_cancels.py	0.2028	0.2028	MATCH
P15_CR_cosmology/P15_the_no_fit_confrontation_is_three_per_bin_and_its_residual_carries_a_nine_sigma_modulation_at_the_combs_own_period_which_binning_at_that_period_cancels.py	1.80	1.8	MATCH
P15_CR_cosmology/P15_the_no_fit_confrontation_is_three_per_bin_and_its_residual_carries_a_nine_sigma_modulation_at_the_combs_own_period_which_binning_at_that_period_cancels.py	0.8128	0.8128	MATCH
P15_CR_cosmology/P15_the_no_fit_confrontation_is_three_per_bin_and_its_residual_carries_a_nine_sigma_modulation_at_the_combs_own_period_which_binning_at_that_period_cancels.py	6.89	6.89	MATCH
P15_CR_cosmology/P15_the_residual_does_not_sit_at_ell_A_it_sits_four_per_cent_off_and_the_visibility_width_candidate_predicts_an_ell_dependence_the_ratio_does_not_have.py	1.13	1.13	MATCH
P15_CR_cosmology/P15_the_residual_does_not_sit_at_ell_A_it_sits_four_per_cent_off_and_the_visibility_width_candidate_predicts_an_ell_dependence_the_ratio_does_not_have.py	3.00	3.0	MATCH
P15_CR_cosmology/P15_the_residual_does_not_sit_at_ell_A_it_sits_four_per_cent_off_and_the_visibility_width_candidate_predicts_an_ell_dependence_the_ratio_does_not_have.py	2.66	2.66	MATCH
P15_CR_cosmology/P15_the_residual_does_not_sit_at_ell_A_it_sits_four_per_cent_off_and_the_visibility_width_candidate_predicts_an_ell_dependence_the_ratio_does_not_have.py	1.58	1.58	MATCH
P15_CR_cosmology/P15_the_residual_does_not_sit_at_ell_A_it_sits_four_per_cent_off_and_the_visibility_width_candidate_predicts_an_ell_dependence_the_ratio_does_not_have.py	1.37	1.37	MATCH
P15_CR_cosmology/P15_the_residual_does_not_sit_at_ell_A_it_sits_four_per_cent_off_and_the_visibility_width_candidate_predicts_an_ell_dependence_the_ratio_does_not_have.py	6.75	6.75	MATCH
P15_CR_cosmology/P15_the_residual_does_not_sit_at_ell_A_it_sits_four_per_cent_off_and_the_visibility_width_candidate_predicts_an_ell_dependence_the_ratio_does_not_have.py	0.8128	0.8128	MATCH
P15_CR_cosmology/P15_the_residual_does_not_sit_at_ell_A_it_sits_four_per_cent_off_and_the_visibility_width_candidate_predicts_an_ell_dependence_the_ratio_does_not_have.py	0.1180	0.118	MATCH
P15_CR_cosmology/P15_the_residual_does_not_sit_at_ell_A_it_sits_four_per_cent_off_and_the_visibility_width_candidate_predicts_an_ell_dependence_the_ratio_does_not_have.py	6.888	6.888	MATCH
P15_CR_cosmology/P15_the_residual_does_not_sit_at_ell_A_it_sits_four_per_cent_off_and_the_visibility_width_candidate_predicts_an_ell_dependence_the_ratio_does_not_have.py	3.27	3.27	MATCH
P15_CR_cosmology/P15_the_residual_does_not_sit_at_ell_A_it_sits_four_per_cent_off_and_the_visibility_width_candidate_predicts_an_ell_dependence_the_ratio_does_not_have.py	3.53	3.53	MATCH
P15_CR_cosmology/P15_the_residual_does_not_sit_at_ell_A_it_sits_four_per_cent_off_and_the_visibility_width_candidate_predicts_an_ell_dependence_the_ratio_does_not_have.py	3.58	3.58	MATCH
P15_CR_cosmology/P15_the_residual_does_not_sit_at_ell_A_it_sits_four_per_cent_off_and_the_visibility_width_candidate_predicts_an_ell_dependence_the_ratio_does_not_have.py	3.65	3.65	MATCH
P15_CR_cosmology/P15_the_residual_does_not_sit_at_ell_A_it_sits_four_per_cent_off_and_the_visibility_width_candidate_predicts_an_ell_dependence_the_ratio_does_not_have.py	3.32	3.32	MATCH
P15_CR_cosmology/P15_the_residual_does_not_sit_at_ell_A_it_sits_four_per_cent_off_and_the_visibility_width_candidate_predicts_an_ell_dependence_the_ratio_does_not_have.py	312.00	312.0	MATCH
P15_CR_cosmology/P15_the_residual_does_not_sit_at_ell_A_it_sits_four_per_cent_off_and_the_visibility_width_candidate_predicts_an_ell_dependence_the_ratio_does_not_have.py	308.5	308.5	MATCH
P15_CR_cosmology/P15_the_residual_does_not_sit_at_ell_A_it_sits_four_per_cent_off_and_the_visibility_width_candidate_predicts_an_ell_dependence_the_ratio_does_not_have.py	315.2	315.2	MATCH
P15_CR_cosmology/P15_the_residual_does_not_sit_at_ell_A_it_sits_four_per_cent_off_and_the_visibility_width_candidate_predicts_an_ell_dependence_the_ratio_does_not_have.py	14.98	14.98	MATCH
P15_CR_cosmology/P15_the_residual_does_not_sit_at_ell_A_it_sits_four_per_cent_off_and_the_visibility_width_candidate_predicts_an_ell_dependence_the_ratio_does_not_have.py	4.70	4.7	MATCH
P15_CR_cosmology/P15_the_residual_does_not_sit_at_ell_A_it_sits_four_per_cent_off_and_the_visibility_width_candidate_predicts_an_ell_dependence_the_ratio_does_not_have.py	307.25	307.25	MATCH
P15_CR_cosmology/P15_the_residual_does_not_sit_at_ell_A_it_sits_four_per_cent_off_and_the_visibility_width_candidate_predicts_an_ell_dependence_the_ratio_does_not_have.py	347.25	347.25	MATCH
P15_CR_cosmology/P15_the_residual_does_not_sit_at_ell_A_it_sits_four_per_cent_off_and_the_visibility_width_candidate_predicts_an_ell_dependence_the_ratio_does_not_have.py	8.62	8.62	MATCH
P15_CR_cosmology/P15_the_visibility_width_is_not_the_carrier_the_swap_moves_the_fold_at_ell_A_by_under_two_per_cent_and_fails_the_undo_test_in_both_directions.py	38.0424	38.0424	MATCH
P15_CR_cosmology/P15_the_visibility_width_is_not_the_carrier_the_swap_moves_the_fold_at_ell_A_by_under_two_per_cent_and_fails_the_undo_test_in_both_directions.py	43.5913	43.5913	MATCH
P15_CR_cosmology/P15_the_visibility_width_is_not_the_carrier_the_swap_moves_the_fold_at_ell_A_by_under_two_per_cent_and_fails_the_undo_test_in_both_directions.py	14.59	14.59	MATCH
P15_CR_cosmology/P15_the_visibility_width_is_not_the_carrier_the_swap_moves_the_fold_at_ell_A_by_under_two_per_cent_and_fails_the_undo_test_in_both_directions.py	14.3	14.3	MATCH
P15_CR_cosmology/P15_the_visibility_width_is_not_the_carrier_the_swap_moves_the_fold_at_ell_A_by_under_two_per_cent_and_fails_the_undo_test_in_both_directions.py	0.454950	0.45495	MATCH
P15_CR_cosmology/P15_the_visibility_width_is_not_the_carrier_the_swap_moves_the_fold_at_ell_A_by_under_two_per_cent_and_fails_the_undo_test_in_both_directions.py	0.396733	0.396733	MATCH
P15_CR_cosmology/P15_the_visibility_width_is_not_the_carrier_the_swap_moves_the_fold_at_ell_A_by_under_two_per_cent_and_fails_the_undo_test_in_both_directions.py	-12.8	-12.8	MATCH
P15_CR_cosmology/P15_the_visibility_width_is_not_the_carrier_the_swap_moves_the_fold_at_ell_A_by_under_two_per_cent_and_fails_the_undo_test_in_both_directions.py	1.0459	1.0459	MATCH
P15_CR_cosmology/P15_the_visibility_width_is_not_the_carrier_the_swap_moves_the_fold_at_ell_A_by_under_two_per_cent_and_fails_the_undo_test_in_both_directions.py	1.0945	1.0945	MATCH
P15_CR_cosmology/P15_the_visibility_width_is_not_the_carrier_the_swap_moves_the_fold_at_ell_A_by_under_two_per_cent_and_fails_the_undo_test_in_both_directions.py	1.1268	1.1268	MATCH
P15_CR_cosmology/P15_the_visibility_width_is_not_the_carrier_the_swap_moves_the_fold_at_ell_A_by_under_two_per_cent_and_fails_the_undo_test_in_both_directions.py	0.9876	0.9876	MATCH
P15_CR_cosmology/P15_the_visibility_width_is_not_the_carrier_the_swap_moves_the_fold_at_ell_A_by_under_two_per_cent_and_fails_the_undo_test_in_both_directions.py	1.0965	1.0965	MATCH
P15_CR_cosmology/P15_the_visibility_width_is_not_the_carrier_the_swap_moves_the_fold_at_ell_A_by_under_two_per_cent_and_fails_the_undo_test_in_both_directions.py	1.3570	1.357	MATCH
P15_CR_cosmology/P15_the_visibility_width_is_not_the_carrier_the_swap_moves_the_fold_at_ell_A_by_under_two_per_cent_and_fails_the_undo_test_in_both_directions.py	0.04046	0.04046	MATCH
P15_CR_cosmology/P15_the_visibility_width_is_not_the_carrier_the_swap_moves_the_fold_at_ell_A_by_under_two_per_cent_and_fails_the_undo_test_in_both_directions.py	0.18468	0.18468	MATCH
P15_CR_cosmology/P15_the_visibility_width_is_not_the_carrier_the_swap_moves_the_fold_at_ell_A_by_under_two_per_cent_and_fails_the_undo_test_in_both_directions.py	4.56	4.56	MATCH
P15_CR_cosmology/P15_the_visibility_width_is_not_the_carrier_the_swap_moves_the_fold_at_ell_A_by_under_two_per_cent_and_fails_the_undo_test_in_both_directions.py	0.3704	0.3704	MATCH
P15_CR_cosmology/P15_the_visibility_width_is_not_the_carrier_the_swap_moves_the_fold_at_ell_A_by_under_two_per_cent_and_fails_the_undo_test_in_both_directions.py	36.4	36.4	MATCH
P15_CR_cosmology/P15_the_visibility_width_is_not_the_carrier_the_swap_moves_the_fold_at_ell_A_by_under_two_per_cent_and_fails_the_undo_test_in_both_directions.py	0.3639	0.3639	MATCH
P15_CR_cosmology/P15_the_visibility_width_is_not_the_carrier_the_swap_moves_the_fold_at_ell_A_by_under_two_per_cent_and_fails_the_undo_test_in_both_directions.py	36.7	36.7	MATCH
P15_CR_cosmology/P15_the_visibility_width_is_not_the_carrier_the_swap_moves_the_fold_at_ell_A_by_under_two_per_cent_and_fails_the_undo_test_in_both_directions.py	0.4003	0.4003	MATCH
P15_CR_cosmology/P15_the_visibility_width_is_not_the_carrier_the_swap_moves_the_fold_at_ell_A_by_under_two_per_cent_and_fails_the_undo_test_in_both_directions.py	35.4	35.4	MATCH
P15_CR_cosmology/P15_the_visibility_width_is_not_the_carrier_the_swap_moves_the_fold_at_ell_A_by_under_two_per_cent_and_fails_the_undo_test_in_both_directions.py	0.4007	0.4007	MATCH
P15_CR_cosmology/P15_the_visibility_width_is_not_the_carrier_the_swap_moves_the_fold_at_ell_A_by_under_two_per_cent_and_fails_the_undo_test_in_both_directions.py	35.3	35.3	MATCH
P15_CR_cosmology/P15_the_visibility_width_is_not_the_carrier_the_swap_moves_the_fold_at_ell_A_by_under_two_per_cent_and_fails_the_undo_test_in_both_directions.py	10.1	10.1	MATCH
P15_CR_cosmology/P15_the_period_difference_null_is_not_significant_because_the_control_has_no_measurable_period_and_the_offset_is_exactly_a_phase_drift_at_fixed_ell_A.py	-35.25	-35.25	MATCH
P15_CR_cosmology/P15_the_period_difference_null_is_not_significant_because_the_control_has_no_measurable_period_and_the_offset_is_exactly_a_phase_drift_at_fixed_ell_A.py	36.29	36.29	MATCH
P15_CR_cosmology/P15_the_period_difference_null_is_not_significant_because_the_control_has_no_measurable_period_and_the_offset_is_exactly_a_phase_drift_at_fixed_ell_A.py	311.79	311.79	MATCH
P15_CR_cosmology/P15_the_period_difference_null_is_not_significant_because_the_control_has_no_measurable_period_and_the_offset_is_exactly_a_phase_drift_at_fixed_ell_A.py	334.65	334.65	MATCH
P15_CR_cosmology/P15_the_period_difference_null_is_not_significant_because_the_control_has_no_measurable_period_and_the_offset_is_exactly_a_phase_drift_at_fixed_ell_A.py	10.6	10.6	MATCH
P15_CR_cosmology/P15_the_period_difference_null_is_not_significant_because_the_control_has_no_measurable_period_and_the_offset_is_exactly_a_phase_drift_at_fixed_ell_A.py	308.24	308.24	MATCH
P15_CR_cosmology/P15_the_period_difference_null_is_not_significant_because_the_control_has_no_measurable_period_and_the_offset_is_exactly_a_phase_drift_at_fixed_ell_A.py	11.9	11.9	MATCH
P15_CR_cosmology/P15_the_period_difference_null_is_not_significant_because_the_control_has_no_measurable_period_and_the_offset_is_exactly_a_phase_drift_at_fixed_ell_A.py	14.00	14.0	MATCH
P15_CR_cosmology/P15_the_period_difference_null_is_not_significant_because_the_control_has_no_measurable_period_and_the_offset_is_exactly_a_phase_drift_at_fixed_ell_A.py	4.70	4.7	MATCH
P15_CR_cosmology/P15_the_period_difference_null_is_not_significant_because_the_control_has_no_measurable_period_and_the_offset_is_exactly_a_phase_drift_at_fixed_ell_A.py	4.69	4.69	MATCH
P15_CR_cosmology/P15_the_period_difference_null_is_not_significant_because_the_control_has_no_measurable_period_and_the_offset_is_exactly_a_phase_drift_at_fixed_ell_A.py	9.25	9.25	MATCH
P15_CR_cosmology/P15_the_period_difference_null_is_not_significant_because_the_control_has_no_measurable_period_and_the_offset_is_exactly_a_phase_drift_at_fixed_ell_A.py	1.05	1.05	MATCH
P15_CR_cosmology/P15_the_period_difference_null_is_not_significant_because_the_control_has_no_measurable_period_and_the_offset_is_exactly_a_phase_drift_at_fixed_ell_A.py	4.90	4.9	MATCH
P15_CR_cosmology/P15_the_period_difference_null_is_not_significant_because_the_control_has_no_measurable_period_and_the_offset_is_exactly_a_phase_drift_at_fixed_ell_A.py	-96.6	-96.6	MATCH
P15_CR_cosmology/P15_the_period_difference_null_is_not_significant_because_the_control_has_no_measurable_period_and_the_offset_is_exactly_a_phase_drift_at_fixed_ell_A.py	0.268	0.268	MATCH
P15_CR_cosmology/P15_the_period_difference_null_is_not_significant_because_the_control_has_no_measurable_period_and_the_offset_is_exactly_a_phase_drift_at_fixed_ell_A.py	5.98	5.98	MATCH
P15_CR_cosmology/P15_the_two_exact_twos_are_the_same_pair_of_stretches_read_on_two_clocks_and_the_cosmic_one_is_the_ratio_of_the_two_seams_own_leg_parameters.py	2.3042	2.3042	MATCH
P15_CR_cosmology/P15_the_two_exact_twos_are_the_same_pair_of_stretches_read_on_two_clocks_and_the_cosmic_one_is_the_ratio_of_the_two_seams_own_leg_parameters.py	4.6083	4.6083	ABSENT
P15_CR_cosmology/P15_the_two_exact_twos_are_the_same_pair_of_stretches_read_on_two_clocks_and_the_cosmic_one_is_the_ratio_of_the_two_seams_own_leg_parameters.py	0.4482	0.4482	MATCH
P15_CR_cosmology/P15_the_phase_slope_does_not_separate_the_loading_from_the_driving_because_a_primordial_tilt_moves_it_as_much_as_the_baryon_density_and_the_clean_lever_is_not_banked.py	312.00	312.0	UNRUN
P15_CR_cosmology/P15_the_phase_slope_does_not_separate_the_loading_from_the_driving_because_a_primordial_tilt_moves_it_as_much_as_the_baryon_density_and_the_clean_lever_is_not_banked.py	-96.6	-96.6	UNRUN
P15_CR_cosmology/P15_the_phase_slope_does_not_separate_the_loading_from_the_driving_because_a_primordial_tilt_moves_it_as_much_as_the_baryon_density_and_the_clean_lever_is_not_banked.py	-9.2995\times10^{-4}	-0.00092995	UNRUN
P15_CR_cosmology/P15_the_phase_slope_does_not_separate_the_loading_from_the_driving_because_a_primordial_tilt_moves_it_as_much_as_the_baryon_density_and_the_clean_lever_is_not_banked.py	0.0216	0.0216	UNRUN
P15_CR_cosmology/P15_the_phase_slope_does_not_separate_the_loading_from_the_driving_because_a_primordial_tilt_moves_it_as_much_as_the_baryon_density_and_the_clean_lever_is_not_banked.py	0.0232	0.0232	UNRUN
P15_CR_cosmology/P15_the_phase_slope_does_not_separate_the_loading_from_the_driving_because_a_primordial_tilt_moves_it_as_much_as_the_baryon_density_and_the_clean_lever_is_not_banked.py	0.945	0.945	UNRUN
P15_CR_cosmology/P15_the_phase_slope_does_not_separate_the_loading_from_the_driving_because_a_primordial_tilt_moves_it_as_much_as_the_baryon_density_and_the_clean_lever_is_not_banked.py	0.985	0.985	UNRUN
P15_CR_cosmology/P15_the_phase_slope_does_not_separate_the_loading_from_the_driving_because_a_primordial_tilt_moves_it_as_much_as_the_baryon_density_and_the_clean_lever_is_not_banked.py	1.55	1.55	UNRUN
P15_CR_cosmology/P15_the_phase_slope_does_not_separate_the_loading_from_the_driving_because_a_primordial_tilt_moves_it_as_much_as_the_baryon_density_and_the_clean_lever_is_not_banked.py	1.49	1.49	UNRUN
P15_CR_cosmology/P15_the_phase_slope_does_not_separate_the_loading_from_the_driving_because_a_primordial_tilt_moves_it_as_much_as_the_baryon_density_and_the_clean_lever_is_not_banked.py	1.26	1.26	UNRUN
P15_CR_cosmology/P15_the_phase_slope_does_not_separate_the_loading_from_the_driving_because_a_primordial_tilt_moves_it_as_much_as_the_baryon_density_and_the_clean_lever_is_not_banked.py	2.11	2.11	UNRUN
P15_CR_cosmology/P15_the_phase_slope_does_not_separate_the_loading_from_the_driving_because_a_primordial_tilt_moves_it_as_much_as_the_baryon_density_and_the_clean_lever_is_not_banked.py	1.46	1.46	UNRUN
P15_CR_cosmology/P15_the_phase_slope_does_not_separate_the_loading_from_the_driving_because_a_primordial_tilt_moves_it_as_much_as_the_baryon_density_and_the_clean_lever_is_not_banked.py	3.43\times10^{-4}	0.00034300000000000004	UNRUN
P15_CR_cosmology/P15_the_de_tilted_peak_set_is_the_phase_observable_the_slope_was_not_and_it_separates_the_baryon_direction_from_a_tilt_by_twenty_but_the_driving_half_needs_its_own_pair.py	-0.0276	-0.0276	MATCH
P15_CR_cosmology/P15_the_de_tilted_peak_set_is_the_phase_observable_the_slope_was_not_and_it_separates_the_baryon_direction_from_a_tilt_by_twenty_but_the_driving_half_needs_its_own_pair.py	0.0104	0.0104	MATCH
P15_CR_cosmology/P15_the_de_tilted_peak_set_is_the_phase_observable_the_slope_was_not_and_it_separates_the_baryon_direction_from_a_tilt_by_twenty_but_the_driving_half_needs_its_own_pair.py	11.3	11.3	MATCH
P15_CR_cosmology/P15_the_de_tilted_peak_set_is_the_phase_observable_the_slope_was_not_and_it_separates_the_baryon_direction_from_a_tilt_by_twenty_but_the_driving_half_needs_its_own_pair.py	21.4	21.4	MATCH
P15_CR_cosmology/P15_the_de_tilted_peak_set_is_the_phase_observable_the_slope_was_not_and_it_separates_the_baryon_direction_from_a_tilt_by_twenty_but_the_driving_half_needs_its_own_pair.py	11.4	11.4	MATCH
P15_CR_cosmology/P15_the_de_tilted_peak_set_is_the_phase_observable_the_slope_was_not_and_it_separates_the_baryon_direction_from_a_tilt_by_twenty_but_the_driving_half_needs_its_own_pair.py	22.6	22.6	MATCH
P15_CR_cosmology/P15_the_de_tilted_peak_set_is_the_phase_observable_the_slope_was_not_and_it_separates_the_baryon_direction_from_a_tilt_by_twenty_but_the_driving_half_needs_its_own_pair.py	0.00217	0.00217	MATCH
P15_CR_cosmology/P15_the_de_tilted_peak_set_is_the_phase_observable_the_slope_was_not_and_it_separates_the_baryon_direction_from_a_tilt_by_twenty_but_the_driving_half_needs_its_own_pair.py	0.00244	0.00244	MATCH
P15_CR_cosmology/P15_the_de_tilted_peak_set_is_the_phase_observable_the_slope_was_not_and_it_separates_the_baryon_direction_from_a_tilt_by_twenty_but_the_driving_half_needs_its_own_pair.py	0.126	0.126	MATCH
P15_CR_cosmology/P15_the_de_tilted_peak_set_is_the_phase_observable_the_slope_was_not_and_it_separates_the_baryon_direction_from_a_tilt_by_twenty_but_the_driving_half_needs_its_own_pair.py	-0.0247	-0.0247	MATCH
P15_CR_cosmology/P15_the_de_tilted_peak_set_is_the_phase_observable_the_slope_was_not_and_it_separates_the_baryon_direction_from_a_tilt_by_twenty_but_the_driving_half_needs_its_own_pair.py	-0.0278	-0.0278	MATCH
P15_CR_cosmology/P15_the_de_tilted_peak_set_is_the_phase_observable_the_slope_was_not_and_it_separates_the_baryon_direction_from_a_tilt_by_twenty_but_the_driving_half_needs_its_own_pair.py	0.0108	0.0108	MATCH
P15_CR_cosmology/P15_a_drive_clock_error_cannot_move_the_spacing_so_it_is_a_running_phase_but_its_direction_on_the_peak_plane_depends_on_which_pair_of_stretches_is_read_and_the_two_clocks_disagree_about_which_is_longer.py	2.0000	2.0	UNRUN
P15_CR_cosmology/P15_a_drive_clock_error_cannot_move_the_spacing_so_it_is_a_running_phase_but_its_direction_on_the_peak_plane_depends_on_which_pair_of_stretches_is_read_and_the_two_clocks_disagree_about_which_is_longer.py	0.4340	0.434	UNRUN
P15_CR_cosmology/P15_a_drive_clock_error_cannot_move_the_spacing_so_it_is_a_running_phase_but_its_direction_on_the_peak_plane_depends_on_which_pair_of_stretches_is_read_and_the_two_clocks_disagree_about_which_is_longer.py	4.6083	4.6083	UNRUN
P15_CR_cosmology/P15_a_drive_clock_error_cannot_move_the_spacing_so_it_is_a_running_phase_but_its_direction_on_the_peak_plane_depends_on_which_pair_of_stretches_is_read_and_the_two_clocks_disagree_about_which_is_longer.py	78.3	78.3	UNRUN
P15_CR_cosmology/P15_a_drive_clock_error_cannot_move_the_spacing_so_it_is_a_running_phase_but_its_direction_on_the_peak_plane_depends_on_which_pair_of_stretches_is_read_and_the_two_clocks_disagree_about_which_is_longer.py	0.868	0.868	UNRUN
P15_CR_cosmology/P15_a_drive_clock_error_cannot_move_the_spacing_so_it_is_a_running_phase_but_its_direction_on_the_peak_plane_depends_on_which_pair_of_stretches_is_read_and_the_two_clocks_disagree_about_which_is_longer.py	4.61	4.61	UNRUN
P15_CR_cosmology/P15_a_drive_clock_error_cannot_move_the_spacing_so_it_is_a_running_phase_but_its_direction_on_the_peak_plane_depends_on_which_pair_of_stretches_is_read_and_the_two_clocks_disagree_about_which_is_longer.py	3.87	3.87	UNRUN
P15_CR_cosmology/P15_a_drive_clock_error_cannot_move_the_spacing_so_it_is_a_running_phase_but_its_direction_on_the_peak_plane_depends_on_which_pair_of_stretches_is_read_and_the_two_clocks_disagree_about_which_is_longer.py	1.26	1.26	UNRUN
P15_CR_cosmology/P15_a_drive_clock_error_cannot_move_the_spacing_so_it_is_a_running_phase_but_its_direction_on_the_peak_plane_depends_on_which_pair_of_stretches_is_read_and_the_two_clocks_disagree_about_which_is_longer.py	0.0832	0.0832	UNRUN
P15_CR_cosmology/P15_a_drive_clock_error_cannot_move_the_spacing_so_it_is_a_running_phase_but_its_direction_on_the_peak_plane_depends_on_which_pair_of_stretches_is_read_and_the_two_clocks_disagree_about_which_is_longer.py	-0.0199	-0.0199	UNRUN
P15_CR_cosmology/P15_a_drive_clock_error_cannot_move_the_spacing_so_it_is_a_running_phase_but_its_direction_on_the_peak_plane_depends_on_which_pair_of_stretches_is_read_and_the_two_clocks_disagree_about_which_is_longer.py	0.239	0.239	UNRUN
P15_CR_cosmology/P15_a_drive_clock_error_cannot_move_the_spacing_so_it_is_a_running_phase_but_its_direction_on_the_peak_plane_depends_on_which_pair_of_stretches_is_read_and_the_two_clocks_disagree_about_which_is_longer.py	0.196	0.196	UNRUN
P15_CR_cosmology/P15_a_drive_clock_error_cannot_move_the_spacing_so_it_is_a_running_phase_but_its_direction_on_the_peak_plane_depends_on_which_pair_of_stretches_is_read_and_the_two_clocks_disagree_about_which_is_longer.py	0.300	0.3	UNRUN
P15_CR_cosmology/P15_a_drive_clock_error_cannot_move_the_spacing_so_it_is_a_running_phase_but_its_direction_on_the_peak_plane_depends_on_which_pair_of_stretches_is_read_and_the_two_clocks_disagree_about_which_is_longer.py	-0.268	-0.268	UNRUN
P15_CR_cosmology/P15_a_drive_clock_error_cannot_move_the_spacing_so_it_is_a_running_phase_but_its_direction_on_the_peak_plane_depends_on_which_pair_of_stretches_is_read_and_the_two_clocks_disagree_about_which_is_longer.py	0.158	0.158	UNRUN
P15_CR_cosmology/P15_a_drive_clock_error_cannot_move_the_spacing_so_it_is_a_running_phase_but_its_direction_on_the_peak_plane_depends_on_which_pair_of_stretches_is_read_and_the_two_clocks_disagree_about_which_is_longer.py	0.168	0.168	UNRUN
P15_CR_cosmology/P15_a_drive_clock_error_cannot_move_the_spacing_so_it_is_a_running_phase_but_its_direction_on_the_peak_plane_depends_on_which_pair_of_stretches_is_read_and_the_two_clocks_disagree_about_which_is_longer.py	0.196	0.196	UNRUN
P15_CR_cosmology/P15_a_drive_clock_error_cannot_move_the_spacing_so_it_is_a_running_phase_but_its_direction_on_the_peak_plane_depends_on_which_pair_of_stretches_is_read_and_the_two_clocks_disagree_about_which_is_longer.py	0.388	0.388	UNRUN
