receipts/L147_two_arm/B10_the_thermal_mechanism_needs_an_exponential_approach.py	"$\\mathrm{dS}_{2}\\times S^{2}$"	PAPER	
receipts/L147_two_arm/B10_the_thermal_mechanism_needs_an_exponential_approach.py	"What is claimed is the coincidence and not a value"	PAPER	ALT
receipts/L147_two_arm/B10_the_thermal_mechanism_needs_an_exponential_approach.py	"a third case"	PAPER	MULTI,SECSHARED
receipts/L147_two_arm/B10_the_thermal_mechanism_needs_an_exponential_approach.py	"carries a scale of its own"	PAPER	
receipts/L147_two_arm/B10_the_thermal_mechanism_needs_an_exponential_approach.py	"degenerate Nariai double root's power-law approach carries no scale"	PAPER	
receipts/L147_two_arm/B10_the_thermal_mechanism_needs_an_exponential_approach.py	"exponential near-horizon approach"	PAPER	
receipts/L147_two_arm/B10_the_thermal_mechanism_needs_an_exponential_approach.py	"one fact serving two purposes"	PAPER	
receipts/L147_two_arm/B10_the_thermal_mechanism_needs_an_exponential_approach.py	"the two readings are not reconciled here"	PAPER	ALT
receipts/L147_two_arm/B1_the_control_separates_prediction_from_shared_constant.py	"$1.18$ is not a fit"	SOURCE	
receipts/L147_two_arm/B1_the_control_separates_prediction_from_shared_constant.py	"MEASUREMENT DISCREPANCY, not a framework verdict"	SOURCE	
receipts/L147_two_arm/B1_the_control_separates_prediction_from_shared_constant.py	"PO-7` stays protected"	SOURCE	
receipts/L147_two_arm/B2_the_prose_duplicate_did_not_reach_main.py	"leaves no conflict marker to notice"	SOURCE	
receipts/L147_two_arm/B2_the_prose_duplicate_did_not_reach_main.py	"step"	SOURCE	
receipts/L147_two_arm/B2_the_prose_duplicate_did_not_reach_main.py	"two consecutive stages of one argument"	SOURCE	
receipts/L147_two_arm/B3_a_dichotomy_stated_is_not_a_dichotomy_proved.py	"0.7300"	SOURCE	ALT
receipts/L147_two_arm/B3_a_dichotomy_stated_is_not_a_dichotomy_proved.py	"21.8%"	SOURCE	ALT
receipts/L147_two_arm/B3_a_dichotomy_stated_is_not_a_dichotomy_proved.py	"ruling out one horn"	SOURCE	ALT
receipts/L147_two_arm/B3_a_dichotomy_stated_is_not_a_dichotomy_proved.py	"seam datum"	SOURCE	ALT
receipts/L147_two_arm/B8_the_zero_velocity_band_is_a_third_of_the_gap.py	"antilinear"	SOURCE	
receipts/L147_two_arm/B8_the_zero_velocity_band_is_a_third_of_the_gap.py	"delta_g = D cos(k c_s (eta - eta_S) + phi)"	SOURCE	
receipts/L147_two_arm/B8_the_zero_velocity_band_is_a_third_of_the_gap.py	"phi = 0 is a density extremum with theta = 0"	SOURCE	
receipts/L147_two_arm/B8_the_zero_velocity_band_is_a_third_of_the_gap.py	"reality admits exactly two values, geometrically forced"	SOURCE	
receipts/L147_two_arm/B8_the_zero_velocity_band_is_a_third_of_the_gap.py	"theta_g = (3/4) D k c_s sin(phi)"	SOURCE	
receipts/L147_two_arm/B9_the_admissible_pair_is_forced_not_merely_distinguished.py	"A frozen mode has no oscillation for the kernel to damp"	PAPER	
receipts/L147_two_arm/B9_the_admissible_pair_is_forced_not_merely_distinguished.py	"every} mode exits it and freezes before the crossing"	PAPER	ALT
receipts/L147_two_arm/B9_the_admissible_pair_is_forced_not_merely_distinguished.py	"label{sec:what-crosses}"	PAPER	
receipts/L147_two_arm/B9_the_admissible_pair_is_forced_not_merely_distinguished.py	"mode exits it and freezes before the crossing"	PAPER	ALT
receipts/L147_two_arm/B9_the_admissible_pair_is_forced_not_merely_distinguished.py	"theta_g = (3/4) D k c_s sin(phi)"	SOURCE	
receipts/L150_the_datum/X1_the_ratio_is_a_clock_reading_not_a_carried_datum.py	"It survives in an amplitude and cancels in every logarithmic derivative"	SOURCE	
receipts/L150_the_datum/X1_the_ratio_is_a_clock_reading_not_a_carried_datum.py	"The cosmology carries no early-universe parameter, and what it does carry should be stated plainly"	PAPER	
receipts/L150_the_datum/X1_the_ratio_is_a_clock_reading_not_a_carried_datum.py	"There is no early-universe parameter among them"	PAPER	
receipts/L150_the_datum/X1_the_ratio_is_a_clock_reading_not_a_carried_datum.py	"a dimensionless magnitude needs two"	PAPER	MULTI
receipts/L150_the_datum/X1_the_ratio_is_a_clock_reading_not_a_carried_datum.py	"a quantity with no single value has no handover to transmit"	PAPER	MULTI
receipts/L150_the_datum/X1_the_ratio_is_a_clock_reading_not_a_carried_datum.py	"is that start read in units of a density rather than an inheritance"	PAPER	
receipts/L150_the_datum/X1_the_ratio_is_a_clock_reading_not_a_carried_datum.py	"the angle is an output of the rate rather than a calibration of it"	PAPER	
receipts/L150_the_datum/X1_the_ratio_is_a_clock_reading_not_a_carried_datum.py	"the crossing determines how much a perturbation is multiplied, and does not determine the perturbation"	SOURCE	
receipts/L150_the_datum/X1_the_ratio_is_a_clock_reading_not_a_carried_datum.py	"the density crosses as inherited content"	PAPER	
receipts/L150_the_datum/X1_the_ratio_is_a_clock_reading_not_a_carried_datum.py	"the one quantity the handover supplies"	PAPER	MULTI
receipts/L150_the_datum/X1_the_ratio_is_a_clock_reading_not_a_carried_datum.py	"the same standard datum that fixes both the light-element abundances and the microwave-background peak \\emph{heights}"	PAPER	
receipts/L150_the_datum/X1_the_ratio_is_a_clock_reading_not_a_carried_datum.py	"there is no such start and no such amplitude"	PAPER	
receipts/L165_defining_the_sum/S1_seven_necessary_conditions_on_the_measure.py	"Brown and Kucha"	PAPER	
receipts/L165_defining_the_sum/S1_seven_necessary_conditions_on_the_measure.py	"Here it does not"	PAPER	
receipts/L165_defining_the_sum/S1_seven_necessary_conditions_on_the_measure.py	"path integral ranges over the conformal factor of the metric"	PAPER	
receipts/L165_defining_the_sum/S1_seven_necessary_conditions_on_the_measure.py	"substrate's scale is $\\alpha$ and is fixed---not chosen, but required"	PAPER	
receipts/L165_defining_the_sum/S2_c1_and_c2_are_one_and_the_source_answers_more.py	"Here it does not"	PAPER	
receipts/L165_defining_the_sum/S2_c1_and_c2_are_one_and_the_source_answers_more.py	"The substrate's scale is $\\alpha$ and is fixed---not chosen, but required"	PAPER	
receipts/L165_defining_the_sum/S2_c1_and_c2_are_one_and_the_source_answers_more.py	"a harmonic oscillator, whose Hamiltonian is bounded below"	PAPER	
receipts/L165_defining_the_sum/S2_c1_and_c2_are_one_and_the_source_answers_more.py	"conformal-factor problem arises when the path integral ranges over the conformal factor"	PAPER	
receipts/L165_defining_the_sum/S2_c1_and_c2_are_one_and_the_source_answers_more.py	"finite throughout"	PAPER	
receipts/L165_defining_the_sum/S2_c1_and_c2_are_one_and_the_source_answers_more.py	"harmonic oscillator"	SOURCE	
receipts/L165_defining_the_sum/S2_c1_and_c2_are_one_and_the_source_answers_more.py	"is likewise confined"	PAPER	
receipts/L165_defining_the_sum/S2_c1_and_c2_are_one_and_the_source_answers_more.py	"on an interval fixed by the progenitor mass"	PAPER	
receipts/L165_defining_the_sum/S2_c1_and_c2_are_one_and_the_source_answers_more.py	"precisely the sector the conformal mode is absent from"	PAPER	
receipts/L165_defining_the_sum/S2_c1_and_c2_are_one_and_the_source_answers_more.py	"so there is no conformal mode to integrate over"	PAPER	
receipts/L165_defining_the_sum/S2_c1_and_c2_are_one_and_the_source_answers_more.py	"the transverse-traceless shear"	PAPER	MULTI,SECSHARED
receipts/L165_defining_the_sum/S2_c1_and_c2_are_one_and_the_source_answers_more.py	"whether it is bounded below"	SOURCE	
receipts/L165_defining_the_sum/S3_c6_is_a_theorem_not_a_condition.py	"FIBRE BY FIBRE"	SOURCE	
receipts/L165_defining_the_sum/S3_c6_is_a_theorem_not_a_condition.py	"IT MUST RESPECT THE PER-FIBRE CLOSURE"	SOURCE	
receipts/L165_defining_the_sum/S3_c6_is_a_theorem_not_a_condition.py	"at leading order"	SOURCE	
receipts/L165_defining_the_sum/S3_c6_is_a_theorem_not_a_condition.py	"decomposes as a DIRECT INTEGRAL over its spectrum"	SOURCE	
receipts/L165_defining_the_sum/S3_c6_is_a_theorem_not_a_condition.py	"irrelevant to whether each of its fibres receives a condition"	SOURCE	
receipts/L165_defining_the_sum/S3_c6_is_a_theorem_not_a_condition.py	"since it commutes with the radial part"	SOURCE	
receipts/L165_defining_the_sum/S4_the_open_half_is_the_floor.py	"bounded below by $\\gamma$ and unbounded above"	PAPER	
receipts/L165_defining_the_sum/S4_the_open_half_is_the_floor.py	"commutes with the radial part"	PAPER	
receipts/L165_defining_the_sum/S4_the_open_half_is_the_floor.py	"decomposes as a direct integral"	PAPER	
receipts/L165_defining_the_sum/S4_the_open_half_is_the_floor.py	"does not bear on the closure below"	PAPER	
receipts/L165_defining_the_sum/S4_the_open_half_is_the_floor.py	"does occupy both sides"	PAPER	
receipts/L165_defining_the_sum/S4_the_open_half_is_the_floor.py	"fibre by fibre"	PAPER	MULTI
receipts/L165_defining_the_sum/S4_the_open_half_is_the_floor.py	"is not assumed here"	PAPER	
receipts/L165_defining_the_sum/S4_the_open_half_is_the_floor.py	"not that the spectrum has a floor"	PAPER	
receipts/L165_defining_the_sum/S4_the_open_half_is_the_floor.py	"straddle itself is a computed fact\\rcpt{P10_the_straddle_is_computed}"	PAPER	
receipts/L165_defining_the_sum/S4_the_open_half_is_the_floor.py	"the operator is a sum of squares"	PAPER	
receipts/L165_defining_the_sum/S4_the_open_half_is_the_floor.py	"though it does in fact follow"	PAPER	
receipts/L165_defining_the_sum/S4_the_open_half_is_the_floor.py	"uses only that both sides of the threshold are occupied"	PAPER	MULTI,SECSHARED
receipts/L165_defining_the_sum/S4_the_open_half_is_the_floor.py	"whether it is bounded below"	SOURCE	
receipts/L165_interacting_tower/D1_the_boundary_is_per_fibre_and_the_UV_is_over_fibres.py	"1+\\lambda\\phi"	SOURCE	
receipts/L165_interacting_tower/D1_the_boundary_is_per_fibre_and_the_UV_is_over_fibres.py	"A node may write a bounded negative"	SOURCE	
receipts/L165_interacting_tower/D1_the_boundary_is_per_fibre_and_the_UV_is_over_fibres.py	"TRUNCATION ARTEFACT"	SOURCE	
receipts/L165_interacting_tower/D1_the_boundary_is_per_fibre_and_the_UV_is_over_fibres.py	"a different thing from a residual freedom in the quantization"	PAPER	MULTI
receipts/L165_interacting_tower/D1_the_boundary_is_per_fibre_and_the_UV_is_over_fibres.py	"closed-form nonlinear"	SOURCE	
receipts/L165_interacting_tower/D1_the_boundary_is_per_fibre_and_the_UV_is_over_fibres.py	"decomposes as a direct integral over its spectrum"	PAPER	
receipts/L165_interacting_tower/D1_the_boundary_is_per_fibre_and_the_UV_is_over_fibres.py	"does not settle it"	PAPER	
receipts/L165_interacting_tower/D1_the_boundary_is_per_fibre_and_the_UV_is_over_fibres.py	"essentially self-adjoint where $\\hat\\Gamma\\ge\\tfrac34$"	PAPER	
receipts/L165_interacting_tower/D1_the_boundary_is_per_fibre_and_the_UV_is_over_fibres.py	"limit-circle where $\\hat\\Gamma<\\tfrac34$"	PAPER	
receipts/L165_interacting_tower/D1_the_boundary_is_per_fibre_and_the_UV_is_over_fibres.py	"not need a lower bound"	SOURCE	
receipts/L165_interacting_tower/D1_the_boundary_is_per_fibre_and_the_UV_is_over_fibres.py	"supplies the condition fibre by fibre"	PAPER	
receipts/L165_interacting_tower/D1_the_boundary_is_per_fibre_and_the_UV_is_over_fibres.py	"the first of the leading-order"	SOURCE	
receipts/L165_interacting_tower/D1_the_boundary_is_per_fibre_and_the_UV_is_over_fibres.py	"the second of the complete one"	SOURCE	
receipts/L165_interacting_tower/D1_the_boundary_is_per_fibre_and_the_UV_is_over_fibres.py	"ultraviolet definition of the tower sums"	SOURCE	
receipts/L165_interacting_tower/D2_the_UV_degree_is_quartic_and_the_IR_is_free.py	"$n(n+2)-2$, $n\\ge 2$"	PAPER	
receipts/L165_interacting_tower/D2_the_UV_degree_is_quartic_and_the_IR_is_free.py	"$n\\ge 2$"	PAPER	
receipts/L165_interacting_tower/D2_the_UV_degree_is_quartic_and_the_IR_is_free.py	"A node may write a bounded negative"	SOURCE	
receipts/L165_interacting_tower/D2_the_UV_degree_is_quartic_and_the_IR_is_free.py	"\\pi_n=a^3\\dot\\phi_n"	PAPER	
receipts/L165_interacting_tower/D2_the_UV_degree_is_quartic_and_the_IR_is_free.py	"the divergence is measured here rather than characterised"	PAPER	
receipts/L165_interacting_tower/D2_the_UV_degree_is_quartic_and_the_IR_is_free.py	"the tower's frequencies are $\\mu_n^2=n(n+2)$"	PAPER	
receipts/L165_interacting_tower/D2_the_UV_degree_is_quartic_and_the_IR_is_free.py	"time-dependent mass $a^3$ and frequency $\\mu_n/a$"	PAPER	
receipts/L165_interacting_tower/D3_the_floor_does_not_survive_the_cubic.py	"At leading order $\\hat\\Gamma=\\gamma+c\\sum_n\\hat\\pi_n^2$"	PAPER	
receipts/L165_interacting_tower/D3_the_floor_does_not_survive_the_cubic.py	"\\pi_n^2\\phi_m/a^3$ in kind"	PAPER	
receipts/L165_interacting_tower/D3_the_floor_does_not_survive_the_cubic.py	"is not assumed here"	PAPER	
receipts/L165_interacting_tower/D3_the_floor_does_not_survive_the_cubic.py	"not that the spectrum has a floor"	PAPER	
receipts/L165_interacting_tower/D3_the_floor_does_not_survive_the_cubic.py	"the cubic and higher self-interactions enter at the same inverse-square order at the origin"	PAPER	
receipts/L165_interacting_tower/D3_the_floor_does_not_survive_the_cubic.py	"though it does in fact follow"	PAPER	
receipts/L165_interacting_tower/D3_the_floor_does_not_survive_the_cubic.py	"uses only that both sides of the threshold are occupied"	PAPER	MULTI,SECSHARED
receipts/L165_interacting_tower/D4_the_state_fixer_has_its_own_threshold.py	"Thermal (Hartle--Hawking) regularity is Euclidean smoothness at the horizon mode by mode"	PAPER	
receipts/L165_interacting_tower/D4_the_state_fixer_has_its_own_threshold.py	"and so is common to every fibre"	PAPER	
receipts/L165_interacting_tower/D4_the_state_fixer_has_its_own_threshold.py	"limit-point fibres"	PAPER	
receipts/L165_interacting_tower/D4_the_state_fixer_has_its_own_threshold.py	"on each sub-threshold fibre"	PAPER	
receipts/L165_interacting_tower/S10_the_halves_meet_at_the_shear.py	"transverse-traceless graviton modes form a discrete tower"	PAPER	
receipts/L165_interacting_tower/S10_the_halves_meet_at_the_shear.py	"transverse-traceless graviton tower"	PAPER	
receipts/L165_interacting_tower/S11_the_ordering_question_dissolves.py	"a different thing from a residual freedom in the quantization"	PAPER	MULTI
receipts/L165_interacting_tower/S11_the_ordering_question_dissolves.py	"across the natural ordering family"	PAPER	MULTI
receipts/L165_interacting_tower/S11_the_ordering_question_dissolves.py	"closed without a free parameter"	PAPER	MULTI
receipts/L165_interacting_tower/S11_the_ordering_question_dissolves.py	"independently of operator ordering"	PAPER	
receipts/L165_interacting_tower/S11_the_ordering_question_dissolves.py	"ordering ambiguity cannot render the quantization unique"	PAPER	
receipts/L165_interacting_tower/S11_the_ordering_question_dissolves.py	"selects the Friedrichs extension"	PAPER	
receipts/L165_interacting_tower/S11_the_ordering_question_dissolves.py	"strictly below the essential-self-adjointness threshold"	PAPER	MULTI
receipts/L165_interacting_tower/S11_the_ordering_question_dissolves.py	"thermal regularity supplies the condition fibre by fibre"	PAPER	
receipts/L165_interacting_tower/S11_the_ordering_question_dissolves.py	"what remains open is not the boundary"	PAPER	OPEN
receipts/L165_interacting_tower/S12_the_boundaries_coincide.py	"a different thing from a residual freedom in the quantization"	PAPER	MULTI
receipts/L165_interacting_tower/S12_the_boundaries_coincide.py	"transverse-traceless graviton tower"	PAPER	
receipts/L165_interacting_tower/S13_the_ledger_does_not_reach_second_order.py	"is a pure power of"	PAPER	
receipts/L165_interacting_tower/S13_the_ledger_does_not_reach_second_order.py	"one-constant theory"	PAPER	
receipts/L165_interacting_tower/S5_the_counterterm_degeneracy_verified.py	"counterterm"	PAPER	MULTI,SECSHARED
receipts/L165_interacting_tower/S5_the_counterterm_degeneracy_verified.py	"every curvature invariant on either face is a pure power of"	PAPER	
receipts/L165_interacting_tower/S6_the_two_halves_restated.py	"HALF ONE"	SOURCE	ALT
receipts/L165_interacting_tower/S6_the_two_halves_restated.py	"HALF TWO"	SOURCE	ALT
receipts/L165_interacting_tower/S6_the_two_halves_restated.py	"HALF \u2460"	SOURCE	ALT
receipts/L165_interacting_tower/S6_the_two_halves_restated.py	"HALF \u2461"	SOURCE	ALT
receipts/L165_interacting_tower/S6_the_two_halves_restated.py	"Neither removal is a physics result"	SOURCE	
receipts/L165_interacting_tower/S6_the_two_halves_restated.py	"irrelevant to whether each of its fibres receives a condition"	SOURCE	
receipts/L165_interacting_tower/S6_the_two_halves_restated.py	"two halves are two halves rather than one entangled question"	SOURCE	
receipts/L165_interacting_tower/S7_the_successor_was_misaimed.py	"12/\\alpha^2"	SOURCE	ALT
receipts/L165_interacting_tower/S7_the_successor_was_misaimed.py	"back-react"	SOURCE	ALT
receipts/L165_interacting_tower/S7_the_successor_was_misaimed.py	"cosh(T/\\alpha)"	SOURCE	ALT
receipts/L165_interacting_tower/S7_the_successor_was_misaimed.py	"de Sitter"	SOURCE	ALT
receipts/L165_interacting_tower/S7_the_successor_was_misaimed.py	"fixed classical"	SOURCE	ALT
receipts/L165_interacting_tower/S7_the_successor_was_misaimed.py	"survive on a background whose curvature runs"	SOURCE	
receipts/L165_interacting_tower/S8_the_floor_follows.py	"IT DOES NOT NEED A LOWER BOUND"	SOURCE	
receipts/L165_interacting_tower/S8_the_floor_follows.py	"at the origin"	PAPER	MULTI,SECSHARED
receipts/L165_interacting_tower/S8_the_floor_follows.py	"correct of DIFFERENT operators"	SOURCE	
receipts/L165_interacting_tower/S8_the_floor_follows.py	"essentially self-adjoint where"	PAPER	MULTI
receipts/L165_interacting_tower/S8_the_floor_follows.py	"is an artefact of truncation"	PAPER	
receipts/L165_interacting_tower/S8_the_floor_follows.py	"limit-circle where"	PAPER	
receipts/L165_interacting_tower/S8_the_floor_follows.py	"positive wherever the metric is non-degenerate"	PAPER	
receipts/L165_interacting_tower/S8_the_floor_follows.py	"promoted from the c-number"	PAPER	MULTI
receipts/L165_interacting_tower/S8_the_floor_follows.py	"straddles the"	PAPER	
receipts/L165_interacting_tower/S8_the_floor_follows.py	"the inverse-square operator"	PAPER	
receipts/L165_interacting_tower/S9_the_ordering_decides_it.py	"both sides of the threshold are occupied"	PAPER	MULTI,SECSHARED
receipts/L165_interacting_tower/S9_the_ordering_decides_it.py	"exactly the zero-point quantum"	PAPER	
receipts/L165_interacting_tower/S9_the_ordering_decides_it.py	"is $\\tfrac14$ under normal ordering"	PAPER	
receipts/L171_two_routes/J1_the_disagreement_no_longer_has_two_sides.py	"$220$"	SOURCE	
receipts/L171_two_routes/J1_the_disagreement_no_longer_has_two_sides.py	"ROBUST_p1p2_scan"	SOURCE	
receipts/L171_two_routes/J1_the_disagreement_no_longer_has_two_sides.py	"disagreement between TWO OF THE CORPUS"	SOURCE	
receipts/L171_two_routes/J1_the_disagreement_no_longer_has_two_sides.py	"never carried across"	SOURCE	
receipts/L171_two_routes/J1_the_disagreement_no_longer_has_two_sides.py	"places it near $150$"	SOURCE	
receipts/L171_two_routes/J1_the_disagreement_no_longer_has_two_sides.py	"which is a verdict question and Daryl"	SOURCE	
receipts/L174_general_matter_dynamics/I10_the_constraint_propagation_is_symmetry_free.py	"Friedrich"	PAPER	ALT,MULTI,SECSHARED
receipts/L174_general_matter_dynamics/I10_the_constraint_propagation_is_symmetry_free.py	"Nariai"	PAPER	MULTI,SECSHARED
receipts/L174_general_matter_dynamics/I10_the_constraint_propagation_is_symmetry_free.py	"Ringstr"	PAPER	ALT,MULTI,SECSHARED
receipts/L174_general_matter_dynamics/I10_the_constraint_propagation_is_symmetry_free.py	"Two exact structures sharpen this beyond the Bianchi count"	PAPER	
receipts/L174_general_matter_dynamics/I10_the_constraint_propagation_is_symmetry_free.py	"evolves consistently to all orders by the contracted Bianchi identity"	PAPER	
receipts/L174_general_matter_dynamics/I10_the_constraint_propagation_is_symmetry_free.py	"no classical dynamical obstruction at any order"	PAPER	
receipts/L174_general_matter_dynamics/I1_the_general_case_is_stated_and_exhibited_in_one_class.py	"ONE equation per comoving shell"	SOURCE	ALT
receipts/L174_general_matter_dynamics/I1_the_general_case_is_stated_and_exhibited_in_one_class.py	"SOURCE COMMENT"	SOURCE	
receipts/L174_general_matter_dynamics/I1_the_general_case_is_stated_and_exhibited_in_one_class.py	"The wall is inhomogeneity"	PAPER	
receipts/L174_general_matter_dynamics/I1_the_general_case_is_stated_and_exhibited_in_one_class.py	"UNREGISTERED SINCE r565"	SOURCE	ALT
receipts/L174_general_matter_dynamics/I1_the_general_case_is_stated_and_exhibited_in_one_class.py	"c54.179"	SOURCE	
receipts/L174_general_matter_dynamics/I1_the_general_case_is_stated_and_exhibited_in_one_class.py	"corrected at c54.179"	SOURCE	ALT
receipts/L174_general_matter_dynamics/I1_the_general_case_is_stated_and_exhibited_in_one_class.py	"exact for arbitrary"	SOURCE	
receipts/L174_general_matter_dynamics/I1_the_general_case_is_stated_and_exhibited_in_one_class.py	"generation-by-symmetry hands off to evolution-by-dynamics"	PAPER	
receipts/L174_general_matter_dynamics/I1_the_general_case_is_stated_and_exhibited_in_one_class.py	"is corrected at c54.179"	SOURCE	ALT
receipts/L174_general_matter_dynamics/I1_the_general_case_is_stated_and_exhibited_in_one_class.py	"no continuous isometry admits no sweep-subgroup"	PAPER	
receipts/L174_general_matter_dynamics/I1_the_general_case_is_stated_and_exhibited_in_one_class.py	"not the discovery of a generative law"	SOURCE	
receipts/L174_general_matter_dynamics/I1_the_general_case_is_stated_and_exhibited_in_one_class.py	"one equation per comoving shell"	SOURCE	ALT
receipts/L174_general_matter_dynamics/I1_the_general_case_is_stated_and_exhibited_in_one_class.py	"unregistered since r565"	SOURCE	ALT
receipts/L174_general_matter_dynamics/I2_the_stratification_three_of_four_are_worked.py	"K_{G}"	PAPER	MULTI,SECSHARED
receipts/L174_general_matter_dynamics/I2_the_stratification_three_of_four_are_worked.py	"ONE equation per comoving shell"	SOURCE	ALT
receipts/L174_general_matter_dynamics/I2_the_stratification_three_of_four_are_worked.py	"We work the first inhomogeneous, time-dependent bend explicitly"	PAPER	
receipts/L174_general_matter_dynamics/I2_the_stratification_three_of_four_are_worked.py	"Why the cut bends"	PAPER	
receipts/L174_general_matter_dynamics/I2_the_stratification_three_of_four_are_worked.py	"no continuous isometry admits no sweep-subgroup"	PAPER	
receipts/L174_general_matter_dynamics/I2_the_stratification_three_of_four_are_worked.py	"one equation per comoving shell"	SOURCE	ALT
receipts/L174_general_matter_dynamics/I2_the_stratification_three_of_four_are_worked.py	"the last confined stratum before the wall"	PAPER	
receipts/L174_general_matter_dynamics/I2_the_stratification_three_of_four_are_worked.py	"the rate at which the symmetric cut's bend changes in time is the bend itself"	PAPER	
receipts/L174_general_matter_dynamics/I3_the_identification_is_general_and_the_shear_count_is_the_gap.py	"The two polarizations are a wave map into the hyperbolic plane"	PAPER	
receipts/L174_general_matter_dynamics/I3_the_identification_is_general_and_the_shear_count_is_the_gap.py	"exactly two Killing vectors"	PAPER	
receipts/L174_general_matter_dynamics/I3_the_identification_is_general_and_the_shear_count_is_the_gap.py	"polarized case being a geodesic"	PAPER	
receipts/L174_general_matter_dynamics/I3_the_identification_is_general_and_the_shear_count_is_the_gap.py	"second polarization lives"	PAPER	
receipts/L174_general_matter_dynamics/I3_the_identification_is_general_and_the_shear_count_is_the_gap.py	"single transverse-traceless polariz"	PAPER	
receipts/L174_general_matter_dynamics/I3_the_identification_is_general_and_the_shear_count_is_the_gap.py	"the last confined stratum before the wall"	PAPER	
receipts/L174_general_matter_dynamics/I4_the_shear_selection_exists_and_is_vacuum_bound.py	"a Type-D vacuum admits a Killing tensor"	PAPER	
receipts/L174_general_matter_dynamics/I4_the_shear_selection_exists_and_is_vacuum_bound.py	"nothing in the identity says which of them a bend can be"	SOURCE	
receipts/L174_general_matter_dynamics/I4_the_shear_selection_exists_and_is_vacuum_bound.py	"shear forbids a repeated principal null direction"	PAPER	
receipts/L174_general_matter_dynamics/I4_the_shear_selection_exists_and_is_vacuum_bound.py	"such a geometry is one whose matter is genuinely inhomogeneous"	PAPER	
receipts/L174_general_matter_dynamics/I4_the_shear_selection_exists_and_is_vacuum_bound.py	"the substrate's null rulings are shear-free"	PAPER	
receipts/L174_general_matter_dynamics/I4_the_shear_selection_exists_and_is_vacuum_bound.py	"this is the Type-D corner"	PAPER	
receipts/L174_general_matter_dynamics/I4_the_shear_selection_exists_and_is_vacuum_bound.py	"vacuum kernel"	PAPER	MULTI,SECSHARED
receipts/L174_general_matter_dynamics/I5_two_not_five_and_the_constraint_is_in_the_receipt.py	"D_j sigma^ij"	SOURCE	
receipts/L174_general_matter_dynamics/I5_two_not_five_and_the_constraint_is_in_the_receipt.py	"K^2 - K_ij K^ij"	SOURCE	
receipts/L174_general_matter_dynamics/I5_two_not_five_and_the_constraint_is_in_the_receipt.py	"The graviton's two propagating polarizations"	PAPER	
receipts/L174_general_matter_dynamics/I5_two_not_five_and_the_constraint_is_in_the_receipt.py	"The graviton's two propagating polarizations are exactly the transverse degrees of freedom a sweep cannot carry"	PAPER	
receipts/L174_general_matter_dynamics/I5_two_not_five_and_the_constraint_is_in_the_receipt.py	"a swept geometry depends only on its orbit-space coordinates"	PAPER	
receipts/L174_general_matter_dynamics/I5_two_not_five_and_the_constraint_is_in_the_receipt.py	"five-dimensional space of configurations at fixed rho and theta"	SOURCE	
receipts/L174_general_matter_dynamics/I5_two_not_five_and_the_constraint_is_in_the_receipt.py	"nothing in the identity says which"	SOURCE	
receipts/L174_general_matter_dynamics/I6_two_objects_one_word_the_optical_shear_is_not_the_ADM_shear.py	"K_ij = \\(1/3\\) theta g_ij \\+ sigma_ij"	SOURCE	
receipts/L174_general_matter_dynamics/I6_two_objects_one_word_the_optical_shear_is_not_the_ADM_shear.py	"shear-free null geodesic congruence"	PAPER	
receipts/L174_general_matter_dynamics/I7_the_free_shear_is_two_not_five_and_the_corpus_already_names_the_two.py	"graviton'?s two propagating polarizations"	PAPER	
receipts/L174_general_matter_dynamics/I7_the_free_shear_is_two_not_five_and_the_corpus_already_names_the_two.py	"onset of free gravitational radiation"	PAPER	MULTI,SECSHARED
receipts/L174_general_matter_dynamics/I8_no_sweep_reaches_the_stratum_and_the_theorem_says_so.py	"A geometry with no continuous isometry, or whose isometry group contains no $\\so$-subgroup acting as a sweep, is not of this form"	PAPER	
receipts/L174_general_matter_dynamics/I8_no_sweep_reaches_the_stratum_and_the_theorem_says_so.py	"Then the generated geometry is invariant under $H$"	PAPER	
receipts/L174_general_matter_dynamics/I8_no_sweep_reaches_the_stratum_and_the_theorem_says_so.py	"a sweep generates a deformation of \\emph{fixed} orientation"	PAPER	
receipts/L174_general_matter_dynamics/I8_no_sweep_reaches_the_stratum_and_the_theorem_says_so.py	"a swept geometry depends only on its orbit-space coordinates while a free wave depends on the transverse coordinates"	PAPER	
receipts/L174_general_matter_dynamics/I8_no_sweep_reaches_the_stratum_and_the_theorem_says_so.py	"only the loss of all confining symmetry frees"	PAPER	
receipts/L174_general_matter_dynamics/I8_no_sweep_reaches_the_stratum_and_the_theorem_says_so.py	"swept or reassigned by a subgroup $H\\subseteq\\so$"	PAPER	
receipts/L174_general_matter_dynamics/I8_no_sweep_reaches_the_stratum_and_the_theorem_says_so.py	"the induced metric is constant along those orbits by construction"	PAPER	
receipts/L174_general_matter_dynamics/I8_no_sweep_reaches_the_stratum_and_the_theorem_says_so.py	"the range is contained in the symmetry-reducible sector"	PAPER	
receipts/L174_general_matter_dynamics/I8_no_sweep_reaches_the_stratum_and_the_theorem_says_so.py	"three such hinges"	PAPER	
receipts/L174_general_matter_dynamics/I9_the_stratum_evolves_by_ordinary_GR_at_linear_order.py	"The graviton's two propagating polarizations"	PAPER	
receipts/L175_dimensional_descent/E1_a_descent_from_D_above_five_must_be_multistep.py	"bounded BELOW and never above"	SOURCE	
receipts/L175_dimensional_descent/E1_a_descent_from_D_above_five_must_be_multistep.py	"five-dimensional $\\mathrm{dS}_5=SO(5,1)/SO(4,1)$"	PAPER	
receipts/L175_dimensional_descent/E1_a_descent_from_D_above_five_must_be_multistep.py	"narrowing is **always** a node's to do"	SOURCE	ALT
receipts/L175_dimensional_descent/E1_a_descent_from_D_above_five_must_be_multistep.py	"narrowing is always a node"	SOURCE	ALT
receipts/L175_dimensional_descent/E1_a_descent_from_D_above_five_must_be_multistep.py	"swings about one fixed line in the substrate, the hinge"	PAPER	
receipts/L175_dimensional_descent/E1_a_descent_from_D_above_five_must_be_multistep.py	"the four-dimensional $\\mathrm{dS}_4$ is the \\emph{background} its leaves carry"	PAPER	
receipts/L175_dimensional_descent/E1_a_descent_from_D_above_five_must_be_multistep.py	"the single arc of that swing"	PAPER	MULTI
receipts/L175_dimensional_descent/E2_one_step_ness_is_governed_by_rule_two.py	"a symmetry-breaking modulus is the adjustable parameter that criterion rejects"	PAPER	
receipts/L175_dimensional_descent/E2_one_step_ness_is_governed_by_rule_two.py	"adjustable parameter that criterion rejects"	PAPER	
receipts/L175_dimensional_descent/E2_one_step_ness_is_governed_by_rule_two.py	"bounded BELOW and never above"	SOURCE	
receipts/L175_dimensional_descent/E2_one_step_ness_is_governed_by_rule_two.py	"excluded not as disfavoured but as carrying an unfixed arbitrary modulus"	PAPER	
receipts/L175_dimensional_descent/E2_one_step_ness_is_governed_by_rule_two.py	"has a single moving part"	PAPER	MULTI
receipts/L175_dimensional_descent/E2_one_step_ness_is_governed_by_rule_two.py	"least-arbitrariness being the programme's own criterion of necessity"	PAPER	
receipts/L175_dimensional_descent/E2_one_step_ness_is_governed_by_rule_two.py	"narrowing is **always** a node"	SOURCE	ALT
receipts/L175_dimensional_descent/E2_one_step_ness_is_governed_by_rule_two.py	"narrowing is always a node"	SOURCE	ALT
receipts/L175_dimensional_descent/E2_one_step_ness_is_governed_by_rule_two.py	"places a slicing plane on each"	PAPER	
receipts/L175_dimensional_descent/E2_one_step_ness_is_governed_by_rule_two.py	"the adjustable parameter that criterion rejects"	PAPER	
receipts/L175_dimensional_descent/E2_one_step_ness_is_governed_by_rule_two.py	"the single arc of that swing"	PAPER	MULTI
receipts/L175_dimensional_descent/E50_a_second_step_is_emptied_by_rule_two_and_not_forbidden_by_it.py	"\\\\dS_5\\$? is (?:the )?(?:derived |forced )?maximum|(?<!No )upper bound is established|substrate.{0,40}bounded above"	PAPER	
receipts/L175_dimensional_descent/E50_a_second_step_is_emptied_by_rule_two_and_not_forbidden_by_it.py	"a lower\\s*\\n?bound and not an equality"	PAPER	
receipts/L175_dimensional_descent/E51_the_scale_map_rank_reproduced.py	"reproduced NOWHERE ELSE"	SOURCE	ALT
receipts/L175_dimensional_descent/E51_the_scale_map_rank_reproduced.py	"reproduced nowhere else"	SOURCE	ALT
receipts/L175_dimensional_descent/E51_the_scale_map_rank_reproduced.py	"the plane-section"	SOURCE	
receipts/L175_dimensional_descent/E51_the_scale_map_rank_reproduced.py	"the scale map's rank being 1"	SOURCE	
receipts/L175_dimensional_descent/E52_the_plane_section_reduction_reproduced.py	"scale-only reduction"	SOURCE	
receipts/L175_dimensional_descent/E52_the_plane_section_reduction_reproduced.py	"the count is TWO, not three"	SOURCE	
receipts/L175_dimensional_descent/E52_the_plane_section_reduction_reproduced.py	"the plane-section"	SOURCE	
receipts/L175_dimensional_descent/E52_the_plane_section_reduction_reproduced.py	"transitive on unit spacelike normals"	SOURCE	
receipts/L175_dimensional_descent/E53_link_c_was_never_L533s.py	"JanzenShadowExistence"	PAPER	MULTI
receipts/L175_dimensional_descent/E53_link_c_was_never_L533s.py	"every rung above the last being maximally symmetric"	SOURCE	
receipts/L175_dimensional_descent/E53_link_c_was_never_L533s.py	"is not a single world but a family"	PAPER	MULTI
receipts/L175_dimensional_descent/E53_link_c_was_never_L533s.py	"maximally symmetric and moduli-free for every"	PAPER	
receipts/L175_dimensional_descent/E53_link_c_was_never_L533s.py	"maximally symmetric and moduli-free in every dimension"	PAPER	
receipts/L175_dimensional_descent/E53_link_c_was_never_L533s.py	"silent on the dimension itself"	PAPER	
receipts/L175_dimensional_descent/E53_link_c_was_never_L533s.py	"the count is ONE"	SOURCE	
receipts/L175_dimensional_descent/E53_link_c_was_never_L533s.py	"the moduli-free structure is the sole determinate answer"	PAPER	MULTI
receipts/L175_dimensional_descent/N1_the_cut_being_four_is_what_makes_the_dynamics_forced.py	"SO(5,1)/SO(4,1)"	PAPER	ALT,MULTI,SECSHARED
receipts/L175_dimensional_descent/N1_the_cut_being_four_is_what_makes_the_dynamics_forced.py	"Teitelboim1973"	PAPER	MULTI
receipts/L175_dimensional_descent/N1_the_cut_being_four_is_what_makes_the_dynamics_forced.py	"cut is four and **says nothing about the substrate**"	SOURCE	
receipts/L175_dimensional_descent/N1_the_cut_being_four_is_what_makes_the_dynamics_forced.py	"de Sitter substrate"	PAPER	ALT,MULTI,SECSHARED
receipts/L175_dimensional_descent/N1_the_cut_being_four_is_what_makes_the_dynamics_forced.py	"evolves consistently to all orders by the contracted Bianchi identity"	PAPER	
receipts/L175_dimensional_descent/N1_the_cut_being_four_is_what_makes_the_dynamics_forced.py	"is a recognition rather than an addition"	PAPER	
receipts/L175_dimensional_descent/N1_the_cut_being_four_is_what_makes_the_dynamics_forced.py	"is not a Lie algebra"	PAPER	MULTI
receipts/L175_dimensional_descent/N1_the_cut_being_four_is_what_makes_the_dynamics_forced.py	"no classical dynamical obstruction at any order"	PAPER	
receipts/L175_dimensional_descent/N1_the_cut_being_four_is_what_makes_the_dynamics_forced.py	"the construction leaves the dynamics of general relativity unchanged"	PAPER	
receipts/L175_dimensional_descent/N1_the_cut_being_four_is_what_makes_the_dynamics_forced.py	"the inverse spatial metric, a field rather than a constant"	PAPER	
receipts/L175_dimensional_descent/N1_the_cut_being_four_is_what_makes_the_dynamics_forced.py	"the same algebra closes for the Lovelock theories"	PAPER	
receipts/L175_dimensional_descent/N1_the_cut_being_four_is_what_makes_the_dynamics_forced.py	"the structure \\emph{function} that makes the algebra an algebroid"	PAPER	
receipts/L175_dimensional_descent/N2_four_is_the_largest_dimension_that_forces_the_dynamics.py	"ADD MACHINERY"	SOURCE	
receipts/L175_dimensional_descent/N2_four_is_the_largest_dimension_that_forces_the_dynamics.py	"REMOVE AN EXCEPTION succeed"	SOURCE	
receipts/L175_dimensional_descent/N2_four_is_the_largest_dimension_that_forces_the_dynamics.py	"The cut's dimension is settled"	SOURCE	
receipts/L175_dimensional_descent/N2_four_is_the_largest_dimension_that_forces_the_dynamics.py	"bounded below only"	SOURCE	
receipts/L175_dimensional_descent/N2_four_is_the_largest_dimension_that_forces_the_dynamics.py	"c54.6 error"	SOURCE	
receipts/L175_dimensional_descent/N2_four_is_the_largest_dimension_that_forces_the_dynamics.py	"carrying an unfixed arbitrary modulus, which the principle forbids"	PAPER	
receipts/L175_dimensional_descent/N2_four_is_the_largest_dimension_that_forces_the_dynamics.py	"symmetry-breaking modulus"	PAPER	
receipts/L175_dimensional_descent/N2_four_is_the_largest_dimension_that_forces_the_dynamics.py	"the construction leaves the dynamics of general relativity unchanged"	PAPER	
receipts/L175_dimensional_descent/N2_four_is_the_largest_dimension_that_forces_the_dynamics.py	"the first move is not to make the argument"	SOURCE	
receipts/L175_dimensional_descent/N3_the_criterion_is_the_programmes_own_and_it_is_stated.py	"a symmetry-breaking modulus is the adjustable parameter that criterion rejects"	PAPER	
receipts/L175_dimensional_descent/N3_the_criterion_is_the_programmes_own_and_it_is_stated.py	"bounded below only"	SOURCE	
receipts/L175_dimensional_descent/N3_the_criterion_is_the_programmes_own_and_it_is_stated.py	"desideratum"	SOURCE	
receipts/L175_dimensional_descent/N3_the_criterion_is_the_programmes_own_and_it_is_stated.py	"forced rather than chosen"	PAPER	
receipts/L175_dimensional_descent/N3_the_criterion_is_the_programmes_own_and_it_is_stated.py	"least-arbitrariness being the programme's own criterion of necessity"	PAPER	
receipts/L175_dimensional_descent/N3_the_criterion_is_the_programmes_own_and_it_is_stated.py	"requires} a phenomenon and one that merely \\emph{permits} it through adjustable parameters"	PAPER	
receipts/L175_dimensional_descent/N3_the_criterion_is_the_programmes_own_and_it_is_stated.py	"the construction leaves the dynamics of general relativity unchanged"	PAPER	
receipts/L175_dimensional_descent/V1_the_variational_ledgers_premise_is_false.py	"The reading has no quarrel with a variational route"	PAPER	
receipts/L175_dimensional_descent/V1_the_variational_ledgers_premise_is_false.py	"The second-order Einstein--Hilbert action in the transverse-traceless sector reduces, mode by mode, to that of a harmonic oscillator"	PAPER	
receipts/L175_dimensional_descent/V1_the_variational_ledgers_premise_is_false.py	"Varying an action returns a field \\emph{equality}, and an equality has no direction"	PAPER	
receipts/L175_dimensional_descent/V1_the_variational_ledgers_premise_is_false.py	"available and unthrown"	SOURCE	
receipts/L175_dimensional_descent/V1_the_variational_ledgers_premise_is_false.py	"conformal factor entering the Einstein--Hilbert action with the opposite sign"	PAPER	
receipts/L175_dimensional_descent/V1_the_variational_ledgers_premise_is_false.py	"is not a question the variation asks"	PAPER	
receipts/L175_dimensional_descent/V1_the_variational_ledgers_premise_is_false.py	"reduced from the Einstein--Hilbert action"	PAPER	
receipts/L175_dimensional_descent/V1_the_variational_ledgers_premise_is_false.py	"the Einstein--Hilbert action is recast in Hamiltonian form"	PAPER	
receipts/L175_dimensional_descent/V1_the_variational_ledgers_premise_is_false.py	"the field with no footprint at all"	SOURCE	
receipts/L175_dimensional_descent/V1_the_variational_ledgers_premise_is_false.py	"the two are orthogonal, not in competition"	PAPER	
receipts/L200_free_data_count/U1_the_count_as_the_corpus_now_states_it.py	"The cosmology carries no early-universe parameter"	PAPER	
receipts/L200_free_data_count/U1_the_count_as_the_corpus_now_states_it.py	"The matter-side count: open"	SOURCE	OPEN
receipts/L200_free_data_count/U1_the_count_as_the_corpus_now_states_it.py	"The metric function itself is derived here rather than taken as the standard Tangherlini--de~Sitter form"	PAPER	
receipts/L200_free_data_count/U1_the_count_as_the_corpus_now_states_it.py	"The test has two sides, and each has been run"	PAPER	
receipts/L200_free_data_count/U1_the_count_as_the_corpus_now_states_it.py	"X1_the_ratio_is_a_clock_reading_not_a_carried_datum"	PAPER	
receipts/L200_free_data_count/U1_the_count_as_the_corpus_now_states_it.py	"a dimensionless magnitude needs two"	PAPER	MULTI
receipts/L200_free_data_count/U1_the_count_as_the_corpus_now_states_it.py	"a hidden geometric freedom in the cosmology, or a genuinely free constant where the reading says it should lock"	PAPER	
receipts/L200_free_data_count/U1_the_count_as_the_corpus_now_states_it.py	"a place where a genuinely free constant could have lived was checked and it locked"	PAPER	
receipts/L200_free_data_count/U1_the_count_as_the_corpus_now_states_it.py	"deficiency indices"	PAPER	MULTI,SECSHARED
receipts/L200_free_data_count/U1_the_count_as_the_corpus_now_states_it.py	"entire"	PAPER	MULTI,SECSHARED
receipts/L200_free_data_count/U1_the_count_as_the_corpus_now_states_it.py	"fundamental constants standing as unit gauges over the substrate"	PAPER	ALT
receipts/L200_free_data_count/U1_the_count_as_the_corpus_now_states_it.py	"is that start read in units of a density rather than an inheritance"	PAPER	
receipts/L200_free_data_count/U1_the_count_as_the_corpus_now_states_it.py	"it is a clock reading rather than a datum a handover transmits"	PAPER	
receipts/L200_free_data_count/U1_the_count_as_the_corpus_now_states_it.py	"no_second_scale_on_either_face"	PAPER	ALT,MULTI
receipts/L200_free_data_count/U1_the_count_as_the_corpus_now_states_it.py	"same"	PAPER	ALT,MULTI,SECSHARED
receipts/L200_free_data_count/U1_the_count_as_the_corpus_now_states_it.py	"single constant of int"	PAPER	
receipts/L200_free_data_count/U1_the_count_as_the_corpus_now_states_it.py	"spends ZERO free dimensionless constants"	SOURCE	
receipts/L200_free_data_count/U1_the_count_as_the_corpus_now_states_it.py	"the fundamental constants enter as unit gauges over the single scale"	PAPER	ALT
receipts/L200_free_data_count/U1_the_count_as_the_corpus_now_states_it.py	"the sole remaining scale"	PAPER	
receipts/L200_free_data_count/U1_the_count_as_the_corpus_now_states_it.py	"without a free parameter"	PAPER	MULTI,SECSHARED
receipts/L200_free_data_count/U2_the_matter_sector_spends_none.py	"a dimensionless magnitude needs two"	PAPER	MULTI
receipts/L200_free_data_count/U2_the_matter_sector_spends_none.py	"carries a dimensionless coupling that a single length cannot build"	PAPER	
receipts/L200_free_data_count/U2_the_matter_sector_spends_none.py	"no free count but the fold of the one polynomial $f$"	PAPER	
receipts/L200_free_data_count/U2_the_matter_sector_spends_none.py	"no third mechanism has been named"	PAPER	
receipts/L200_free_data_count/U2_the_matter_sector_spends_none.py	"not a datum to be fit"	PAPER	
receipts/L200_free_data_count/U2_the_matter_sector_spends_none.py	"so three is the maximally-symmetric matter construction's own index"	PAPER	
receipts/L200_free_data_count/U2_the_matter_sector_spends_none.py	"the comoving turnaround's deck carries it"	PAPER	
receipts/L200_free_data_count/U2_the_matter_sector_spends_none.py	"the existence of the Yukawa couplings"	PAPER	MULTI
receipts/L200_free_data_count/U2_the_matter_sector_spends_none.py	"the position is not that the coupling is unbuilt but that a coupling is not the kind of thing a holonomy supplies"	PAPER	
receipts/L200_free_data_count/U2_the_matter_sector_spends_none.py	"the substrate's one invariant being $\\alpha=\\sqrt{3/\\Lambda}$"	PAPER	
receipts/L200_free_data_count/U2_the_matter_sector_spends_none.py	"with nothing fitted"	PAPER	
receipts/L200_free_data_count/U3_the_residue_is_one_and_it_is_already_counted.py	"C1_conformal_vs_isometric"	PAPER	MULTI
receipts/L200_free_data_count/U3_the_residue_is_one_and_it_is_already_counted.py	"The test has two sides, and each has been run"	PAPER	
receipts/L200_free_data_count/U3_the_residue_is_one_and_it_is_already_counted.py	"U3_the_residue_is_one_and_it_is_already_counted"	PAPER	MULTI
receipts/L200_free_data_count/U3_the_residue_is_one_and_it_is_already_counted.py	"X1_the_ratio_is_a_clock_reading_not_a_carried_datum"	PAPER	
receipts/L200_free_data_count/U3_the_residue_is_one_and_it_is_already_counted.py	"a single dimensionful input and nothing for a dimensionless tuning to hide in"	PAPER	MULTI
receipts/L200_free_data_count/U3_the_residue_is_one_and_it_is_already_counted.py	"carries the scale as its \\emph{only} free constant"	PAPER	
receipts/L200_free_data_count/U3_the_residue_is_one_and_it_is_already_counted.py	"has a classical mechanism and is not only the outcome of an exhaustive audit"	PAPER	
receipts/L200_free_data_count/U3_the_residue_is_one_and_it_is_already_counted.py	"one generator larger than the substrate's isometry group"	PAPER	
receipts/L200_free_data_count/U3_the_residue_is_one_and_it_is_already_counted.py	"that extra generator is the dilation carrying $\\alpha\\mapsto\\lambda\\alpha$"	PAPER	
receipts/L200_free_data_count/U3_the_residue_is_one_and_it_is_already_counted.py	"the causal structure fixes the geometry up to the scale, and the scale is what it does not fix"	PAPER	
receipts/L200_free_data_count/U3_the_residue_is_one_and_it_is_already_counted.py	"the group preserving the absolute is $\\mathrm{O}(5,1)\\times\\mathbb{R}^{+}$"	PAPER	
receipts/L202_phase_at_the_seam/Z1_the_phase_is_the_antilinear_face_and_it_is_trivial_on_reality.py	"antimatter at the weight the fundamental branch is matter"	PAPER	MULTI
receipts/L202_phase_at_the_seam/Z1_the_phase_is_the_antilinear_face_and_it_is_trivial_on_reality.py	"complexified cosmic time"	PAPER	MULTI
receipts/L202_phase_at_the_seam/Z1_the_phase_is_the_antilinear_face_and_it_is_trivial_on_reality.py	"mass-reflection"	PAPER	MULTI,SECSHARED
receipts/L202_phase_at_the_seam/Z1_the_phase_is_the_antilinear_face_and_it_is_trivial_on_reality.py	"not claimed BOTH WAYS"	SOURCE	ALT,OPEN
receipts/L202_phase_at_the_seam/Z1_the_phase_is_the_antilinear_face_and_it_is_trivial_on_reality.py	"not claimed both ways"	SOURCE	ALT,OPEN
receipts/L202_phase_at_the_seam/Z1_the_phase_is_the_antilinear_face_and_it_is_trivial_on_reality.py	"reality involution"	PAPER	MULTI,SECSHARED
receipts/L202_phase_at_the_seam/Z1_the_phase_is_the_antilinear_face_and_it_is_trivial_on_reality.py	"second, antilinear face of the same object"	PAPER	
receipts/L202_phase_at_the_seam/Z2_the_off_real_contour_carries_the_wings.py	"C=(Q\\mapsto-Q)_{\\mathrm{field}}\\circ(R\\circ K)_{\\mathrm{geometric}}"	PAPER	
receipts/L202_phase_at_the_seam/Z2_the_off_real_contour_carries_the_wings.py	"Feynman--St\\\"uckelberg particle$\\leftrightarrow$antiparticle wing structure"	PAPER	
receipts/L202_phase_at_the_seam/Z2_the_off_real_contour_carries_the_wings.py	"carrying $K$ with the cosmogenetic lap and its two wings"	PAPER	
receipts/L202_phase_at_the_seam/Z2_the_off_real_contour_carries_the_wings.py	"complex-analytic and geometric"	PAPER	
receipts/L202_phase_at_the_seam/Z2_the_off_real_contour_carries_the_wings.py	"fixes the neutral real axis, the self-conjugate photon congruence"	PAPER	
receipts/L202_phase_at_the_seam/Z2_the_off_real_contour_carries_the_wings.py	"not claimed BOTH WAYS"	SOURCE	OPEN
receipts/L202_phase_at_the_seam/Z2_the_off_real_contour_carries_the_wings.py	"off-real"	SOURCE	
receipts/L202_phase_at_the_seam/Z2_the_off_real_contour_carries_the_wings.py	"reality involution $K:\\tilde\\tau\\mapsto\\bar{\\tilde\\tau}$"	PAPER	
receipts/L202_phase_at_the_seam/Z2_the_off_real_contour_carries_the_wings.py	"reproducing $C$'s action on species"	PAPER	
receipts/L202_phase_at_the_seam/Z2_the_off_real_contour_carries_the_wings.py	"swaps the two conjugate wings of the lap"	PAPER	
receipts/L202_phase_at_the_seam/Z2_the_off_real_contour_carries_the_wings.py	"the self-conjugate photon congruence"	PAPER	
receipts/L202_phase_at_the_seam/Z2_the_off_real_contour_carries_the_wings.py	"the two axis-symmetries of one analytic object"	PAPER	
receipts/L202_phase_at_the_seam/Z2_the_off_real_contour_carries_the_wings.py	"two conjugate wings"	PAPER	
receipts/L202_the_seam/T1_the_transfer_is_half_built.py	"C59_the_control_reproduces_camb_and_the_height_defect_was_k_truncation"	PAPER	MULTI,SECSHARED
receipts/L202_the_seam/T1_the_transfer_is_half_built.py	"Of the four, three are run and one is a frontier"	PAPER	
receipts/L202_the_seam/T1_the_transfer_is_half_built.py	"That driving is computed below"	PAPER	
receipts/L202_the_seam/T1_the_transfer_is_half_built.py	"The end-to-end branch-point-to-recombination transfer is run} (\\S\\ref{sec:refit-bound})"	PAPER	
receipts/L202_the_seam/T1_the_transfer_is_half_built.py	"also governs the high-$\\ell$ driving envelope"	PAPER	
receipts/L202_the_seam/T1_the_transfer_is_half_built.py	"carried by a structural argument rather than a bespoke transfer"	PAPER	
receipts/L202_the_seam/T1_the_transfer_is_half_built.py	"carried on this cosmology's own background with the perturbations on the leaf congruence the framework assigns them"	PAPER	
receipts/L202_the_seam/T1_the_transfer_is_half_built.py	"debt"	SOURCE	
receipts/L202_the_seam/T1_the_transfer_is_half_built.py	"located by the joint fit as a Gaussian residual in $\\ell$ that no tilt removes"	PAPER	
receipts/L202_the_seam/T1_the_transfer_is_half_built.py	"on a genuine Boltzmann transfer a dip whose"	PAPER	
receipts/L202_the_seam/T1_the_transfer_is_half_built.py	"the envelope is derived on the collapse leg rather than imported"	PAPER	
receipts/L202_the_seam/T1_the_transfer_is_half_built.py	"validated on its control to"	PAPER	MULTI
receipts/L203_reach_stations/M1_the_equianharmonic_group_is_not_the_monodromy_group.py	"complex analysis / monodromy"	SOURCE	
receipts/L203_reach_stations/M1_the_equianharmonic_group_is_not_the_monodromy_group.py	"cross-ratio is the **equianharmonic** $e^{i\\pi/3}$"	SOURCE	
receipts/L203_reach_stations/M1_the_equianharmonic_group_is_not_the_monodromy_group.py	"deck group"	SOURCE	
receipts/L203_reach_stations/M1_the_equianharmonic_group_is_not_the_monodromy_group.py	"equianharmonic"	PAPER	MULTI,SECSHARED
receipts/L203_reach_stations/M1_the_equianharmonic_group_is_not_the_monodromy_group.py	"monodromy group of a branched cover is the Galois group"	PAPER	
receipts/L203_reach_stations/M1_the_equianharmonic_group_is_not_the_monodromy_group.py	"one $S_{3}$ worn as monod"	PAPER	
receipts/L203_reach_stations/M1_the_equianharmonic_group_is_not_the_monodromy_group.py	"quadric bake"	SOURCE	
receipts/L203_reach_stations/M1_the_equianharmonic_group_is_not_the_monodromy_group.py	"three-sheeted"	SOURCE	
receipts/L203_reach_stations/M1_the_equianharmonic_group_is_not_the_monodromy_group.py	"trivial deck group"	PAPER	
receipts/L203_reach_stations/M1_the_equianharmonic_group_is_not_the_monodromy_group.py	"which is equally the Galois group of that cubic"	PAPER	
receipts/L203_reach_stations/M1_the_equianharmonic_group_is_not_the_monodromy_group.py	"worn three ways"	PAPER	
receipts/L203_reach_stations/M2_station_H_is_a_declared_gap_and_C_is_its_prerequisite.py	"K-theory"	SOURCE	
receipts/L203_reach_stations/M2_station_H_is_a_declared_gap_and_C_is_its_prerequisite.py	"The handoff outranks the list order"	SOURCE	
receipts/L203_reach_stations/M2_station_H_is_a_declared_gap_and_C_is_its_prerequisite.py	"\\dim\\ker_+=3"	PAPER	MULTI
receipts/L203_reach_stations/M2_station_H_is_a_declared_gap_and_C_is_its_prerequisite.py	"\\dim\\ker_-=0"	PAPER	MULTI
receipts/L203_reach_stations/M2_station_H_is_a_declared_gap_and_C_is_its_prerequisite.py	"graded index"	SOURCE	
receipts/L203_reach_stations/M2_station_H_is_a_declared_gap_and_C_is_its_prerequisite.py	"marks the Atiyah--Singer statement on the branched bead as traced rather than computed"	PAPER	
receipts/L203_reach_stations/M2_station_H_is_a_declared_gap_and_C_is_its_prerequisite.py	"order-six-adjacent objects"	SOURCE	
receipts/L203_reach_stations/M2_station_H_is_a_declared_gap_and_C_is_its_prerequisite.py	"stated here at traced weight"	PAPER	
receipts/L203_reach_stations/M2_station_H_is_a_declared_gap_and_C_is_its_prerequisite.py	"the Weyl $S_3$ \\emph{is} the relation among the three hinges"	PAPER	MULTI
receipts/L203_reach_stations/M2_station_H_is_a_declared_gap_and_C_is_its_prerequisite.py	"the three zero-modes are permuted by the full $S_3$"	PAPER	
receipts/L203_reach_stations/M2_station_H_is_a_declared_gap_and_C_is_its_prerequisite.py	"the three zero-modes are permuted by the full $S_3$ generated by the three hinges"	PAPER	
receipts/L203_reach_stations/M3_station_G_supplies_the_sequence_and_the_three_are_one_knot.py	"10+5=15=\\dim\\so(5,1)"	PAPER	
receipts/L203_reach_stations/M3_station_G_supplies_the_sequence_and_the_three_are_one_knot.py	"Cartan--Weyl skeleton"	PAPER	
receipts/L203_reach_stations/M3_station_G_supplies_the_sequence_and_the_three_are_one_knot.py	"Lie algebroids"	SOURCE	
receipts/L203_reach_stations/M3_station_G_supplies_the_sequence_and_the_three_are_one_knot.py	"PREREQUISITE"	SOURCE	ALT
receipts/L203_reach_stations/M3_station_G_supplies_the_sequence_and_the_three_are_one_knot.py	"The claim is a recognition rather than"	PAPER	ALT
receipts/L203_reach_stations/M3_station_G_supplies_the_sequence_and_the_three_are_one_knot.py	"\\label{eq:atiyah}"	PAPER	
receipts/L203_reach_stations/M3_station_G_supplies_the_sequence_and_the_three_are_one_knot.py	"constraint algebra of general relativity is the Atiyah algebroid of the substrate"	PAPER	ALT
receipts/L203_reach_stations/M3_station_G_supplies_the_sequence_and_the_three_are_one_knot.py	"covering map"	SOURCE	
receipts/L203_reach_stations/M3_station_G_supplies_the_sequence_and_the_three_are_one_knot.py	"covering map carries a canonical flat connection"	SOURCE	
receipts/L203_reach_stations/M3_station_G_supplies_the_sequence_and_the_three_are_one_knot.py	"naming it costs nothing and buys"	PAPER	
receipts/L203_reach_stations/M3_station_G_supplies_the_sequence_and_the_three_are_one_knot.py	"order-six-adjacent objects"	SOURCE	
receipts/L203_reach_stations/M3_station_G_supplies_the_sequence_and_the_three_are_one_knot.py	"prerequisite"	SOURCE	ALT
receipts/L203_reach_stations/M3_station_G_supplies_the_sequence_and_the_three_are_one_knot.py	"the Atiyah algebroid of the principal bundle"	PAPER	
receipts/L203_reach_stations/M3_station_G_supplies_the_sequence_and_the_three_are_one_knot.py	"the anchor is the slicing operator's cut-to-stress-energy map"	PAPER	ALT,MULTI
receipts/L203_reach_stations/M3_station_G_supplies_the_sequence_and_the_three_are_one_knot.py	"the kernel of the anchor---the adjoint bundle"	PAPER	
receipts/L203_reach_stations/M4_four_objects_one_word.py	"equianharmonic"	PAPER	MULTI,SECSHARED
receipts/L203_reach_stations/M4_four_objects_one_word.py	"the Weyl $S_3$ \\emph{is} the relation among the three hinges"	PAPER	MULTI
receipts/L203_reach_stations/M4_four_objects_one_word.py	"the three zero-modes are permuted by the full $S_3$"	PAPER	
receipts/L203_reach_stations/M4_four_objects_one_word.py	"trivial deck group"	PAPER	
receipts/L203_reach_stations/M4_four_objects_one_word.py	"which is equally the Galois group of that cubic"	PAPER	
receipts/L204_physics_reach/C3_the_isotropy_citation_runs_in_a_loop.py	"JanzenAlgebroid"	PAPER	MULTI
receipts/L204_physics_reach/C3_the_isotropy_citation_runs_in_a_loop.py	"JanzenRange"	PAPER	MULTI,SECSHARED
receipts/L204_physics_reach/C3_the_isotropy_citation_runs_in_a_loop.py	"Teitelboim1973"	PAPER	MULTI
receipts/L204_physics_reach/C3_the_isotropy_citation_runs_in_a_loop.py	"The isotropy dimensions are the Killing-vector counts the construction establishes"	PAPER	
receipts/L204_physics_reach/C3_the_isotropy_citation_runs_in_a_loop.py	"Type I (Bianchi, dimension three"	PAPER	
receipts/L204_physics_reach/C3_the_isotropy_citation_runs_in_a_loop.py	"\\mathrm{SO}(2,1)\\times\\mathrm{SO}(3)$ at Nariai"	PAPER	
receipts/L204_physics_reach/C3_the_isotropy_citation_runs_in_a_loop.py	"\\{6,7,10\\}"	PAPER	MULTI,SECSHARED
receipts/L204_physics_reach/C3_the_isotropy_citation_runs_in_a_loop.py	"the companion algebroid paper tabulates an isotropy"	PAPER	
receipts/L204_physics_reach/P10_the_neff_commitment_is_in_the_code_and_in_no_paper.py	"(4.0/11.0)**(1.0/3.0)"	SOURCE	ALT
receipts/L204_physics_reach/P10_the_neff_commitment_is_in_the_code_and_in_no_paper.py	"(4/11)"	SOURCE	ALT
receipts/L204_physics_reach/P10_the_neff_commitment_is_in_the_code_and_in_no_paper.py	"3 nu"	SOURCE	ALT
receipts/L204_physics_reach/P10_the_neff_commitment_is_in_the_code_and_in_no_paper.py	"BBN, recombination, the acoustic scale"	SOURCE	
receipts/L204_physics_reach/P10_the_neff_commitment_is_in_the_code_and_in_no_paper.py	"D/H"	PAPER	
receipts/L204_physics_reach/P10_the_neff_commitment_is_in_the_code_and_in_no_paper.py	"Y_p"	PAPER	ALT
receipts/L204_physics_reach/P10_the_neff_commitment_is_in_the_code_and_in_no_paper.py	"Yp"	PAPER	ALT
receipts/L204_physics_reach/P10_the_neff_commitment_is_in_the_code_and_in_no_paper.py	"\\nu_R"	PAPER	ALT
receipts/L204_physics_reach/P10_the_neff_commitment_is_in_the_code_and_in_no_paper.py	"lithium"	PAPER	
receipts/L204_physics_reach/P10_the_neff_commitment_is_in_the_code_and_in_no_paper.py	"neutrino"	PAPER	ALT
receipts/L204_physics_reach/P10_the_neff_commitment_is_in_the_code_and_in_no_paper.py	"nu_R"	PAPER	ALT
receipts/L204_physics_reach/P10_the_neff_commitment_is_in_the_code_and_in_no_paper.py	"right-handed"	PAPER	
receipts/L204_physics_reach/P10_the_neff_commitment_is_in_the_code_and_in_no_paper.py	"three neutrino"	SOURCE	ALT
receipts/L204_physics_reach/P11_CR_fixes_the_place_not_the_couplings.py	"4$ with a right-handed neutrino"	PAPER	ALT
receipts/L204_physics_reach/P11_CR_fixes_the_place_not_the_couplings.py	"F1"	SOURCE	
receipts/L204_physics_reach/P11_CR_fixes_the_place_not_the_couplings.py	"decouple"	SOURCE	ALT
receipts/L204_physics_reach/P11_CR_fixes_the_place_not_the_couplings.py	"decoupling"	SOURCE	ALT
receipts/L204_physics_reach/P11_CR_fixes_the_place_not_the_couplings.py	"excluded from the isometry, and electroweak"	PAPER	
receipts/L204_physics_reach/P11_CR_fixes_the_place_not_the_couplings.py	"geometric origin for the gauge content"	PAPER	
receipts/L204_physics_reach/P11_CR_fixes_the_place_not_the_couplings.py	"not a continuous substrate isometry"	PAPER	
receipts/L204_physics_reach/P11_CR_fixes_the_place_not_the_couplings.py	"promoted to forced"	SOURCE	
receipts/L204_physics_reach/P11_CR_fixes_the_place_not_the_couplings.py	"with a right-handed neutrino"	PAPER	ALT
receipts/L204_physics_reach/P12_the_adiabatic_premise_is_inherited_not_assumed.py	"206"	SOURCE	
receipts/L204_physics_reach/P12_the_adiabatic_premise_is_inherited_not_assumed.py	"220"	SOURCE	
receipts/L204_physics_reach/P12_the_adiabatic_premise_is_inherited_not_assumed.py	"294"	SOURCE	
receipts/L204_physics_reach/P12_the_adiabatic_premise_is_inherited_not_assumed.py	"3.3"	SOURCE	ALT
receipts/L204_physics_reach/P12_the_adiabatic_premise_is_inherited_not_assumed.py	"327"	SOURCE	
receipts/L204_physics_reach/P12_the_adiabatic_premise_is_inherited_not_assumed.py	"a fully specified input, available from standard cosmology, and not an idealisation to be chosen"	PAPER	
receipts/L204_physics_reach/P12_the_adiabatic_premise_is_inherited_not_assumed.py	"a nearly scale-invariant adiabatic spectrum processed by ordinary structure formation"	PAPER	
receipts/L204_physics_reach/P12_the_adiabatic_premise_is_inherited_not_assumed.py	"available from standard cosmology"	PAPER	
receipts/L204_physics_reach/P12_the_adiabatic_premise_is_inherited_not_assumed.py	"rescal"	SOURCE	ALT
receipts/L204_physics_reach/P12_the_adiabatic_premise_is_inherited_not_assumed.py	"the data demand it"	PAPER	ALT
receipts/L204_physics_reach/P12_the_adiabatic_premise_is_inherited_not_assumed.py	"two independent supports"	PAPER	ALT
receipts/L204_physics_reach/P12_the_adiabatic_premise_is_inherited_not_assumed.py	"wrong place"	SOURCE	ALT
receipts/L204_physics_reach/P13_the_entropy_is_the_corpuss_own_number.py	"The one physical length is $\\alpha$, not $\\ell_P$"	PAPER	
receipts/L204_physics_reach/P13_the_entropy_is_the_corpuss_own_number.py	"This is where the framework renders its verdict on the two deepest fine-tuning problems of cosmology"	PAPER	
receipts/L204_physics_reach/P13_the_entropy_is_the_corpuss_own_number.py	"\\Lambda\\ell_P^2\\approx3\\times10^{-122}"	PAPER	
receipts/L204_physics_reach/P13_the_entropy_is_the_corpuss_own_number.py	"mixing the thermal $\\hbar$ with the real-geometric $c$ and $G$"	PAPER	
receipts/L204_physics_reach/P13_the_entropy_is_the_corpuss_own_number.py	"rests on the profile structure and on $\\Lambda$ being geometrically primary"	PAPER	
receipts/L204_physics_reach/P13_the_entropy_is_the_corpuss_own_number.py	"the size of the universe in gauge-units---a number, not a tuning"	PAPER	
receipts/L204_physics_reach/P13_the_entropy_is_the_corpuss_own_number.py	"what unit-counting yields when it has only gauges to count"	PAPER	
receipts/L204_physics_reach/P1_the_petrov_interval_is_complete_because_the_substrate_is_doubly_ruled.py	"Carter"	PAPER	MULTI,SECSHARED
receipts/L204_physics_reach/P1_the_petrov_interval_is_complete_because_the_substrate_is_doubly_ruled.py	"Killing tensor"	PAPER	MULTI,SECSHARED
receipts/L204_physics_reach/P1_the_petrov_interval_is_complete_because_the_substrate_is_doubly_ruled.py	"across every algebraic (Petrov) type"	PAPER	
receipts/L204_physics_reach/P1_the_petrov_interval_is_complete_because_the_substrate_is_doubly_ruled.py	"doubly ruled by straight null lines"	PAPER	MULTI
receipts/L204_physics_reach/P1_the_petrov_interval_is_complete_because_the_substrate_is_doubly_ruled.py	"inherits both rulings"	PAPER	
receipts/L204_physics_reach/P1_the_petrov_interval_is_complete_because_the_substrate_is_doubly_ruled.py	"shear forbids a repeated principal null direction"	PAPER	
receipts/L204_physics_reach/P1_the_petrov_interval_is_complete_because_the_substrate_is_doubly_ruled.py	"the construction leaves the dynamics of general relativity unchanged"	PAPER	
receipts/L204_physics_reach/P1_the_petrov_interval_is_complete_because_the_substrate_is_doubly_ruled.py	"the field equations, the exact-solution catalogue, Petrov type, the Carter constant"	SOURCE	
receipts/L204_physics_reach/P1_the_petrov_interval_is_complete_because_the_substrate_is_doubly_ruled.py	"the operator's whole range---Petrov type~O, D, and I"	PAPER	
receipts/L204_physics_reach/P1_the_petrov_interval_is_complete_because_the_substrate_is_doubly_ruled.py	"the substrate's null rulings are shear-free"	PAPER	
receipts/L204_physics_reach/P1_the_petrov_interval_is_complete_because_the_substrate_is_doubly_ruled.py	"this is the Type-D corner"	PAPER	
receipts/L204_physics_reach/P2_the_corpus_never_mentions_unruh.py	"Hawking/Bogoliubov as an absent horizon effect"	SOURCE	
receipts/L204_physics_reach/P2_the_corpus_never_mentions_unruh.py	"absent as a horizon effect, ordinary local particle production untouched"	PAPER	
receipts/L204_physics_reach/P2_the_corpus_never_mentions_unruh.py	"chart artefact but because"	SOURCE	
receipts/L204_physics_reach/P2_the_corpus_never_mentions_unruh.py	"completion sorts all four"	SOURCE	
receipts/L204_physics_reach/P2_the_corpus_never_mentions_unruh.py	"never form at any finite exterior time"	PAPER	MULTI
receipts/L204_physics_reach/P2_the_corpus_never_mentions_unruh.py	"never physically realised"	PAPER	
receipts/L204_physics_reach/P2_the_corpus_never_mentions_unruh.py	"stress tensor"	SOURCE	ALT,XOR
receipts/L204_physics_reach/P2_the_corpus_never_mentions_unruh.py	"what the field equations trade for the stress tensor"	PAPER	
receipts/L204_physics_reach/P2_the_corpus_never_mentions_unruh.py	"with no completed horizon there is no background"	PAPER	
receipts/L204_physics_reach/P2_the_corpus_never_mentions_unruh.py	"with no completed horizon there is no background on which the Bogoliubov mode-mixing yielding an exactly thermal Hawking flux can be computed"	PAPER	
receipts/L204_physics_reach/P3_the_higgs_is_declined_in_print_and_never_named.py	"CR is a \\emph{selection-rule}"	SOURCE	ALT
receipts/L204_physics_reach/P3_the_higgs_is_declined_in_print_and_never_named.py	"No vacuum expectation value, no scale and no mass value follows"	PAPER	
receipts/L204_physics_reach/P3_the_higgs_is_declined_in_print_and_never_named.py	"SELECTION-RULE"	SOURCE	ALT
receipts/L204_physics_reach/P3_the_higgs_is_declined_in_print_and_never_named.py	"SM / gauge / particle physics"	SOURCE	
receipts/L204_physics_reach/P3_the_higgs_is_declined_in_print_and_never_named.py	"The electroweak breaking that supplies the fermion mass is, in this reading, the breaking of the substrate's orientation parity"	PAPER	
receipts/L204_physics_reach/P3_the_higgs_is_declined_in_print_and_never_named.py	"Three parts of the content the geometry does not fix---the individual mass values, the electroweak scale and assignment, and the cosmological breaking history---and those are fixed on the ordinary route"	PAPER	
receipts/L204_physics_reach/P3_the_higgs_is_declined_in_print_and_never_named.py	"completion sorts all four"	SOURCE	
receipts/L204_physics_reach/P3_the_higgs_is_declined_in_print_and_never_named.py	"excluded from the isometry, and electroweak"	PAPER	
receipts/L204_physics_reach/P3_the_higgs_is_declined_in_print_and_never_named.py	"one-constant theorem"	SOURCE	
receipts/L204_physics_reach/P4_the_corpus_identifies_the_higgs_mechanism_it_does_not_decline_it.py	"Geometric and fermion mass are thereby the same kind of object"	PAPER	
receipts/L204_physics_reach/P4_the_corpus_identifies_the_higgs_mechanism_it_does_not_decline_it.py	"The electroweak breaking that supplies the fermion mass is, in this reading, the breaking of the substrate's orientation parity, and CR's $R$-structure does not constrain that breaking"	PAPER	
receipts/L204_physics_reach/P4_the_corpus_identifies_the_higgs_mechanism_it_does_not_decline_it.py	"This is the symmetry breaking, located precisely"	PAPER	
receipts/L204_physics_reach/P4_the_corpus_identifies_the_higgs_mechanism_it_does_not_decline_it.py	"Three parts of the content the geometry does not fix---the individual mass values, the electroweak scale and assignment, and the cosmological breaking history---and those are fixed on the ordinary route"	PAPER	
receipts/L204_physics_reach/P4_the_corpus_identifies_the_higgs_mechanism_it_does_not_decline_it.py	"broken-symmetry shadows"	PAPER	
receipts/L204_physics_reach/P4_the_corpus_identifies_the_higgs_mechanism_it_does_not_decline_it.py	"is the $R$-odd \\emph{departure} from it"	PAPER	
receipts/L204_physics_reach/P4_the_corpus_identifies_the_higgs_mechanism_it_does_not_decline_it.py	"massless fermions are the ones $\\gamma^5$ fixes"	PAPER	
receipts/L204_physics_reach/P4_the_corpus_identifies_the_higgs_mechanism_it_does_not_decline_it.py	"the $R$-symmetric sector is exactly the offset-free, massless vacuum"	PAPER	
receipts/L204_physics_reach/P4_the_corpus_identifies_the_higgs_mechanism_it_does_not_decline_it.py	"the breaking of the substrate's orientation parity"	PAPER	
receipts/L204_physics_reach/P4_the_corpus_identifies_the_higgs_mechanism_it_does_not_decline_it.py	"the substrate sets no scale, chirality, or epoch"	PAPER	
receipts/L204_physics_reach/P5_the_two_absences_verified_independently.py	"L-519"	SOURCE	
receipts/L204_physics_reach/P5_the_two_absences_verified_independently.py	"S^2"	SOURCE	ALT
receipts/L204_physics_reach/P5_the_two_absences_verified_independently.py	"dS"	SOURCE	
receipts/L204_physics_reach/P5_the_two_absences_verified_independently.py	"not that the blueshift is\\s+bounded"	PAPER	
receipts/L204_physics_reach/P5_the_two_absences_verified_independently.py	"throat"	SOURCE	ALT
receipts/L204_physics_reach/P6_the_nariai_frame_does_not_exist_and_the_transplanckian_scope.py	"L-519"	SOURCE	
receipts/L204_physics_reach/P7_the_temperature_is_taken_and_the_entropy_never_is.py	"Gibbons\u2013Hawking state at $\\kappa=1/\\alpha$"	SOURCE	
receipts/L204_physics_reach/P7_the_temperature_is_taken_and_the_entropy_never_is.py	"The quantum of action enters through the de Sitter horizon's Gibbons--Hawking thermal state"	SOURCE	
receipts/L204_physics_reach/P7_the_temperature_is_taken_and_the_entropy_never_is.py	"\\beta=2\\pi\\alpha"	SOURCE	
receipts/L204_physics_reach/P7_the_temperature_is_taken_and_the_entropy_never_is.py	"area law and entropy alike, has on a finite layer no realised horizon to be defined on"	SOURCE	
receipts/L204_physics_reach/P7_the_temperature_is_taken_and_the_entropy_never_is.py	"is not settled by the horizon-thermodynamic reading of this subsection"	SOURCE	
receipts/L204_physics_reach/P7_the_temperature_is_taken_and_the_entropy_never_is.py	"one dimensionful constant"	SOURCE	
receipts/L204_physics_reach/P7_the_temperature_is_taken_and_the_entropy_never_is.py	"thermodynamics / statistical mechanics"	SOURCE	
receipts/L204_physics_reach/P7_the_temperature_is_taken_and_the_entropy_never_is.py	"thermodynamics of an idealisation"	SOURCE	
receipts/L204_physics_reach/P7_the_temperature_is_taken_and_the_entropy_never_is.py	"what the collapse does produce is the subject of the central theorem below"	SOURCE	
receipts/L204_physics_reach/P8_the_higgs_join_is_an_identity.py	"Higgs field, its potential, or the gauge group it breaks"	PAPER	
receipts/L204_physics_reach/P9_the_resolution_is_the_baby_universe_one_and_it_is_never_named.py	"JanzenDynamics"	PAPER	MULTI,SECSHARED
receipts/L204_physics_reach/P9_the_resolution_is_the_baby_universe_one_and_it_is_never_named.py	"crossing such a boundary"	PAPER	
receipts/L204_physics_reach/P9_the_resolution_is_the_baby_universe_one_and_it_is_never_named.py	"does not end as a thermal remnant whose purity must be explained"	PAPER	
receipts/L204_physics_reach/P9_the_resolution_is_the_baby_universe_one_and_it_is_never_named.py	"information paradox"	SOURCE	
receipts/L204_physics_reach/P9_the_resolution_is_the_baby_universe_one_and_it_is_never_named.py	"is not settled here"	PAPER	MULTI
receipts/L204_physics_reach/P9_the_resolution_is_the_baby_universe_one_and_it_is_never_named.py	"it becomes a universe"	PAPER	
receipts/L204_physics_reach/P9_the_resolution_is_the_baby_universe_one_and_it_is_never_named.py	"it does not arise, because the spacetime it requires is never physically instantiated"	PAPER	
receipts/L204_physics_reach/P9_the_resolution_is_the_baby_universe_one_and_it_is_never_named.py	"never leaves the unitary, globally hyperbolic setting"	PAPER	
receipts/L204_physics_reach/P9_the_resolution_is_the_baby_universe_one_and_it_is_never_named.py	"quantum information"	SOURCE	
receipts/L207_the_bend/W1_what_remains_between_the_wall_and_a_curve_dynamics.py	"Hamiltonian constraint; $\\rho=m'(r)/4\\pi r^{2}$ is its spherically symmetric case"	PAPER	ALT
receipts/L207_the_bend/W1_what_remains_between_the_wall_and_a_curve_dynamics.py	"STRICTLY CONTAINS BOTH"	PAPER	ALT
receipts/L207_the_bend/W1_what_remains_between_the_wall_and_a_curve_dynamics.py	"general spatial leaf the bend-density identity"	PAPER	
receipts/L207_the_bend/W1_what_remains_between_the_wall_and_a_curve_dynamics.py	"is the Hamiltonian constraint"	PAPER	MULTI
receipts/L207_the_bend/W1_what_remains_between_the_wall_and_a_curve_dynamics.py	"is the spherical instance"	PAPER	ALT
receipts/L207_the_bend/W1_what_remains_between_the_wall_and_a_curve_dynamics.py	"it generates the stress-energy from the curve, not the curve's own dynamics"	PAPER	
receipts/L207_the_bend/W1_what_remains_between_the_wall_and_a_curve_dynamics.py	"strictly contains both"	PAPER	ALT
receipts/L207_the_bend/W1_what_remains_between_the_wall_and_a_curve_dynamics.py	"the general inhomogeneous evolution is ordinary dynamical evolution of the leaf rather than a new generative law"	PAPER	
receipts/L207_the_bend/W1_what_remains_between_the_wall_and_a_curve_dynamics.py	"the leaf's transverse-traceless mode evolves by a wave equation"	PAPER	
receipts/L207_the_bend/W1_what_remains_between_the_wall_and_a_curve_dynamics.py	"until r2376+c54.179"	PAPER	ALT
receipts/L207_the_bend/W2_the_general_inhomogeneous_leaf_exhibited.py	"EXHIBITION, not a DISCOVERY"	SOURCE	
receipts/L207_the_bend/W2_the_general_inhomogeneous_leaf_exhibited.py	"Lema"	PAPER	MULTI,SECSHARED
receipts/L207_the_bend/W2_the_general_inhomogeneous_leaf_exhibited.py	"Tolman"	PAPER	MULTI,SECSHARED
receipts/L210_entry_points/E3_the_front_is_worked_and_the_row_never_recounted.py	"94 UNMARKED"	SOURCE	ALT
receipts/L210_entry_points/E3_the_front_is_worked_and_the_row_never_recounted.py	"94 unmarked"	SOURCE	ALT
receipts/L210_entry_points/E3_the_front_is_worked_and_the_row_never_recounted.py	"A PHANTOM, and I built it from the advertisement"	SOURCE	
receipts/L210_entry_points/E3_the_front_is_worked_and_the_row_never_recounted.py	"P14's massive 54-development fell out of it"	SOURCE	
receipts/L210_entry_points/E3_the_front_is_worked_and_the_row_never_recounted.py	"grep clean across 17"	SOURCE	
receipts/L210_entry_points/H1_the_FRW_case_is_the_same_cycloid.py	"FRW/Kerr/RN analogous removal"	SOURCE	
receipts/L210_entry_points/H1_the_FRW_case_is_the_same_cycloid.py	"a CONSTANT"	SOURCE	
receipts/L210_entry_points/H1_the_FRW_case_is_the_same_cycloid.py	"bound-LTB form"	SOURCE	
receipts/L210_entry_points/H1_the_FRW_case_is_the_same_cycloid.py	"non-degenerate critical points of identical analytic character"	PAPER	
receipts/L210_entry_points/H1_the_FRW_case_is_the_same_cycloid.py	"r(z)=M(1+\\cos z)$"	PAPER	MULTI
receipts/L211_closure_adjacency/A1_the_venue_question_dissolves_and_curvature_remains.py	"CLOSURE-ADJACENCY"	SOURCE	ALT
receipts/L211_closure_adjacency/A1_the_venue_question_dissolves_and_curvature_remains.py	"EXACTLY ONE"	SOURCE	ALT
receipts/L211_closure_adjacency/A1_the_venue_question_dissolves_and_curvature_remains.py	"P13_the_construction_is_specifiable_and_colour_sits_in_the_spin_group"	PAPER	
receipts/L211_closure_adjacency/A1_the_venue_question_dissolves_and_curvature_remains.py	"The module is the \\emph{branching} itself"	PAPER	
receipts/L211_closure_adjacency/A1_the_venue_question_dissolves_and_curvature_remains.py	"\\emph{selected} rather than chosen"	PAPER	ALT
receipts/L211_closure_adjacency/A1_the_venue_question_dissolves_and_curvature_remains.py	"closure-adjacency"	SOURCE	ALT
receipts/L211_closure_adjacency/A1_the_venue_question_dissolves_and_curvature_remains.py	"embeds in **exactly one**"	SOURCE	ALT
receipts/L211_closure_adjacency/A1_the_venue_question_dissolves_and_curvature_remains.py	"every ambient candidate is real"	PAPER	
receipts/L211_closure_adjacency/A1_the_venue_question_dissolves_and_curvature_remains.py	"exactly one real form"	SOURCE	ALT
receipts/L211_closure_adjacency/A1_the_venue_question_dissolves_and_curvature_remains.py	"finds it obstructed twice"	PAPER	
receipts/L211_closure_adjacency/A1_the_venue_question_dissolves_and_curvature_remains.py	"generate a finite group of order $81$ in $U(3)$"	PAPER	MULTI
receipts/L211_closure_adjacency/A1_the_venue_question_dissolves_and_curvature_remains.py	"it is an ADD"	SOURCE	ALT
receipts/L211_closure_adjacency/A1_the_venue_question_dissolves_and_curvature_remains.py	"made the argument an ADD"	SOURCE	ALT
receipts/L211_closure_adjacency/A1_the_venue_question_dissolves_and_curvature_remains.py	"no curvature"	PAPER	
receipts/L211_closure_adjacency/A1_the_venue_question_dissolves_and_curvature_remains.py	"none can carry"	PAPER	
receipts/L211_closure_adjacency/A1_the_venue_question_dissolves_and_curvature_remains.py	"not a bundle of the substrate"	PAPER	
receipts/L211_closure_adjacency/A1_the_venue_question_dissolves_and_curvature_remains.py	"other than $\\su(3)$ as a substrate isometry"	PAPER	
receipts/L211_closure_adjacency/A1_the_venue_question_dissolves_and_curvature_remains.py	"parallel conjugation"	PAPER	MULTI
receipts/L211_closure_adjacency/A1_the_venue_question_dissolves_and_curvature_remains.py	"selected\\/} rather than chosen"	PAPER	ALT
receipts/L211_closure_adjacency/A1_the_venue_question_dissolves_and_curvature_remains.py	"selected} rather than chosen"	PAPER	ALT
receipts/L211_closure_adjacency/A1_the_venue_question_dissolves_and_curvature_remains.py	"supplies no force"	PAPER	MULTI
receipts/L211_closure_adjacency/A1_the_venue_question_dissolves_and_curvature_remains.py	"that sector can be specified, and is obstructed twice"	PAPER	
receipts/L211_closure_adjacency/A1_the_venue_question_dissolves_and_curvature_remains.py	"the bundle is \\emph{flat}"	PAPER	
receipts/L211_closure_adjacency/A1_the_venue_question_dissolves_and_curvature_remains.py	"what is definite is the emptiness of a definite object"	PAPER	
receipts/L211_closure_adjacency/A1_the_venue_question_dissolves_and_curvature_remains.py	"whose determinant-one part is $\\Delta(27)$ and lies in $SU(3)$, with the lap as its centre"	PAPER	
receipts/L211_closure_adjacency/A2_the_three_owed_derivations_are_one_boundary.py	"$A_s"	PAPER	MULTI,SECSHARED
receipts/L211_closure_adjacency/A2_the_three_owed_derivations_are_one_boundary.py	"10^{-122}"	PAPER	MULTI,SECSHARED
receipts/L211_closure_adjacency/A2_the_three_owed_derivations_are_one_boundary.py	"10^{113}"	PAPER	MULTI
receipts/L211_closure_adjacency/A2_the_three_owed_derivations_are_one_boundary.py	"4.17\\times10^{52}"	SOURCE	
receipts/L211_closure_adjacency/A2_the_three_owed_derivations_are_one_boundary.py	"7.4\\times10^"	SOURCE	
receipts/L211_closure_adjacency/A2_the_three_owed_derivations_are_one_boundary.py	"A_s\\approx2\\times10^{-9}"	PAPER	
receipts/L211_closure_adjacency/A2_the_three_owed_derivations_are_one_boundary.py	"\\rho_r/\\rho_m"	PAPER	ALT,MULTI
receipts/L211_closure_adjacency/A2_the_three_owed_derivations_are_one_boundary.py	"\\rho_{r}/\\rho_{m}"	PAPER	ALT
receipts/L211_closure_adjacency/A2_the_three_owed_derivations_are_one_boundary.py	"as against the measurement---of $A_s$ and $n_s$"	PAPER	
receipts/L211_closure_adjacency/A2_the_three_owed_derivations_are_one_boundary.py	"dimensionless magnitude"	SOURCE	
receipts/L211_closure_adjacency/A2_the_three_owed_derivations_are_one_boundary.py	"does not drive $n_s\\to1$ by any \\emph{inflationary} attractor"	PAPER	
receipts/L211_closure_adjacency/A2_the_three_owed_derivations_are_one_boundary.py	"fixed by the progenitor collapse---the same handover that fixes $\\rho_r/\\rho_m$"	PAPER	
receipts/L211_closure_adjacency/A2_the_three_owed_derivations_are_one_boundary.py	"n_s"	PAPER	MULTI,SECSHARED
receipts/L211_closure_adjacency/A2_the_three_owed_derivations_are_one_boundary.py	"the branch point carries the progenitor tilt"	PAPER	
receipts/L211_closure_adjacency/A2_the_three_owed_derivations_are_one_boundary.py	"two invariants"	SOURCE	
receipts/L211_closure_adjacency/A3_the_second_free_function_is_where_the_progenitor_route_lives.py	"1+\\cos z"	PAPER	ALT,MULTI,SECSHARED
receipts/L211_closure_adjacency/A3_the_second_free_function_is_where_the_progenitor_route_lives.py	"M(1+\\cos z)"	PAPER	ALT,MULTI,SECSHARED
receipts/L211_closure_adjacency/A3_the_second_free_function_is_where_the_progenitor_route_lives.py	"M\\left(1+\\cos z\\right)"	PAPER	ALT
receipts/L211_closure_adjacency/A3_the_second_free_function_is_where_the_progenitor_route_lives.py	"The heating leg"	PAPER	
receipts/L211_closure_adjacency/A3_the_second_free_function_is_where_the_progenitor_route_lives.py	"The substrate route is closed; the progenitor route is open"	SOURCE	OPEN
receipts/L211_closure_adjacency/A3_the_second_free_function_is_where_the_progenitor_route_lives.py	"cannot fix a surviving light-element abundance"	PAPER	
receipts/L211_closure_adjacency/A3_the_second_free_function_is_where_the_progenitor_route_lives.py	"it is the event that makes them"	PAPER	
receipts/L211_closure_adjacency/A3_the_second_free_function_is_where_the_progenitor_route_lives.py	"only a subsequent"	PAPER	ALT
receipts/L211_closure_adjacency/A3_the_second_free_function_is_where_the_progenitor_route_lives.py	"only a subsequent \\emph{cooling} pass through the window can"	PAPER	ALT
receipts/L211_closure_adjacency/A3_the_second_free_function_is_where_the_progenitor_route_lives.py	"that class is a premise of the construction rather than a gap in it"	PAPER	
receipts/L211_closure_adjacency/A4_the_composition_rests_on_adiabaticity_not_uniformity.py	"Classical, non-vacuum primordial statistics"	PAPER	
receipts/L211_closure_adjacency/A4_the_composition_rests_on_adiabaticity_not_uniformity.py	"a small perturbation shares its"	SOURCE	
receipts/L211_closure_adjacency/A4_the_composition_rests_on_adiabaticity_not_uniformity.py	"adiabaticity parameter $C/\\mu_{n}$"	PAPER	
receipts/L211_closure_adjacency/A4_the_composition_rests_on_adiabaticity_not_uniformity.py	"background's composition"	SOURCE	
receipts/L211_closure_adjacency/A4_the_composition_rests_on_adiabaticity_not_uniformity.py	"the branch point carries the progenitor tilt"	PAPER	
receipts/L211_closure_adjacency/A5_the_free_function_and_the_inherited_datum_are_one_freedom.py	"10^{-6}"	SOURCE	
receipts/L211_closure_adjacency/A5_the_free_function_and_the_inherited_datum_are_one_freedom.py	"10^{113}"	PAPER	MULTI
receipts/L211_closure_adjacency/A5_the_free_function_and_the_inherited_datum_are_one_freedom.py	"The substrate route is closed; the progenitor route is open"	SOURCE	OPEN
receipts/L211_closure_adjacency/A5_the_free_function_and_the_inherited_datum_are_one_freedom.py	"it is the event that makes them"	PAPER	
receipts/L211_closure_adjacency/A5_the_free_function_and_the_inherited_datum_are_one_freedom.py	"observed"	SOURCE	
receipts/L211_closure_adjacency/A5_the_free_function_and_the_inherited_datum_are_one_freedom.py	"run the transfer chain backwards"	SOURCE	
receipts/L211_closure_adjacency/A5_the_free_function_and_the_inherited_datum_are_one_freedom.py	"run the transfer chain backwards from the"	SOURCE	
receipts/L211_closure_adjacency/A5_the_free_function_and_the_inherited_datum_are_one_freedom.py	"where matter domination ends"	SOURCE	
receipts/L213_external_constraint/Y1_supplying_the_requirement_made_it_an_ADD.py	"ADD MACHINERY"	SOURCE	
receipts/L213_external_constraint/Y1_supplying_the_requirement_made_it_an_ADD.py	"REMOVE AN EXCEPTION"	SOURCE	
receipts/L213_external_constraint/Y1_supplying_the_requirement_made_it_an_ADD.py	"TWO arguments wearing one sentence"	SOURCE	
receipts/L213_external_constraint/Y1_supplying_the_requirement_made_it_an_ADD.py	"These are not the same frontier"	SOURCE	ALT
receipts/L213_external_constraint/Y1_supplying_the_requirement_made_it_an_ADD.py	"a thing exists only insofar as it endures"	PAPER	
receipts/L213_external_constraint/Y1_supplying_the_requirement_made_it_an_ADD.py	"no timelike direction, no clock, no duration"	PAPER	
receipts/L213_external_constraint/Y1_supplying_the_requirement_made_it_an_ADD.py	"real-by-construction"	PAPER	MULTI,SECSHARED
receipts/L213_external_constraint/Y1_supplying_the_requirement_made_it_an_ADD.py	"stated so the argument cannot be made without it"	SOURCE	
receipts/L213_external_constraint/Y1_supplying_the_requirement_made_it_an_ADD.py	"would have to supply BOTH"	SOURCE	ALT
receipts/L218_reader_package/C2_the_rule_is_enforceable_and_enforceable_means_severe.py	"DO-NOT-ASSERT"	SOURCE	
receipts/L218_reader_package/C2_the_rule_is_enforceable_and_enforceable_means_severe.py	"ESTABLISHED"	SOURCE	
receipts/L218_reader_package/C2_the_rule_is_enforceable_and_enforceable_means_severe.py	"enforceable rather than aspirational"	SOURCE	
receipts/L218_reader_package/R2_the_contribution_is_unlinked_not_undefined.py	"AI did the physics"	SOURCE	
receipts/L218_reader_package/R2_the_contribution_is_unlinked_not_undefined.py	"CREDO"	SOURCE	
receipts/L218_reader_package/R2_the_contribution_is_unlinked_not_undefined.py	"Neither half produces that moment alone"	SOURCE	
receipts/L218_reader_package/R2_the_contribution_is_unlinked_not_undefined.py	"finally getting human interaction"	SOURCE	
receipts/L218_reader_package/R2_the_contribution_is_unlinked_not_undefined.py	"the contribution"	SOURCE	
receipts/L218_reader_package/R2_the_contribution_is_unlinked_not_undefined.py	"the opposite of both the lone-genius myth"	SOURCE	
receipts/L220_arrival_paths/V2_the_arrival_path_admits_no_metric.py	"ALREADY FIXED BY THE FORK"	SOURCE	ALT
receipts/L220_arrival_paths/V2_the_arrival_path_admits_no_metric.py	"This is proved here from the maximal-symmetry requirement together with the signature and causal-structure conditions; nothing is assumed of the embedding"	PAPER	
receipts/L220_arrival_paths/V2_the_arrival_path_admits_no_metric.py	"answers a question in the next sentence"	SOURCE	
receipts/L220_arrival_paths/V2_the_arrival_path_admits_no_metric.py	"label\\{prop:amplitude\\}.{0,1200}?\\\\noindent\\\\emph\\{Argument"	PAPER	
receipts/L220_arrival_paths/V2_the_arrival_path_admits_no_metric.py	"rem:carter-chain"	SOURCE	ALT
receipts/L220_arrival_paths/V2_the_arrival_path_admits_no_metric.py	"two sections above the question"	SOURCE	
receipts/L221_quark_lepton/C1_the_rows_premises_are_stale_and_the_split_is_specified.py	"A node may write a bounded negative"	SOURCE	
receipts/L221_quark_lepton/C1_the_rows_premises_are_stale_and_the_split_is_specified.py	"\\|\\s*~~\\*\\*PO-5\\*\\*"	SOURCE	
receipts/L221_quark_lepton/C1_the_rows_premises_are_stale_and_the_split_is_specified.py	"`lepton` \u00d71 (inside a bibliography title), `quark` \u00d70"	SOURCE	
receipts/L221_quark_lepton/C1_the_rows_premises_are_stale_and_the_split_is_specified.py	"a closure on a protected item is made in the register with a kill receipt"	SOURCE	
receipts/L221_quark_lepton/C1_the_rows_premises_are_stale_and_the_split_is_specified.py	"a count of gradings and not of fields"	PAPER	
receipts/L221_quark_lepton/C1_the_rows_premises_are_stale_and_the_split_is_specified.py	"acts trivially on $\\nu_L$, $e_L$, $e_R$ and $\\nu_R$ alike"	PAPER	
receipts/L221_quark_lepton/C1_the_rows_premises_are_stale_and_the_split_is_specified.py	"baryon $1$, diquark $0$, meson $1$"	PAPER	MULTI
receipts/L221_quark_lepton/C1_the_rows_premises_are_stale_and_the_split_is_specified.py	"draws nothing from it"	PAPER	
receipts/L221_quark_lepton/C1_the_rows_premises_are_stale_and_the_split_is_specified.py	"four one-dimensional ones"	PAPER	
receipts/L221_quark_lepton/C1_the_rows_premises_are_stale_and_the_split_is_specified.py	"generated by $\\varepsilon$"	PAPER	
receipts/L221_quark_lepton/C1_the_rows_premises_are_stale_and_the_split_is_specified.py	"made in the register with a kill receipt"	SOURCE	
receipts/L221_quark_lepton/C1_the_rows_premises_are_stale_and_the_split_is_specified.py	"one generation splits $12$ coloured against $3$ colourless"	PAPER	
receipts/L221_quark_lepton/C1_the_rows_premises_are_stale_and_the_split_is_specified.py	"places a three-fermion state in the exterior cube"	PAPER	
receipts/L221_quark_lepton/C1_the_rows_premises_are_stale_and_the_split_is_specified.py	"selected} rather than chosen"	PAPER	
receipts/L221_quark_lepton/C1_the_rows_premises_are_stale_and_the_split_is_specified.py	"this paper draws nothing from it"	PAPER	
receipts/L221_quark_lepton/C1_the_rows_premises_are_stale_and_the_split_is_specified.py	"total dimension four"	PAPER	
receipts/L221_quark_lepton/C1_the_rows_premises_are_stale_and_the_split_is_specified.py	"trivial on the deck $\\mathbb{Z}_{3}$"	PAPER	
receipts/L221_quark_lepton/C1_the_rows_premises_are_stale_and_the_split_is_specified.py	"which is what carrying no colour would mean"	PAPER	
receipts/L221_quark_lepton/C1_the_rows_premises_are_stale_and_the_split_is_specified.py	"with a right-handed neutrino"	PAPER	MULTI,SECSHARED
receipts/L221_quark_lepton/C2_gradings_become_fields_by_being_a_kernel.py	"A node may write a bounded negative"	SOURCE	
receipts/L221_quark_lepton/C2_gradings_become_fields_by_being_a_kernel.py	"Second quantisation"	PAPER	
receipts/L221_quark_lepton/C2_gradings_become_fields_by_being_a_kernel.py	"a count of gradings and not of fields"	PAPER	
receipts/L221_quark_lepton/C2_gradings_become_fields_by_being_a_kernel.py	"a fermion on the compact face is an $\\SU(4)$ object"	PAPER	
receipts/L221_quark_lepton/C2_gradings_become_fields_by_being_a_kernel.py	"baryon $1$, diquark $0$, meson $1$"	PAPER	MULTI
receipts/L221_quark_lepton/C2_gradings_become_fields_by_being_a_kernel.py	"four one-dimensional ones"	PAPER	
receipts/L221_quark_lepton/C2_gradings_become_fields_by_being_a_kernel.py	"its Dirac operator carries a well-defined analytical index"	PAPER	
receipts/L221_quark_lepton/C2_gradings_become_fields_by_being_a_kernel.py	"one operator's kernel"	PAPER	
receipts/L221_quark_lepton/C2_gradings_become_fields_by_being_a_kernel.py	"that sector can be specified, and is obstructed twice"	PAPER	
receipts/L221_quark_lepton/C2_gradings_become_fields_by_being_a_kernel.py	"the round face carries no Dirac zero modes, so there is no massless content for it to act on"	PAPER	
receipts/L221_quark_lepton/C2_gradings_become_fields_by_being_a_kernel.py	"the three wall modes are one operator's kernel and therefore identical particles"	PAPER	
receipts/L221_quark_lepton/C2_gradings_become_fields_by_being_a_kernel.py	"this paper draws nothing from it"	PAPER	
receipts/L221_quark_lepton/C2_gradings_become_fields_by_being_a_kernel.py	"trivial on the deck $\\mathbb{Z}_{3}$"	PAPER	
receipts/L221_quark_lepton/C2_gradings_become_fields_by_being_a_kernel.py	"what is definite is the emptiness of a definite object"	PAPER	
receipts/L221_quark_lepton/P14_the_three_bridges_off_the_grading_all_land_on_the_same_ceiling.py	"PO-5 is (?:now )?closed|(?<!none is made that )(?<!and none that )the bridge does not exist|no bridge exists"	PAPER	
receipts/L221_quark_lepton/P14_the_three_bridges_off_the_grading_all_land_on_the_same_ceiling.py	"We make\\s+no claim about a fourth route, and none that the bridge does not exist"	PAPER	
receipts/L221_quark_lepton/Q1_the_missing_operator_and_the_higgs_identification_are_one_gap.py	"Dirac"	PAPER	MULTI,SECSHARED
receipts/L221_quark_lepton/Q1_the_missing_operator_and_the_higgs_identification_are_one_gap.py	"OPEN"	SOURCE	OPEN
receipts/L221_quark_lepton/Q1_the_missing_operator_and_the_higgs_identification_are_one_gap.py	"PO-5"	SOURCE	
receipts/L221_quark_lepton/Q1_the_missing_operator_and_the_higgs_identification_are_one_gap.py	"are one operator"	PAPER	ALT
receipts/L221_quark_lepton/Q1_the_missing_operator_and_the_higgs_identification_are_one_gap.py	"external to the geometry"	PAPER	
receipts/L221_quark_lepton/Q1_the_missing_operator_and_the_higgs_identification_are_one_gap.py	"index"	PAPER	MULTI,SECSHARED
receipts/L221_quark_lepton/Q1_the_missing_operator_and_the_higgs_identification_are_one_gap.py	"is the $R$-odd \\emph{departure} from it"	PAPER	
receipts/L221_quark_lepton/Q1_the_missing_operator_and_the_higgs_identification_are_one_gap.py	"kernel and therefore identical particles"	PAPER	ALT
receipts/L221_quark_lepton/Q1_the_missing_operator_and_the_higgs_identification_are_one_gap.py	"massless radial Dirac problem"	PAPER	MULTI
receipts/L221_quark_lepton/Q1_the_missing_operator_and_the_higgs_identification_are_one_gap.py	"massless radial Dirac problem separates into a first-order pair"	PAPER	
receipts/L221_quark_lepton/Q1_the_missing_operator_and_the_higgs_identification_are_one_gap.py	"one operator's kernel"	PAPER	ALT
receipts/L221_quark_lepton/Q1_the_missing_operator_and_the_higgs_identification_are_one_gap.py	"radial first-order pair"	PAPER	
receipts/L221_quark_lepton/Q1_the_missing_operator_and_the_higgs_identification_are_one_gap.py	"takes up that opening concretely"	PAPER	
receipts/L221_quark_lepton/Q1_the_missing_operator_and_the_higgs_identification_are_one_gap.py	"the $R$-symmetric sector is exactly the offset-free, massless vacuum"	PAPER	
receipts/L221_quark_lepton/Q1_the_missing_operator_and_the_higgs_identification_are_one_gap.py	"the one opening through which matter might enter"	PAPER	MULTI
receipts/L221_quark_lepton/Q1_the_missing_operator_and_the_higgs_identification_are_one_gap.py	"the orientation parity and the threefold symmetry of the slicing"	PAPER	
receipts/L221_quark_lepton/Q1_the_missing_operator_and_the_higgs_identification_are_one_gap.py	"the zero-modes are massless, and their splitting is electroweak physics, external to the geometry"	PAPER	
receipts/L221_quark_lepton/Q2_the_kernel_route_is_unavailable_off_the_R_even_sector.py	"PO-5"	SOURCE	
receipts/L221_quark_lepton/Q2_the_kernel_route_is_unavailable_off_the_R_even_sector.py	"external to the geometry"	PAPER	
receipts/L221_quark_lepton/Q2_the_kernel_route_is_unavailable_off_the_R_even_sector.py	"index"	PAPER	MULTI,SECSHARED
receipts/L221_quark_lepton/Q2_the_kernel_route_is_unavailable_off_the_R_even_sector.py	"kernel"	PAPER	MULTI,SECSHARED
receipts/L221_the_bridge/B10_po2_resemblance_is_now_a_construction.py	"Flat holonomy supplies exact selection rules and no curvature"	PAPER	
receipts/L221_the_bridge/B10_po2_resemblance_is_now_a_construction.py	"a distinguished one is structurally impossible"	SOURCE	
receipts/L221_the_bridge/B10_po2_resemblance_is_now_a_construction.py	"available because the three wall modes are one operator's kernel and therefore identical particles"	PAPER	
receipts/L221_the_bridge/B10_po2_resemblance_is_now_a_construction.py	"baryon $1$, diquark $0$, meson $1$"	PAPER	MULTI
receipts/L221_the_bridge/B10_po2_resemblance_is_now_a_construction.py	"one-dimensional and generated by $\\varepsilon$"	SOURCE	
receipts/L221_the_bridge/B10_po2_resemblance_is_now_a_construction.py	"places a three-fermion state in the exterior cube, one-dimensional and generated by $\\varepsilon$"	PAPER	
receipts/L221_the_bridge/B10_po2_resemblance_is_now_a_construction.py	"resemblance to baryon combinatoric"	SOURCE	
receipts/L221_the_bridge/B10_po2_resemblance_is_now_a_construction.py	"the configuration group selected rather than chosen"	PAPER	
receipts/L221_the_bridge/B10_po2_resemblance_is_now_a_construction.py	"three zero-sum roots are the $A_2$ weights that $S_3$ permutes"	PAPER	ALT
receipts/L221_the_bridge/B10_po2_resemblance_is_now_a_construction.py	"three zero-sum roots are the $A_{2}$ weights that $S_{3}$ permutes"	PAPER	ALT
receipts/L221_the_bridge/B11_three_triples_two_identifications.py	"0,1,2"	SOURCE	
receipts/L221_the_bridge/B11_three_triples_two_identifications.py	"A_2"	SOURCE	ALT
receipts/L221_the_bridge/B11_three_triples_two_identifications.py	"DISCHARGED r2631"	SOURCE	
receipts/L221_the_bridge/B11_three_triples_two_identifications.py	"Whether the two triples are one structure"	PAPER	
receipts/L221_the_bridge/B11_three_triples_two_identifications.py	"janzen_circle_v3"	SOURCE	
receipts/L221_the_bridge/B11_three_triples_two_identifications.py	"no derivation producing $\\{0,1,2\\}$ from a single condition has been exhibited"	PAPER	
receipts/L221_the_bridge/B11_three_triples_two_identifications.py	"same $A_2$"	SOURCE	ALT
receipts/L221_the_bridge/B11_three_triples_two_identifications.py	"the three critical loci are the three causal characters"	PAPER	
receipts/L221_the_bridge/B11_three_triples_two_identifications.py	"the three wall modes are one operator's kernel and therefore identical particles"	PAPER	
receipts/L221_the_bridge/B11_three_triples_two_identifications.py	"three zero-sum roots are the $A_2$ weights that $S_3$ permutes"	PAPER	ALT
receipts/L221_the_bridge/B11_three_triples_two_identifications.py	"three zero-sum roots are the $A_{2}$ weights that $S_{3}$ permutes"	PAPER	ALT
receipts/L221_the_bridge/B12_the_two_triples_are_typed_differently.py	"-2/\\sqrt3"	SOURCE	ALT
receipts/L221_the_bridge/B12_the_two_triples_are_typed_differently.py	"1/\\sqrt3"	SOURCE	ALT
receipts/L221_the_bridge/B12_the_two_triples_are_typed_differently.py	"1/\\sqrt3$ and the one distinguished by the merger is $-2/\\sqrt3$"	SOURCE	ALT
receipts/L221_the_bridge/B12_the_two_triples_are_typed_differently.py	"Whether the two triples are one structure"	PAPER	
receipts/L221_the_bridge/B12_the_two_triples_are_typed_differently.py	"no derivation producing $\\{0,1,2\\}$ from a single condition has been exhibited"	PAPER	
receipts/L221_the_bridge/B12_the_two_triples_are_typed_differently.py	"the excursion's three critical loci sit at three equally spaced values of $f$"	PAPER	
receipts/L221_the_bridge/B13_po2_identification_is_stated.py	"1/\\sqrt3"	SOURCE	
receipts/L221_the_bridge/B13_po2_identification_is_stated.py	"a transposition of roots is a hop to a neighbouring hinge"	PAPER	MULTI
receipts/L221_the_bridge/B13_po2_identification_is_stated.py	"each hinge designates"	SOURCE	
receipts/L221_the_bridge/B13_po2_identification_is_stated.py	"each hinge designates one of the three roots of the horizon cubic as its own black-hole horizon"	PAPER	
receipts/L221_the_bridge/B13_po2_identification_is_stated.py	"hence three chiral zero-modes"	PAPER	
receipts/L221_the_bridge/B13_po2_identification_is_stated.py	"is not a second group resembling the substrate's own"	PAPER	
receipts/L221_the_bridge/B13_po2_identification_is_stated.py	"places a slicing plane on each: three throat walls"	PAPER	
receipts/L221_the_bridge/B13_po2_identification_is_stated.py	"the Weyl $S_3$ \\emph{is} the relation among the three hinges"	PAPER	MULTI
receipts/L221_the_bridge/B14_identical_in_content_is_po2s_reason.py	"Every root, designated the slicing parameter, returns the \\emph{same} $2M=r_0-r_0^3$"	PAPER	
receipts/L221_the_bridge/B14_identical_in_content_is_po2s_reason.py	"a count and a chirality rather than a seat"	PAPER	
receipts/L221_the_bridge/B14_identical_in_content_is_po2s_reason.py	"distinguished only by which root each takes as its hole"	PAPER	
receipts/L221_the_bridge/B14_identical_in_content_is_po2s_reason.py	"the generations' own threeness being the turnaround's deck"	PAPER	MULTI
receipts/L221_the_bridge/B14_identical_in_content_is_po2s_reason.py	"the three carry one mass parameter and are identical in content"	PAPER	
receipts/L221_the_bridge/B14_identical_in_content_is_po2s_reason.py	"with the wall structure fixing the \\emph{number} at either seat"	PAPER	MULTI
receipts/L221_the_bridge/B14_identical_in_content_is_po2s_reason.py	"within-state index and not a family symmetry"	PAPER	ALT
receipts/L221_the_bridge/B14_identical_in_content_is_po2s_reason.py	"within-state} index and not a family symmetry"	PAPER	ALT
receipts/L221_the_bridge/B15_po3_both_clauses_answered.py	"OPEN"	SOURCE	OPEN
receipts/L221_the_bridge/B15_po3_both_clauses_answered.py	"The bridge was BUILT"	SOURCE	
receipts/L221_the_bridge/B15_po3_both_clauses_answered.py	"The mass function is odd in the signed offset exactly when $D$ is even"	PAPER	
receipts/L221_the_bridge/B15_po3_both_clauses_answered.py	"odd in the signed offset"	SOURCE	
receipts/L221_the_bridge/B15_po3_both_clauses_answered.py	"parity doubling, and does that reason bridge to $\\su(3)$"	SOURCE	
receipts/L221_the_bridge/B15_po3_both_clauses_answered.py	"the smallest connected group containing the ratios together with the hinge three-cycle is $SU(3)$ itself"	PAPER	
receipts/L221_the_bridge/B15_po3_both_clauses_answered.py	"the three wall monodromies and the hinge $3$-cycle generate a finite group of order $81$ in $U(3)$"	PAPER	
receipts/L221_the_bridge/B15_po3_both_clauses_answered.py	"three wall monodromies and the hinge"	SOURCE	ALT
receipts/L221_the_bridge/B15_po3_both_clauses_answered.py	"three wall monodromies with the hinge"	SOURCE	ALT
receipts/L221_the_bridge/B15_po3_both_clauses_answered.py	"wall monodromies with the hinge"	SOURCE	ALT
receipts/L221_the_bridge/B15_po3_both_clauses_answered.py	"whose determinant-one part is $\\Delta(27)$ and lies in $SU(3)$"	PAPER	
receipts/L221_the_bridge/B16_the_coupling_cannot_come_from_this_bundle.py	"Flat holonomy supplies exact selection rules and no curvature"	PAPER	
receipts/L221_the_bridge/B16_the_coupling_cannot_come_from_this_bundle.py	"closes the Weyl group of the substrate's own complexified isometry algebra"	PAPER	
receipts/L221_the_bridge/B16_the_coupling_cannot_come_from_this_bundle.py	"has a holonomy about the Nariai points"	PAPER	MULTI
receipts/L221_the_bridge/B16_the_coupling_cannot_come_from_this_bundle.py	"the geometry quantises and does not couple"	PAPER	
receipts/L221_the_bridge/B17_the_paper_already_walls_two_routes.py	"carries a dimensionless coupling that a single length cannot build"	PAPER	
receipts/L221_the_bridge/B17_the_paper_already_walls_two_routes.py	"changes which flat bundle one has and not whether there is a field strength"	PAPER	
receipts/L221_the_bridge/B17_the_paper_already_walls_two_routes.py	"decades below the strong scale"	PAPER	
receipts/L221_the_bridge/B17_the_paper_already_walls_two_routes.py	"holonomy is precisely the complete invariant a flat connection has"	PAPER	
receipts/L221_the_bridge/B17_the_paper_already_walls_two_routes.py	"in the infrared rather than the ultraviolet direction from it"	PAPER	
receipts/L221_the_bridge/B17_the_paper_already_walls_two_routes.py	"no holonomy datum can take one off it"	PAPER	
receipts/L221_the_bridge/B17_the_paper_already_walls_two_routes.py	"no third mechanism has been named"	PAPER	
receipts/L221_the_bridge/B17_the_paper_already_walls_two_routes.py	"not that the coupling is unbuilt but that a coupling is not the kind of thing a holonomy supplies"	PAPER	
receipts/L221_the_bridge/B17_the_paper_already_walls_two_routes.py	"the isometry route is excluded separately"	PAPER	
receipts/L221_the_bridge/B18_the_obstruction_is_horizon_located.py	"CR reads the fermion on the leaf, where it is a bound state"	PAPER	
receipts/L221_the_bridge/B18_the_obstruction_is_horizon_located.py	"in that induced proper measure the horizons sit at finite distance and the modes are bound"	PAPER	
receipts/L221_the_bridge/B18_the_obstruction_is_horizon_located.py	"the fermion is a mode of the existent spatial leaf"	PAPER	
receipts/L221_the_bridge/B18_the_obstruction_is_horizon_located.py	"whereas in the conserved spacetime Dirac norm the horizons are infinitely distant and the static mode does not normalize"	PAPER	
receipts/L221_the_bridge/B19_the_swap_is_the_weyl_z2_not_the_centre.py	"a discrete horn swap and delivers a species label"	PAPER	
receipts/L221_the_bridge/B19_the_swap_is_the_weyl_z2_not_the_centre.py	"the two occupations differing on the right-handed pair"	PAPER	
receipts/L221_the_bridge/B1_the_index_argument_stops_where_a_mod_two_index_begins.py	"Higgs"	PAPER	
receipts/L221_the_bridge/B1_the_index_argument_stops_where_a_mod_two_index_begins.py	"a circle whose action is what forces the equivariant Dirac index to vanish"	PAPER	
receipts/L221_the_bridge/B1_the_index_argument_stops_where_a_mod_two_index_begins.py	"determine the hypercha"	PAPER	
receipts/L221_the_bridge/B1_the_index_argument_stops_where_a_mod_two_index_begins.py	"no such circle action and so no trigger"	PAPER	
receipts/L221_the_bridge/B1_the_index_argument_stops_where_a_mod_two_index_begins.py	"per-wall anomaly conditions"	PAPER	
receipts/L221_the_bridge/B1_the_index_argument_stops_where_a_mod_two_index_begins.py	"the index theorem is a statement about a compact"	PAPER	
receipts/L221_the_bridge/B20_centre_and_weyl_are_opposite_ends.py	"reached three independent ways"	SOURCE	
receipts/L221_the_bridge/B20_centre_and_weyl_are_opposite_ends.py	"the corpus's colour is the CENTRE and its structure group"	SOURCE	
receipts/L221_the_bridge/B20_centre_and_weyl_are_opposite_ends.py	"the pushforward's holonomy"	SOURCE	
receipts/L221_the_bridge/B20_centre_and_weyl_are_opposite_ends.py	"the thing that arrives is a discrete label and the thing that does not is a coupling"	SOURCE	
receipts/L221_the_bridge/B20_centre_and_weyl_are_opposite_ends.py	"the vantage triple's selection rule"	SOURCE	
receipts/L221_the_bridge/B21_the_three_levels_audited.py	"(1) skeleton grounded"	SOURCE	
receipts/L221_the_bridge/B21_the_three_levels_audited.py	"(2) resemblance not claimed"	SOURCE	OPEN
receipts/L221_the_bridge/B21_the_three_levels_audited.py	"(3) identification walled"	SOURCE	
receipts/L221_the_bridge/B21_the_three_levels_audited.py	"NO LONGER STAND AS r693 SET THEM"	SOURCE	
receipts/L221_the_bridge/B21_the_three_levels_audited.py	"THE STATE NOW"	SOURCE	
receipts/L221_the_bridge/B21_the_three_levels_audited.py	"identification walled"	SOURCE	
receipts/L221_the_bridge/B21_the_three_levels_audited.py	"not claimed for three separated levels"	SOURCE	OPEN
receipts/L221_the_bridge/B21_the_three_levels_audited.py	"resemblance not claimed"	SOURCE	OPEN
receipts/L221_the_bridge/B21_the_three_levels_audited.py	"skeleton grounded"	SOURCE	
receipts/L221_the_bridge/B22_the_tower_is_uniform.py	"THE TOWER IS INFINITE: one bound zero-mode per (wall, j)"	SOURCE	
receipts/L221_the_bridge/B22_the_tower_is_uniform.py	"needs lambda < 3/4, which never holds"	SOURCE	
receipts/L221_the_bridge/B23_the_corpus_crosses_by_rotation.py	"carried continuously from \\emph{zero} at the turnaround"	PAPER	
receipts/L221_the_bridge/B23_the_corpus_crosses_by_rotation.py	"is \\emph{purely imaginary}"	PAPER	
receipts/L221_the_bridge/B23_the_corpus_crosses_by_rotation.py	"the lift is the Euclidean segment of the bead"	PAPER	
receipts/L221_the_bridge/B23_the_corpus_crosses_by_rotation.py	"to the branch point"	PAPER	MULTI,SECSHARED
receipts/L221_the_bridge/B23_the_corpus_crosses_by_rotation.py	"while the areal radius climbs from the comoving turnaround"	PAPER	
receipts/L221_the_bridge/B24_the_triality_test_run.py	"A genuine test computes the triality from the colour content independently of the charge"	PAPER	
receipts/L221_the_bridge/B24_the_triality_test_run.py	"B24_the_triality_test_run"	PAPER	
receipts/L221_the_bridge/B24_the_triality_test_run.py	"baryon $1$, diquark $0$, meson $1$"	PAPER	MULTI
receipts/L221_the_bridge/B24_the_triality_test_run.py	"the triality class \\emph{is} the fractional part of the charge"	PAPER	
receipts/L221_the_bridge/B25_the_scattering_object_exists.py	"Regge"	PAPER	
receipts/L221_the_bridge/B25_the_scattering_object_exists.py	"W=0 at every horizon"	SOURCE	
receipts/L221_the_bridge/B25_the_scattering_object_exists.py	"W=\\lambda\\sqrt f/r$ and $V_{\\pm}=W^{2}\\pm\\dd W/\\dd x$"	PAPER	
receipts/L221_the_bridge/B25_the_scattering_object_exists.py	"both partner potentials $W^{2}\\pm\\dd W/\\dd r_{*}$"	PAPER	
receipts/L221_the_bridge/B25_the_scattering_object_exists.py	"superpotential W=lambda sqrt(f)/r"	SOURCE	
receipts/L221_the_bridge/B28_a_cardinality_gap.py	"not the kind of thing a holonomy supplies"	SOURCE	
receipts/L221_the_bridge/B29_the_two_walls_are_one.py	"REMOVES THE WORD"	SOURCE	
receipts/L221_the_bridge/B29_the_two_walls_are_one.py	"UNBOUNDED = set()"	SOURCE	
receipts/L221_the_bridge/B29_the_two_walls_are_one.py	"a single length cannot build"	PAPER	ALT
receipts/L221_the_bridge/B29_the_two_walls_are_one.py	"dimensionless coupling that a single length cannot build"	SOURCE	ALT
receipts/L221_the_bridge/B29_the_two_walls_are_one.py	"it quantises and does not couple"	PAPER	
receipts/L221_the_bridge/B29_the_two_walls_are_one.py	"the bundle above is flat"	PAPER	
receipts/L221_the_bridge/B29_the_two_walls_are_one.py	"triality"	PAPER	MULTI,SECSHARED
receipts/L221_the_bridge/B2_the_mod_two_prerequisite_is_already_built.py	"acts on the actual zero-modes as charge conjugation"	PAPER	MULTI
receipts/L221_the_bridge/B2_the_mod_two_prerequisite_is_already_built.py	"complex conjugation of the pair"	PAPER	
receipts/L221_the_bridge/B2_the_mod_two_prerequisite_is_already_built.py	"does not act uniformly on the real structure"	PAPER	
receipts/L221_the_bridge/B2_the_mod_two_prerequisite_is_already_built.py	"kinematic shadow and not $C$ itself"	PAPER	
receipts/L221_the_bridge/B2_the_mod_two_prerequisite_is_already_built.py	"only the order-two subgroup"	PAPER	MULTI
receipts/L221_the_bridge/B2_the_mod_two_prerequisite_is_already_built.py	"realised on the built fermion sector"	PAPER	MULTI
receipts/L221_the_bridge/B30_the_parameter_has_the_wrong_signature.py	"two ends of one hinge are timelike separated"	PAPER	
receipts/L221_the_bridge/B31_the_wall_reason_is_too_narrow.py	"F=0"	SOURCE	ALT
receipts/L221_the_bridge/B31_the_wall_reason_is_too_narrow.py	"F\\equiv0"	SOURCE	ALT
receipts/L221_the_bridge/B31_the_wall_reason_is_too_narrow.py	"F^2"	SOURCE	ALT
receipts/L221_the_bridge/B31_the_wall_reason_is_too_narrow.py	"SL(2"	SOURCE	
receipts/L221_the_bridge/B31_the_wall_reason_is_too_narrow.py	"flat"	SOURCE	
receipts/L221_the_bridge/B31_the_wall_reason_is_too_narrow.py	"phase"	SOURCE	
receipts/L221_the_bridge/B31_the_wall_reason_is_too_narrow.py	"timelike"	SOURCE	
receipts/L221_the_bridge/B32_the_two_bounds_compose.py	"F^2"	SOURCE	
receipts/L221_the_bridge/B32_the_two_bounds_compose.py	"JanzenCRcosmology"	PAPER	MULTI,SECSHARED
receipts/L221_the_bridge/B32_the_two_bounds_compose.py	"a fixed pure number rather than a free parameter"	PAPER	
receipts/L221_the_bridge/B32_the_two_bounds_compose.py	"a number, not a tuning"	PAPER	
receipts/L221_the_bridge/B32_the_two_bounds_compose.py	"constrains the \\emph{target} rather than the mechanism"	PAPER	
receipts/L221_the_bridge/B32_the_two_bounds_compose.py	"rather than searched for in an unbounded space"	PAPER	
receipts/L221_the_bridge/B32_the_two_bounds_compose.py	"the size of the universe in gauge-units"	PAPER	
receipts/L221_the_bridge/B33_the_ledger_branch_is_settled.py	"Planck scale"	PAPER	
receipts/L221_the_bridge/B33_the_ledger_branch_is_settled.py	"is a gauge-combination rather than a second physical length"	PAPER	
receipts/L221_the_bridge/B33_the_ledger_branch_is_settled.py	"is a number in gauge-units and not a tuning"	PAPER	
receipts/L221_the_bridge/B33_the_ledger_branch_is_settled.py	"the derivation"	PAPER	
receipts/L221_the_bridge/B33_the_ledger_branch_is_settled.py	"the size of the universe in gauge-units"	PAPER	
receipts/L221_the_bridge/B34_the_join_crosses_the_inner_horizon.py	"JanzenBoundary"	PAPER	MULTI,SECSHARED
receipts/L221_the_bridge/B34_the_join_crosses_the_inner_horizon.py	"a domain wall"	PAPER	
receipts/L221_the_bridge/B34_the_join_crosses_the_inner_horizon.py	"changes sign at"	PAPER	
receipts/L221_the_bridge/B34_the_join_crosses_the_inner_horizon.py	"odd in the signed radius"	PAPER	
receipts/L221_the_bridge/B34_the_join_crosses_the_inner_horizon.py	"remain the undertaking the corpus names"	PAPER	OPEN
receipts/L221_the_bridge/B34_the_join_crosses_the_inner_horizon.py	"vanishes at the horizons"	PAPER	
receipts/L221_the_bridge/B35_the_continuation_is_cited_wrong.py	"JanzenBoundary"	PAPER	
receipts/L221_the_bridge/B35_the_continuation_is_cited_wrong.py	"JanzenSlicing"	PAPER	
receipts/L221_the_bridge/B35_the_continuation_is_cited_wrong.py	"a branch point and not a barrier"	PAPER	
receipts/L221_the_bridge/B35_the_continuation_is_cited_wrong.py	"across the locus the chart labels"	PAPER	
receipts/L221_the_bridge/B35_the_continuation_is_cited_wrong.py	"horizon-regular"	PAPER	
receipts/L221_the_bridge/B35_the_continuation_is_cited_wrong.py	"odd in the signed radius"	PAPER	
receipts/L221_the_bridge/B35_the_continuation_is_cited_wrong.py	"remain the undertaking the corpus names"	PAPER	OPEN
receipts/L221_the_bridge/B36_two_of_three_crossings_are_supplied.py	"a branch point and not a barrier"	PAPER	
receipts/L221_the_bridge/B36_two_of_three_crossings_are_supplied.py	"a domain wall"	PAPER	
receipts/L221_the_bridge/B36_two_of_three_crossings_are_supplied.py	"across the locus the chart labels"	PAPER	MULTI
receipts/L221_the_bridge/B36_two_of_three_crossings_are_supplied.py	"binds exactly one normalizable chiral zero-mode"	PAPER	
receipts/L221_the_bridge/B36_two_of_three_crossings_are_supplied.py	"establishes that closure as a theorem"	PAPER	
receipts/L221_the_bridge/B36_two_of_three_crossings_are_supplied.py	"infinite tortoise distance"	PAPER	MULTI,SECSHARED
receipts/L221_the_bridge/B36_two_of_three_crossings_are_supplied.py	"odd in the signed radius"	PAPER	
receipts/L221_the_bridge/B36_two_of_three_crossings_are_supplied.py	"the sign of the signed-radius flip"	PAPER	MULTI
receipts/L221_the_bridge/B37_po4_and_po5_share_a_root.py	"ORDER 4"	SOURCE	ALT
receipts/L221_the_bridge/B37_po4_and_po5_share_a_root.py	"gauge-combination rather than a second physical"	PAPER	
receipts/L221_the_bridge/B37_po4_and_po5_share_a_root.py	"is a discrete horn swap"	PAPER	MULTI
receipts/L221_the_bridge/B37_po4_and_po5_share_a_root.py	"order 4"	SOURCE	ALT
receipts/L221_the_bridge/B37_po4_and_po5_share_a_root.py	"quantises without measuring"	PAPER	
receipts/L221_the_bridge/B37_po4_and_po5_share_a_root.py	"the common root of three verdicts reached separately"	PAPER	
receipts/L221_the_bridge/B38_the_ledger_is_discrete.py	"F^2"	SOURCE	
receipts/L221_the_bridge/B38_the_ledger_is_discrete.py	"SL(2"	SOURCE	ALT
receipts/L221_the_bridge/B38_the_ledger_is_discrete.py	"a fixed pure number rather than a free parameter"	PAPER	
receipts/L221_the_bridge/B38_the_ledger_is_discrete.py	"generation"	PAPER	MULTI,SECSHARED
receipts/L221_the_bridge/B38_the_ledger_is_discrete.py	"is a discrete horn swap"	PAPER	MULTI
receipts/L221_the_bridge/B38_the_ledger_is_discrete.py	"rapidity"	SOURCE	ALT
receipts/L221_the_bridge/B38_the_ledger_is_discrete.py	"triality"	PAPER	MULTI,SECSHARED
receipts/L221_the_bridge/B39_the_substrate_does_carry_compact_su2.py	"a fixed pure number rather than a free parameter"	PAPER	
receipts/L221_the_bridge/B39_the_substrate_does_carry_compact_su2.py	"closed-$S^3$ layer"	PAPER	MULTI
receipts/L221_the_bridge/B39_the_substrate_does_carry_compact_su2.py	"isometry group being fixed by the absolute"	PAPER	
receipts/L221_the_bridge/B39_the_substrate_does_carry_compact_su2.py	"two ends of one hinge are timelike separated"	PAPER	
receipts/L221_the_bridge/B3_the_involution_is_quaternionic_not_real.py	"$S=\\gamma^{0}\\gamma^{1}\\gamma^{3}$"	PAPER	
receipts/L221_the_bridge/B3_the_involution_is_quaternionic_not_real.py	"\\gamma^{5}S=-\\mathrm{i}\\gamma^{2}"	PAPER	
receipts/L221_the_bridge/B3_the_involution_is_quaternionic_not_real.py	"reality-involution lift"	PAPER	
receipts/L221_the_bridge/B40_the_isometry_reaches_colour_not_isospin.py	"colour's exact selection rules"	PAPER	
receipts/L221_the_bridge/B40_the_isometry_reaches_colour_not_isospin.py	"delivers a species label"	PAPER	
receipts/L221_the_bridge/B40_the_isometry_reaches_colour_not_isospin.py	"the leaf is compact and its Dirac operator carries a well-defined"	PAPER	
receipts/L221_the_bridge/B40_the_isometry_reaches_colour_not_isospin.py	"three throat walls, hence three chiral zero-modes"	PAPER	
receipts/L221_the_bridge/B40_the_isometry_reaches_colour_not_isospin.py	"triality"	PAPER	MULTI,SECSHARED
receipts/L221_the_bridge/B40_the_isometry_reaches_colour_not_isospin.py	"two ends of one hinge are timelike separated"	PAPER	
receipts/L221_the_bridge/B41_the_isospin_structure_is_finite.py	"chiral action"	PAPER	ALT,MULTI
receipts/L221_the_bridge/B41_the_isospin_structure_is_finite.py	"delivers a species label"	PAPER	
receipts/L221_the_bridge/B41_the_isospin_structure_is_finite.py	"four one-dimensional ones"	PAPER	
receipts/L221_the_bridge/B41_the_isospin_structure_is_finite.py	"has total dimension four"	PAPER	
receipts/L221_the_bridge/B41_the_isospin_structure_is_finite.py	"is a discrete horn swap"	PAPER	MULTI
receipts/L221_the_bridge/B41_the_isospin_structure_is_finite.py	"not SU(2)_L's chiral action"	PAPER	ALT
receipts/L221_the_bridge/B41_the_isospin_structure_is_finite.py	"that are trivial on the deck"	PAPER	
receipts/L221_the_bridge/B42_the_route_was_taken_and_p14_is_the_work.py	"This paper takes up that opening concretely"	PAPER	
receipts/L221_the_bridge/B42_the_route_was_taken_and_p14_is_the_work.py	"colour's exact selection rules"	PAPER	
receipts/L221_the_bridge/B42_the_route_was_taken_and_p14_is_the_work.py	"delivers a species label"	PAPER	
receipts/L221_the_bridge/B42_the_route_was_taken_and_p14_is_the_work.py	"is the single geometric opening the wall leaves"	PAPER	MULTI
receipts/L221_the_bridge/B42_the_route_was_taken_and_p14_is_the_work.py	"no such circle action and so no trigger"	PAPER	
receipts/L221_the_bridge/B42_the_route_was_taken_and_p14_is_the_work.py	"non-geometric but"	PAPER	MULTI
receipts/L221_the_bridge/B42_the_route_was_taken_and_p14_is_the_work.py	"not only the report of a wall"	PAPER	MULTI
receipts/L221_the_bridge/B42_the_route_was_taken_and_p14_is_the_work.py	"three chiral generations carrying a family symmetry"	PAPER	
receipts/L221_the_bridge/B44_po5s_two_walls_are_one.py	"So the construction cannot force a coupling"	PAPER	
receipts/L221_the_bridge/B44_po5s_two_walls_are_one.py	"a fixed pure number rather than a free parameter"	PAPER	
receipts/L221_the_bridge/B44_po5s_two_walls_are_one.py	"and no force"	PAPER	MULTI
receipts/L221_the_bridge/B44_po5s_two_walls_are_one.py	"colour's exact selection rules"	PAPER	
receipts/L221_the_bridge/B44_po5s_two_walls_are_one.py	"is a pure power of"	PAPER	
receipts/L221_the_bridge/B44_po5s_two_walls_are_one.py	"the bundle above is flat"	PAPER	
receipts/L221_the_bridge/B44_po5s_two_walls_are_one.py	"the common root of three verdicts reached separately"	PAPER	
receipts/L221_the_bridge/B44_po5s_two_walls_are_one.py	"the flat bundle selects without coupling"	PAPER	
receipts/L221_the_bridge/B45_the_object_exists_and_the_action_is_absent.py	"NARROWED c54.84"	SOURCE	
receipts/L221_the_bridge/B45_the_object_exists_and_the_action_is_absent.py	"a property of a one-constant theory rather than a gap awaiting work"	PAPER	
receipts/L221_the_bridge/B45_the_object_exists_and_the_action_is_absent.py	"filters without supplying"	PAPER	
receipts/L221_the_bridge/B45_the_object_exists_and_the_action_is_absent.py	"measurement discrepancy, not a framework verdict"	SOURCE	
receipts/L221_the_bridge/B45_the_object_exists_and_the_action_is_absent.py	"not claimed for three separated levels"	SOURCE	OPEN
receipts/L221_the_bridge/B45_the_object_exists_and_the_action_is_absent.py	"quantises without measuring"	PAPER	
receipts/L221_the_bridge/B45_the_object_exists_and_the_action_is_absent.py	"selects without coupling"	PAPER	
receipts/L221_the_bridge/B46_one_matching_not_two.py	"the horizons standing infinitely far"	PAPER	
receipts/L221_the_bridge/B47_the_wall_is_exactly_critical.py	"essential-self-adjointness threshold"	PAPER	MULTI
receipts/L221_the_bridge/B47_the_wall_is_exactly_critical.py	"inverse-square"	PAPER	MULTI,SECSHARED
receipts/L221_the_bridge/B48_the_field_is_dirac_so_the_matching_is_determined.py	"DOUBLE root"	SOURCE	
receipts/L221_the_bridge/B48_the_field_is_dirac_so_the_matching_is_determined.py	"NON-DEGENERATE"	SOURCE	
receipts/L221_the_bridge/B48_the_field_is_dirac_so_the_matching_is_determined.py	"as against the bound zero-modes"	SOURCE	
receipts/L221_the_bridge/B48_the_field_is_dirac_so_the_matching_is_determined.py	"lambda"	SOURCE	
receipts/L221_the_bridge/B49_the_taxonomy_was_the_stale_gate.py	"PHYSICAL identification"	SOURCE	
receipts/L221_the_bridge/B49_the_taxonomy_was_the_stale_gate.py	"gated on"	SOURCE	
receipts/L221_the_bridge/B49_the_taxonomy_was_the_stale_gate.py	"nothing left to guard"	SOURCE	
receipts/L221_the_bridge/B49_the_taxonomy_was_the_stale_gate.py	"whether a coupling can arise at all"	SOURCE	
receipts/L221_the_bridge/B4_the_radial_operator_carries_a_real_structure.py	"H=-i\\sigma_x\\partial_x+m(x)\\sigma_z"	PAPER	
receipts/L221_the_bridge/B4_the_radial_operator_carries_a_real_structure.py	"W(r)=\\frac{\\lambda\\sqrt{f}}{r}"	PAPER	
receipts/L221_the_bridge/B4_the_radial_operator_carries_a_real_structure.py	"\\chi_{+}$ the $\\sigma_y=+1$ eigenspinor"	PAPER	ALT
receipts/L221_the_bridge/B4_the_radial_operator_carries_a_real_structure.py	"\\sigma_y=+1$ eigenspinor"	PAPER	ALT,MULTI
receipts/L221_the_bridge/B50_a_forced_number_on_the_wrong_wall.py	"So the construction cannot force a coupling"	PAPER	
receipts/L221_the_bridge/B50_a_forced_number_on_the_wrong_wall.py	"and no force"	PAPER	MULTI
receipts/L221_the_bridge/B50_a_forced_number_on_the_wrong_wall.py	"is a pure power of"	PAPER	
receipts/L221_the_bridge/B50_a_forced_number_on_the_wrong_wall.py	"the bundle above is flat"	PAPER	
receipts/L221_the_bridge/B51_p0s_inference_is_sound_and_scoped.py	"So the construction cannot force a coupling"	PAPER	
receipts/L221_the_bridge/B51_p0s_inference_is_sound_and_scoped.py	"a dimensionless magnitude needs two"	PAPER	MULTI
receipts/L221_the_bridge/B51_p0s_inference_is_sound_and_scoped.py	"in which the mass cancels"	PAPER	
receipts/L221_the_bridge/B51_p0s_inference_is_sound_and_scoped.py	"is a pure power of"	PAPER	
receipts/L221_the_bridge/B51_p0s_inference_is_sound_and_scoped.py	"rather than only in the limit"	PAPER	
receipts/L221_the_bridge/B51_p0s_inference_is_sound_and_scoped.py	"the unique fixed point of the root-exchange involution"	PAPER	
receipts/L221_the_bridge/B52_the_missing_f2_is_entailed_by_the_delivery.py	"and no force"	PAPER	MULTI
receipts/L221_the_bridge/B52_the_missing_f2_is_entailed_by_the_delivery.py	"colour structure acts on is the branching rather than any bundle"	PAPER	
receipts/L221_the_bridge/B52_the_missing_f2_is_entailed_by_the_delivery.py	"colour's exact selection rules"	PAPER	
receipts/L221_the_bridge/B52_the_missing_f2_is_entailed_by_the_delivery.py	"the bundle above is flat"	PAPER	
receipts/L221_the_bridge/B52_the_missing_f2_is_entailed_by_the_delivery.py	"three wall monodromies with the hinge"	PAPER	MULTI
receipts/L221_the_bridge/B53_gating_l829_and_l830.py	"(WHAT IS NOT CLAIMED|REMAINING PIECE IS NAMED|not claimed|flagged)"	SOURCE	OPEN
receipts/L221_the_bridge/B53_gating_l829_and_l830.py	"check\\([^)]*transmission[^)]*\\bis\\s+\\d"	SOURCE	ALT,XOR
receipts/L221_the_bridge/B53_gating_l829_and_l830.py	"does not normalize"	PAPER	
receipts/L221_the_bridge/B53_gating_l829_and_l830.py	"the horizons standing infinitely far"	PAPER	
receipts/L221_the_bridge/B54_the_retraction_supports_the_verdict.py	"each contributes exactly one bound mode"	PAPER	
receipts/L221_the_bridge/B54_the_retraction_supports_the_verdict.py	"labels partial"	PAPER	
receipts/L221_the_bridge/B54_the_retraction_supports_the_verdict.py	"propagating Dirac sector"	SOURCE	
receipts/L221_the_bridge/B55_right_kind_right_place_numerical_declined.py	"a fixed pure number rather than a free parameter"	PAPER	
receipts/L221_the_bridge/B55_right_kind_right_place_numerical_declined.py	"a length and the substrate has exactly one"	PAPER	
receipts/L221_the_bridge/B55_right_kind_right_place_numerical_declined.py	"obstruction appearing only after the descent"	PAPER	
receipts/L221_the_bridge/B56_it_is_lambda_8_not_a_coupling.py	"Cartan and Weyl data, not the Lie algebra"	PAPER	
receipts/L221_the_bridge/B56_it_is_lambda_8_not_a_coupling.py	"Cartan subalgebra of"	PAPER	
receipts/L221_the_bridge/B56_it_is_lambda_8_not_a_coupling.py	"diagonal traceless matrices"	PAPER	
receipts/L221_the_bridge/B56_it_is_lambda_8_not_a_coupling.py	"furnish a Cartan element"	PAPER	MULTI
receipts/L221_the_bridge/B56_it_is_lambda_8_not_a_coupling.py	"the Cartan--Weyl skeleton"	PAPER	
receipts/L221_the_bridge/B57_the_rules_are_centre_data_the_force_is_root_vectors.py	"and no force"	PAPER	MULTI
receipts/L221_the_bridge/B57_the_rules_are_centre_data_the_force_is_root_vectors.py	"baryon"	PAPER	ALT,MULTI,SECSHARED
receipts/L221_the_bridge/B57_the_rules_are_centre_data_the_force_is_root_vectors.py	"baryon 1, diquark 0, meson 1"	PAPER	ALT
receipts/L221_the_bridge/B57_the_rules_are_centre_data_the_force_is_root_vectors.py	"colour's exact selection rules"	PAPER	
receipts/L221_the_bridge/B57_the_rules_are_centre_data_the_force_is_root_vectors.py	"diquark"	PAPER	ALT,MULTI,SECSHARED
receipts/L221_the_bridge/B58_p14_already_answers_the_owed_question.py	"a branch structure has finitely many sheets"	PAPER	
receipts/L221_the_bridge/B58_p14_already_answers_the_owed_question.py	"consists of flat connections"	PAPER	
receipts/L221_the_bridge/B58_p14_already_answers_the_owed_question.py	"disjointness of the vantages"	PAPER	
receipts/L221_the_bridge/B58_p14_already_answers_the_owed_question.py	"not whether there is a field strength"	PAPER	
receipts/L221_the_bridge/B58_p14_already_answers_the_owed_question.py	"subregular"	PAPER	
receipts/L221_the_bridge/B58_p14_already_answers_the_owed_question.py	"the dimension is a bonus and not the argument"	PAPER	
receipts/L221_the_bridge/B58_p14_already_answers_the_owed_question.py	"vanishing first cohomology"	PAPER	
receipts/L221_the_bridge/B59_the_routes_are_enumerable_and_one_is_absent.py	"consists of flat connections"	PAPER	
receipts/L221_the_bridge/B59_the_routes_are_enumerable_and_one_is_absent.py	"geometric-isometry"	PAPER	MULTI,SECSHARED
receipts/L221_the_bridge/B59_the_routes_are_enumerable_and_one_is_absent.py	"no bulk gauge field for anomaly inflow"	PAPER	
receipts/L221_the_bridge/B5_the_mod_two_index_is_one_and_the_corpus_computed_it.py	"\\dim\\ker_+=3"	PAPER	MULTI
receipts/L221_the_bridge/B5_the_mod_two_index_is_one_and_the_corpus_computed_it.py	"\\dim\\ker_-=0"	PAPER	MULTI
receipts/L221_the_bridge/B5_the_mod_two_index_is_one_and_the_corpus_computed_it.py	"changing their signs only in \\emph{pairs}"	PAPER	
receipts/L221_the_bridge/B5_the_mod_two_index_is_one_and_the_corpus_computed_it.py	"three and zero lying in different parity classes"	PAPER	MULTI
receipts/L221_the_bridge/B5_the_mod_two_index_is_one_and_the_corpus_computed_it.py	"traced rather than computed"	PAPER	MULTI
receipts/L221_the_bridge/B5_the_mod_two_index_is_one_and_the_corpus_computed_it.py	"traced weight"	PAPER	MULTI
receipts/L221_the_bridge/B5_the_mod_two_index_is_one_and_the_corpus_computed_it.py	"which are the $\\sigma_{y}$ eigenvalues of Proposition"	PAPER	
receipts/L221_the_bridge/B60_one_operator_the_fork_does_not_exist.py	"ODD in signed r"	SOURCE	
receipts/L221_the_bridge/B60_one_operator_the_fork_does_not_exist.py	"W=0 at every horizon"	SOURCE	
receipts/L221_the_bridge/B60_one_operator_the_fork_does_not_exist.py	"W=lambda sqrt(f)/r"	SOURCE	
receipts/L221_the_bridge/B60_one_operator_the_fork_does_not_exist.py	"e0=sqrt f dt"	SOURCE	
receipts/L221_the_bridge/B60_one_operator_the_fork_does_not_exist.py	"e1=dr/sqrt f"	SOURCE	
receipts/L221_the_bridge/B61_the_walls_do_not_cover_the_spectral_route.py	"the known escapes all abandoning the geometric premise"	PAPER	
receipts/L221_the_bridge/B63_the_spectral_route_closes_for_r2806s_reason.py	"Dirac"	PAPER	MULTI,SECSHARED
receipts/L221_the_bridge/B63_the_spectral_route_closes_for_r2806s_reason.py	"radial"	PAPER	MULTI,SECSHARED
receipts/L221_the_bridge/B63_the_spectral_route_closes_for_r2806s_reason.py	"the gauge and mass content external"	PAPER	
receipts/L221_the_bridge/B64_the_composite_route_does_not_close.py	"Lorentzian substrate"	PAPER	MULTI,SECSHARED
receipts/L221_the_bridge/B64_the_composite_route_does_not_close.py	"baryon"	PAPER	MULTI,SECSHARED
receipts/L221_the_bridge/B64_the_composite_route_does_not_close.py	"de Sitter"	PAPER	ALT,MULTI,SECSHARED
receipts/L221_the_bridge/B64_the_composite_route_does_not_close.py	"deSitter"	PAPER	ALT
receipts/L221_the_bridge/B64_the_composite_route_does_not_close.py	"diquark"	PAPER	MULTI,SECSHARED
receipts/L221_the_bridge/B64_the_composite_route_does_not_close.py	"meson"	PAPER	MULTI,SECSHARED
receipts/L221_the_bridge/B65_the_gluon_is_the_octet_and_p14_counts_the_singlet.py	"baryon $1$, diquark $0$, meson $1$"	PAPER	MULTI
receipts/L221_the_bridge/B65_the_gluon_is_the_octet_and_p14_counts_the_singlet.py	"each contributes exactly one bound mode"	PAPER	
receipts/L221_the_bridge/B65_the_gluon_is_the_octet_and_p14_counts_the_singlet.py	"every channel the Standard Model has"	PAPER	
receipts/L221_the_bridge/B65_the_gluon_is_the_octet_and_p14_counts_the_singlet.py	"labels partial"	PAPER	
receipts/L221_the_bridge/B66_po5s_route_is_gated_on_po11.py	"CR reads the fermion as a mode of the existent leaf, not a propagating spacetime field carrying the tortoise norm---on the leaf it is a bound state"	PAPER	
receipts/L221_the_bridge/B66_po5s_route_is_gated_on_po11.py	"bound-state zero-modes of the existent leaf"	PAPER	MULTI
receipts/L221_the_bridge/B66_po5s_route_is_gated_on_po11.py	"stays unbuilt is the other one"	PAPER	
receipts/L221_the_bridge/B66_po5s_route_is_gated_on_po11.py	"the descent onto a full \\emph{propagating} spinor field sector is built---on the static slicing structure, and again on this framework's own chiral member"	PAPER	
receipts/L221_the_bridge/B66_po5s_route_is_gated_on_po11.py	"the wall-bound zero-modes are linearly independent and span a three-dimensional space"	PAPER	
receipts/L221_the_bridge/B67_verdict_the_analytic_sqrt_f_operator.py	"sqrt(f) is a"	SOURCE	
receipts/L221_the_bridge/B6_the_object_is_delivered_and_the_row_argues_elsewhere.py	"SU(3)"	SOURCE	
receipts/L221_the_bridge/B6_the_object_is_delivered_and_the_row_argues_elsewhere.py	"The quark/lepton split, and what a baryon"	SOURCE	
receipts/L221_the_bridge/B6_the_object_is_delivered_and_the_row_argues_elsewhere.py	"a discrete horn swap and delivers a species label"	PAPER	
receipts/L221_the_bridge/B6_the_object_is_delivered_and_the_row_argues_elsewhere.py	"baryon $1$, diquark $0$, meson $1$"	PAPER	MULTI
receipts/L221_the_bridge/B6_the_object_is_delivered_and_the_row_argues_elsewhere.py	"branching returns a **character**"	SOURCE	
receipts/L221_the_bridge/B6_the_object_is_delivered_and_the_row_argues_elsewhere.py	"supplies colour's exact selection rules and no force"	PAPER	
receipts/L221_the_bridge/B6_the_object_is_delivered_and_the_row_argues_elsewhere.py	"the discrete content of \\textbf{colour}"	PAPER	
receipts/L221_the_bridge/B6_the_object_is_delivered_and_the_row_argues_elsewhere.py	"the five multiplets, and which carries the colour"	SOURCE	
receipts/L221_the_bridge/B6_the_object_is_delivered_and_the_row_argues_elsewhere.py	"the module the operator's colour structure acts on is the branch"	PAPER	
receipts/L221_the_bridge/B6_the_object_is_delivered_and_the_row_argues_elsewhere.py	"the three wall monodromies and the hinge $3$-cycle generate a finite group of order $81$ in $U(3)$"	PAPER	
receipts/L221_the_bridge/B6_the_object_is_delivered_and_the_row_argues_elsewhere.py	"the three wall monodromies with the hinge $3$-cycle generate a finite flat holonomy whose determinant-one part, $\\Delta(27)$, lies in $SU(3)$"	PAPER	
receipts/L221_the_bridge/B6_the_object_is_delivered_and_the_row_argues_elsewhere.py	"wall monodromies"	SOURCE	
receipts/L221_the_bridge/B6_the_object_is_delivered_and_the_row_argues_elsewhere.py	"whose determinant-one part is $\\Delta(27)$ and lies in $SU(3)$, with the lap as its centre"	PAPER	
receipts/L221_the_bridge/B7_two_unbuilt_sectors_not_one.py	"328d33776e"	SOURCE	
receipts/L221_the_bridge/B7_two_unbuilt_sectors_not_one.py	"RESTORED r2621"	SOURCE	
receipts/L221_the_bridge/B7_two_unbuilt_sectors_not_one.py	"The sector the obstruction would act on is the other one}---gauge-acted and isometry-realized, on the compact face---and that sector can be specified, and is obstructed twice"	PAPER	
receipts/L221_the_bridge/B7_two_unbuilt_sectors_not_one.py	"The specification does not build the sector"	PAPER	
receipts/L221_the_bridge/B7_two_unbuilt_sectors_not_one.py	"being no isometry of the non-compact substrate to begin with"	PAPER	
receipts/L221_the_bridge/B7_two_unbuilt_sectors_not_one.py	"is a spinor on the real Lorentzian slicing structure, not a gauge-acted sector on the compact face"	PAPER	
receipts/L221_the_bridge/B7_two_unbuilt_sectors_not_one.py	"leaf-bound modes and the propagating field"	PAPER	
receipts/L221_the_bridge/B7_two_unbuilt_sectors_not_one.py	"supplies no equivariant index for the obstruction to act on"	PAPER	
receipts/L221_the_bridge/B7_two_unbuilt_sectors_not_one.py	"the descent onto a \\emph{propagating} spinor sector is built on the chiral member, which is the unpolarised one, a Dirac field there propagating on the light cone"	PAPER	
receipts/L221_the_bridge/B7_two_unbuilt_sectors_not_one.py	"the leaf-bound modes and the propagating field being two sectors"	PAPER	
receipts/L221_the_bridge/B7_two_unbuilt_sectors_not_one.py	"what is definite is the emptiness of a definite object"	PAPER	
receipts/L221_the_bridge/B8_po4_targets_have_opposite_verdicts.py	"Weak isospin as a \\emph{gauging}"	PAPER	ALT
receipts/L221_the_bridge/B8_po4_targets_have_opposite_verdicts.py	"What remains genuinely outstanding is the gauge group and the multiplet structure"	PAPER	OPEN
receipts/L221_the_bridge/B8_po4_targets_have_opposite_verdicts.py	"\\su(3)$ and $\\su(2)_L$ as structures on the cut"	SOURCE	
receipts/L221_the_bridge/B8_po4_targets_have_opposite_verdicts.py	"a discrete horn swap and delivers a species label"	PAPER	ALT
receipts/L221_the_bridge/B8_po4_targets_have_opposite_verdicts.py	"the module the operator's colour structure acts on is the branch"	PAPER	
receipts/L221_the_bridge/B8_po4_targets_have_opposite_verdicts.py	"the smallest connected group containing the ratios together with the hinge three-cycle is $SU(3)$ itself"	PAPER	
receipts/L221_the_bridge/B8_po4_targets_have_opposite_verdicts.py	"the three wall monodromies and the hinge $3$-cycle generate a finite group of order $81$ in $U(3)$"	PAPER	
receipts/L221_the_bridge/B8_po4_targets_have_opposite_verdicts.py	"the two occupations differing on the right-handed pair"	PAPER	
receipts/L221_the_bridge/B8_po4_targets_have_opposite_verdicts.py	"the undelivered content is two items and not three"	PAPER	
receipts/L221_the_bridge/B8_po4_targets_have_opposite_verdicts.py	"what reduces $\\so(6)\\to\\su(3)$"	SOURCE	
receipts/L221_the_bridge/B8_po4_targets_have_opposite_verdicts.py	"whose determinant-one part is $\\Delta(27)$ and lies in $SU(3)$, with the lap as its centre"	PAPER	
receipts/L221_the_bridge/B9_po3_why_is_answered_dimensionally.py	"Nariai hexad"	PAPER	
receipts/L221_the_bridge/B9_po3_why_is_answered_dimensionally.py	"The mass function is odd in the signed offset exactly when $D$ is even"	PAPER	
receipts/L221_the_bridge/B9_po3_why_is_answered_dimensionally.py	"The second condition is the parity, and it separates those two"	PAPER	
receipts/L221_the_bridge/B9_po3_why_is_answered_dimensionally.py	"\\emph{fixes} each geometry rather than exchanging it with its conjugate"	PAPER	
receipts/L221_the_bridge/B9_po3_why_is_answered_dimensionally.py	"no outer factor of"	PAPER	
receipts/L221_the_bridge/B9_po3_why_is_answered_dimensionally.py	"parity doubling"	SOURCE	
receipts/L221_the_bridge/B9_po3_why_is_answered_dimensionally.py	"returns a four-fold"	PAPER	
receipts/L221_the_bridge/B9_po3_why_is_answered_dimensionally.py	"the $A_2$ skeleton and the parity doubling"	SOURCE	
receipts/L221_the_bridge/B9_po3_why_is_answered_dimensionally.py	"the collapse does occur, at scale"	PAPER	
receipts/L221_the_bridge/B9_po3_why_is_answered_dimensionally.py	"there is no mass-reflection"	PAPER	
receipts/L221_the_bridge/B9_po3_why_is_answered_dimensionally.py	"whose three zero-sum roots are the $A_2$ weights that $S_3$ permutes"	PAPER	ALT
receipts/L221_the_bridge/B9_po3_why_is_answered_dimensionally.py	"whose three zero-sum roots are the $A_{2}$ weights that $S_{3}$ permutes"	PAPER	ALT
receipts/L221_the_bridge/B9_po3_why_is_answered_dimensionally.py	"zero-sum triple"	SOURCE	
receipts/L230_computes_convention/C1_the_uptake_is_falling_and_this_line_is_why.py	"COMPUTES:"	SOURCE	
receipts/L230_computes_convention/C1_the_uptake_is_falling_and_this_line_is_why.py	"def is_data_row"	SOURCE	
receipts/L230_computes_convention/C1_the_uptake_is_falling_and_this_line_is_why.py	"no gate can read a quantifier"	SOURCE	
receipts/L233_colour_curvature/F1_what_a_curvature_source_would_have_to_be.py	"EXACT for arbitrary $m(r)$"	SOURCE	ALT
receipts/L233_colour_curvature/F1_what_a_curvature_source_would_have_to_be.py	"ONE equation per comoving shell"	SOURCE	ALT
receipts/L233_colour_curvature/F1_what_a_curvature_source_would_have_to_be.py	"The module is the \\emph{branching} itself"	PAPER	
receipts/L233_colour_curvature/F1_what_a_curvature_source_would_have_to_be.py	"covering map carries a canonical flat connection"	SOURCE	
receipts/L233_colour_curvature/F1_what_a_curvature_source_would_have_to_be.py	"exact for arbitrary"	SOURCE	ALT
receipts/L233_colour_curvature/F1_what_a_curvature_source_would_have_to_be.py	"one equation per comoving shell"	SOURCE	ALT
receipts/L233_colour_curvature/F1_what_a_curvature_source_would_have_to_be.py	"supplies no force"	PAPER	MULTI
receipts/L233_colour_curvature/F1_what_a_curvature_source_would_have_to_be.py	"the bundle is \\emph{flat}"	PAPER	
receipts/L233_colour_curvature/F1_what_a_curvature_source_would_have_to_be.py	"the geometry quantises and does not couple"	PAPER	
receipts/L233_colour_curvature/F2_the_flatness_is_what_a_branching_IS.py	"FORCED by the homogeneity of the leaf"	SOURCE	ALT
receipts/L233_colour_curvature/F2_the_flatness_is_what_a_branching_IS.py	"The module is the \\emph{branching} itself"	PAPER	
receipts/L233_colour_curvature/F2_the_flatness_is_what_a_branching_IS.py	"each hinge designates one of the three roots of the horizon cubic"	PAPER	
receipts/L233_colour_curvature/F2_the_flatness_is_what_a_branching_IS.py	"homogeneity of the leaf"	SOURCE	ALT
receipts/L233_colour_curvature/F2_the_flatness_is_what_a_branching_IS.py	"monodromy"	SOURCE	
receipts/L233_colour_curvature/F2_the_flatness_is_what_a_branching_IS.py	"returns the \\emph{same} $2M=r_0-r_0^3$"	PAPER	MULTI
receipts/L233_colour_curvature/F2_the_flatness_is_what_a_branching_IS.py	"root cover"	SOURCE	
receipts/L233_colour_curvature/F2_the_flatness_is_what_a_branching_IS.py	"supplies no force"	PAPER	MULTI
receipts/L233_colour_curvature/F2_the_flatness_is_what_a_branching_IS.py	"the geometry quantises and does not couple"	PAPER	
receipts/L233_colour_curvature/F2_the_flatness_is_what_a_branching_IS.py	"the three carry one mass parameter"	PAPER	MULTI
receipts/L237_gates_check_declarations/G1_every_gate_checks_a_declaration.py	"COMPUTES:"	SOURCE	
receipts/L237_gates_check_declarations/G1_every_gate_checks_a_declaration.py	"WITHDRAWN"	SOURCE	ALT
receipts/L237_gates_check_declarations/G1_every_gate_checks_a_declaration.py	"a gate can check a DECLARATION"	SOURCE	ALT
receipts/L237_gates_check_declarations/G1_every_gate_checks_a_declaration.py	"check a DECLARATION"	SOURCE	ALT
receipts/L237_gates_check_declarations/G1_every_gate_checks_a_declaration.py	"check_loci"	SOURCE	
receipts/L237_gates_check_declarations/G1_every_gate_checks_a_declaration.py	"scanner"	SOURCE	ALT
receipts/L237_gates_check_declarations/G1_every_gate_checks_a_declaration.py	"the scanner is not built"	SOURCE	ALT
receipts/L237_gates_check_declarations/G50_the_receipt_runner_gate_was_green_because_its_cache_had_no_expiry.py	"eta fixes the abundances and the CMB peak HEIGHTS, rho_r/rho_m"	SOURCE	
receipts/L237_gates_check_declarations/G51_the_twelve_can_all_exit_non_zero_and_the_backlog_is_an_artefact.py	"CAN_EXIT\\s*=\\s*re\\.compile\\(r'([^']+)'"	SOURCE	
receipts/L239_capability_assumed/K1_a_capability_assumed_from_one_failure.py	"CHECK THE DEFECT, NOT JUST THE REPORT"	SOURCE	
receipts/L246_the_achirality_is_the_obstruction/W1_the_two_plus_one_plus_one_is_excluded_by_a_symmetry_the_chiral_member_does_not_have.py	"Every $\\mathbb{Z}_2$ grading splits those four $2+2$"	PAPER	
receipts/L246_the_achirality_is_the_obstruction/W1_the_two_plus_one_plus_one_is_excluded_by_a_symmetry_the_chiral_member_does_not_have.py	"It is not a failure, because colour does not see the chirality"	PAPER	
receipts/L246_the_achirality_is_the_obstruction/W1_the_two_plus_one_plus_one_is_excluded_by_a_symmetry_the_chiral_member_does_not_have.py	"MULTIPLET STRUCTURE (Q,u^c,d^c,L,e^c)"	SOURCE	
receipts/L246_the_achirality_is_the_obstruction/W1_the_two_plus_one_plus_one_is_excluded_by_a_symmetry_the_chiral_member_does_not_have.py	"Q is an isodoublet"	SOURCE	
receipts/L246_the_achirality_is_the_obstruction/W1_the_two_plus_one_plus_one_is_excluded_by_a_symmetry_the_chiral_member_does_not_have.py	"\\label{eq:twist}"	PAPER	
receipts/L246_the_achirality_is_the_obstruction/W1_the_two_plus_one_plus_one_is_excluded_by_a_symmetry_the_chiral_member_does_not_have.py	"\\label{sec:unpolarized}"	PAPER	
receipts/L246_the_achirality_is_the_obstruction/W1_the_two_plus_one_plus_one_is_excluded_by_a_symmetry_the_chiral_member_does_not_have.py	"c\\mapsto-c"	PAPER	MULTI,SECSHARED
receipts/L246_the_achirality_is_the_obstruction/W1_the_two_plus_one_plus_one_is_excluded_by_a_symmetry_the_chiral_member_does_not_have.py	"colourless"	PAPER	MULTI,SECSHARED
receipts/L246_the_achirality_is_the_obstruction/W1_the_two_plus_one_plus_one_is_excluded_by_a_symmetry_the_chiral_member_does_not_have.py	"determinant $-1$"	PAPER	
receipts/L246_the_achirality_is_the_obstruction/W1_the_two_plus_one_plus_one_is_excluded_by_a_symmetry_the_chiral_member_does_not_have.py	"e\\^\\{2P\\}\\\\?,?Q_t"	PAPER	
receipts/L246_the_achirality_is_the_obstruction/W1_the_two_plus_one_plus_one_is_excluded_by_a_symmetry_the_chiral_member_does_not_have.py	"four one-dimensional"	PAPER	
receipts/L246_the_achirality_is_the_obstruction/W1_the_two_plus_one_plus_one_is_excluded_by_a_symmetry_the_chiral_member_does_not_have.py	"identity component does not reach"	PAPER	
receipts/L246_the_achirality_is_the_obstruction/W1_the_two_plus_one_plus_one_is_excluded_by_a_symmetry_the_chiral_member_does_not_have.py	"index counts generations, not the states within them"	PAPER	
receipts/L246_the_achirality_is_the_obstruction/W1_the_two_plus_one_plus_one_is_excluded_by_a_symmetry_the_chiral_member_does_not_have.py	"singlets"	SOURCE	
receipts/L247_the_build_already_stands/B1_the_geometry_po14_asks_for_was_built_at_r2419.py	"Dirac sector"	SOURCE	
receipts/L247_the_build_already_stands/B1_the_geometry_po14_asks_for_was_built_at_r2419.py	"FALSE WHEN WRITTEN"	SOURCE	
receipts/L247_the_build_already_stands/B1_the_geometry_po14_asks_for_was_built_at_r2419.py	"Gaussian curvature $-1$"	PAPER	LIST
receipts/L247_the_build_already_stands/B1_the_geometry_po14_asks_for_was_built_at_r2419.py	"PO-21"	SOURCE	
receipts/L247_the_build_already_stands/B1_the_geometry_po14_asks_for_was_built_at_r2419.py	"\\label{sec:unpolarized}"	PAPER	LIST
receipts/L247_the_build_already_stands/B1_the_geometry_po14_asks_for_was_built_at_r2419.py	"c\\mapsto-c"	PAPER	LIST,MULTI,SECSHARED
receipts/L247_the_build_already_stands/B1_the_geometry_po14_asks_for_was_built_at_r2419.py	"determinant $-1$"	PAPER	LIST
receipts/L247_the_build_already_stands/B1_the_geometry_po14_asks_for_was_built_at_r2419.py	"e^{2P}\\,Q_t"	PAPER	LIST
receipts/L247_the_build_already_stands/B1_the_geometry_po14_asks_for_was_built_at_r2419.py	"homogeneous reduction"	SOURCE	
receipts/L247_the_build_already_stands/B1_the_geometry_po14_asks_for_was_built_at_r2419.py	"identity component does not reach"	PAPER	LIST
receipts/L247_the_build_already_stands/B1_the_geometry_po14_asks_for_was_built_at_r2419.py	"not solved here"	SOURCE	
receipts/L247_the_build_already_stands/B1_the_geometry_po14_asks_for_was_built_at_r2419.py	"r2419"	SOURCE	
receipts/L247_the_build_already_stands/B1_the_geometry_po14_asks_for_was_built_at_r2419.py	"restoring the second polarization"	PAPER	LIST
receipts/L247_the_build_already_stands/B1_the_geometry_po14_asks_for_was_built_at_r2419.py	"wave map into the hyperbolic plane"	PAPER	LIST,MULTI
receipts/L248_the_strike_broke_its_readers/R1_r3001_struck_fourteen_rows_and_twelve_receipts_read_them_by_prefix.py	"bounded below"	SOURCE	
receipts/L248_the_strike_broke_its_readers/R1_r3001_struck_fourteen_rows_and_twelve_receipts_read_them_by_prefix.py	"is not assumed here"	PAPER	
receipts/L248_the_strike_broke_its_readers/R1_r3001_struck_fourteen_rows_and_twelve_receipts_read_them_by_prefix.py	"though it does in fact"	PAPER	
receipts/L250_the_break_reports_itself/Q1_a_quotation_pin_that_names_the_revision_that_removed_it.py	"and it WAS present"	SOURCE	
receipts/L250_the_break_reports_itself/Q1_a_quotation_pin_that_names_the_revision_that_removed_it.py	"at"	SOURCE	ALT,XOR
receipts/L250_the_break_reports_itself/Q1_a_quotation_pin_that_names_the_revision_that_removed_it.py	"may never have been in this file"	SOURCE	
receipts/L250_the_break_reports_itself/Q1_a_quotation_pin_that_names_the_revision_that_removed_it.py	"not a verdict"	SOURCE	ALT
receipts/L250_the_break_reports_itself/Q1_a_quotation_pin_that_names_the_revision_that_removed_it.py	"the PIN is wrong"	SOURCE	
receipts/L251_the_numbering_collides/N1_two_lines_numbering_from_one_counter_and_a_paper_narrating_its_own_history.py	"SHALLOW"	PAPER	ALT
receipts/L251_the_numbering_collides/N1_two_lines_numbering_from_one_counter_and_a_paper_narrating_its_own_history.py	"THE BAND IS A PROPOSAL, NOT A PREVENTION"	SOURCE	
receipts/L251_the_numbering_collides/N1_two_lines_numbering_from_one_counter_and_a_paper_narrating_its_own_history.py	"THE BAND IS PARITY"	SOURCE	
receipts/L251_the_numbering_collides/N1_two_lines_numbering_from_one_counter_and_a_paper_narrating_its_own_history.py	"commit"	PAPER	MULTI,SECSHARED
receipts/L251_the_numbering_collides/N1_two_lines_numbering_from_one_counter_and_a_paper_narrating_its_own_history.py	"commit {sha[:12]}"	SOURCE	
receipts/L251_the_numbering_collides/N1_two_lines_numbering_from_one_counter_and_a_paper_narrating_its_own_history.py	"if OTHER_HALF is None:"	SOURCE	
receipts/L251_the_numbering_collides/N1_two_lines_numbering_from_one_counter_and_a_paper_narrating_its_own_history.py	"r2674"	PAPER	ALT
receipts/L251_the_numbering_collides/N1_two_lines_numbering_from_one_counter_and_a_paper_narrating_its_own_history.py	"r3108"	PAPER	ALT
receipts/L253_the_seed_that_stopped_seeding/S1_a_seed_that_stops_constructing_its_defect_accuses_the_gate_it_defends.py	"524 is the PRE-repair parsed count"	SOURCE	
receipts/L253_the_seed_that_stopped_seeding/S1_a_seed_that_stops_constructing_its_defect_accuses_the_gate_it_defends.py	"AND THE DEFECT HAS NOT RECURRED, live"	SOURCE	
receipts/L253_the_seed_that_stopped_seeding/S1_a_seed_that_stops_constructing_its_defect_accuses_the_gate_it_defends.py	"ASSERTED SEPARATELY AND MONOTONELY"	SOURCE	
receipts/L253_the_seed_that_stopped_seeding/S1_a_seed_that_stops_constructing_its_defect_accuses_the_gate_it_defends.py	"CORRECTED r3125"	SOURCE	
receipts/L253_the_seed_that_stopped_seeding/S1_a_seed_that_stops_constructing_its_defect_accuses_the_gate_it_defends.py	"REPAIRED"	SOURCE	
receipts/L253_the_seed_that_stopped_seeding/S1_a_seed_that_stops_constructing_its_defect_accuses_the_gate_it_defends.py	"_struck = bool(re.match(r'\\|\\s*~~', _row))"	SOURCE	
receipts/L253_the_seed_that_stopped_seeding/S1_a_seed_that_stops_constructing_its_defect_accuses_the_gate_it_defends.py	"assert _twin != _row"	SOURCE	
receipts/L253_the_seed_that_stopped_seeding/S1_a_seed_that_stops_constructing_its_defect_accuses_the_gate_it_defends.py	"git('show'"	SOURCE	
receipts/L253_the_seed_that_stopped_seeding/S1_a_seed_that_stops_constructing_its_defect_accuses_the_gate_it_defends.py	"seed_took"	SOURCE	
receipts/L254_the_rule_was_spellings/A1_a_rule_made_of_spellings_misses_the_next_spelling.py	"CONTROL_REAL"	SOURCE	
receipts/L254_the_rule_was_spellings/A1_a_rule_made_of_spellings_misses_the_next_spelling.py	"SPLIT ="	SOURCE	
receipts/L254_the_rule_was_spellings/A1_a_rule_made_of_spellings_misses_the_next_spelling.py	"acting_check.py"	SOURCE	
receipts/L254_the_rule_was_spellings/A1_a_rule_made_of_spellings_misses_the_next_spelling.py	"bad |= (not ok1)"	SOURCE	
receipts/L254_the_rule_was_spellings/A1_a_rule_made_of_spellings_misses_the_next_spelling.py	"registration rows"	SOURCE	
receipts/L254_the_rule_was_spellings/A1_a_rule_made_of_spellings_misses_the_next_spelling.py	"sys.exit(1 if bad else 0)"	SOURCE	
receipts/L254_the_rule_was_spellings/A1_a_rule_made_of_spellings_misses_the_next_spelling.py	"the four numbers agree with BOTH registration rows"	SOURCE	
receipts/L255_the_exemption_was_a_claim/E1_an_exemption_is_a_claim_and_all_three_were_false.py	"MARK = re.compile"	SOURCE	
receipts/L255_the_exemption_was_a_claim/E1_an_exemption_is_a_claim_and_all_three_were_false.py	"REPAIRED"	SOURCE	ALT
receipts/L255_the_exemption_was_a_claim/E1_an_exemption_is_a_claim_and_all_three_were_false.py	"STALE EXEMPTION"	SOURCE	
receipts/L255_the_exemption_was_a_claim/E1_an_exemption_is_a_claim_and_all_three_were_false.py	"THE `RERUNNABLE: NO \u2014 POINT-IN-TIME` MARK WAS REMOVED HERE"	SOURCE	
receipts/L255_the_exemption_was_a_claim/E1_an_exemption_is_a_claim_and_all_three_were_false.py	"TimeoutExpired"	SOURCE	
receipts/L255_the_exemption_was_a_claim/E1_an_exemption_is_a_claim_and_all_three_were_false.py	"header(t)"	SOURCE	
receipts/L255_the_exemption_was_a_claim/E1_an_exemption_is_a_claim_and_all_three_were_false.py	"not judged either way"	SOURCE	
receipts/L255_the_exemption_was_a_claim/E1_an_exemption_is_a_claim_and_all_three_were_false.py	"seed_took"	SOURCE	ALT
receipts/L255_the_exemption_was_a_claim/E1_an_exemption_is_a_claim_and_all_three_were_false.py	"subprocess.run"	SOURCE	
receipts/L255_the_exemption_was_a_claim/E1_an_exemption_is_a_claim_and_all_three_were_false.py	"with no reason given"	SOURCE	
receipts/L256_the_band_taken/B1_a_finding_that_routes_its_own_remedy_and_then_recurs_is_not_waiting.py	"NAMED, not dated"	SOURCE	
receipts/L256_the_band_taken/B1_a_finding_that_routes_its_own_remedy_and_then_recurs_is_not_waiting.py	"THE BAND IS A PROPOSAL, NOT A PREVENTION"	SOURCE	
receipts/L256_the_band_taken/B1_a_finding_that_routes_its_own_remedy_and_then_recurs_is_not_waiting.py	"THIS LINE TAKES EVEN REVISION NUMBERS"	SOURCE	
receipts/L256_the_band_taken/B1_a_finding_that_routes_its_own_remedy_and_then_recurs_is_not_waiting.py	"WITHDRAWN r3128"	SOURCE	
receipts/L256_the_band_taken/B1_a_finding_that_routes_its_own_remedy_and_then_recurs_is_not_waiting.py	"f'{UPSTREAM}..HEAD'"	SOURCE	
receipts/L256_the_band_taken/B1_a_finding_that_routes_its_own_remedy_and_then_recurs_is_not_waiting.py	"if OTHER_HALF is None:"	SOURCE	
receipts/L256_the_band_taken/B1_a_finding_that_routes_its_own_remedy_and_then_recurs_is_not_waiting.py	"not yet reached the shared trunk"	SOURCE	OPEN
receipts/L257_the_label_did_double_duty/V1_a_strike_that_reads_as_done_and_a_paper_that_says_otherwise.py	"$\\gamma\\le\\tfrac14<\\tfrac34$ places spectrum strictly below the threshold"	PAPER	
receipts/L257_the_label_did_double_duty/V1_a_strike_that_reads_as_done_and_a_paper_that_says_otherwise.py	"*It read MET, NOT OWED*"	SOURCE	OPEN
receipts/L257_the_label_did_double_duty/V1_a_strike_that_reads_as_done_and_a_paper_that_says_otherwise.py	"A generic problem on unusually good terms"	SOURCE	
receipts/L257_the_label_did_double_duty/V1_a_strike_that_reads_as_done_and_a_paper_that_says_otherwise.py	"LEDGER VERDICT ON A"	SOURCE	
receipts/L257_the_label_did_double_duty/V1_a_strike_that_reads_as_done_and_a_paper_that_says_otherwise.py	"PO-14"	SOURCE	
receipts/L257_the_label_did_double_duty/V1_a_strike_that_reads_as_done_and_a_paper_that_says_otherwise.py	"PO-23, opened r3809"	SOURCE	
receipts/L257_the_label_did_double_duty/V1_a_strike_that_reads_as_done_and_a_paper_that_says_otherwise.py	"THIS CLAUSE IS SUPERSEDED"	SOURCE	
receipts/L257_the_label_did_double_duty/V1_a_strike_that_reads_as_done_and_a_paper_that_says_otherwise.py	"The straddle itself is a computed fact\\rcpt{P10_the_straddle_is_computed}"	PAPER	
receipts/L257_the_label_did_double_duty/V1_a_strike_that_reads_as_done_and_a_paper_that_says_otherwise.py	"\\operatorname{spec}\\hat\\Gamma=[\\gamma,\\infty)"	PAPER	
receipts/L257_the_label_did_double_duty/V1_a_strike_that_reads_as_done_and_a_paper_that_says_otherwise.py	"all three are settled"	PAPER	
receipts/L257_the_label_did_double_duty/V1_a_strike_that_reads_as_done_and_a_paper_that_says_otherwise.py	"definition is the construction's own"	PAPER	
receipts/L257_the_label_did_double_duty/V1_a_strike_that_reads_as_done_and_a_paper_that_says_otherwise.py	"one-dimensional by conformal flatness"	SOURCE	
receipts/L257_the_label_did_double_duty/V1_a_strike_that_reads_as_done_and_a_paper_that_says_otherwise.py	"shared with every interacting field theory"	PAPER	
receipts/L257_the_label_did_double_duty/V1_a_strike_that_reads_as_done_and_a_paper_that_says_otherwise.py	"supplied fibre by fibre and so cannot be broken by the size of the sub-threshold set"	PAPER	
receipts/L257_the_label_did_double_duty/V1_a_strike_that_reads_as_done_and_a_paper_that_says_otherwise.py	"the ultraviolet definition of the mode sums with them"	PAPER	
receipts/L257_the_label_did_double_duty/V1_a_strike_that_reads_as_done_and_a_paper_that_says_otherwise.py	"ultraviolet definition of the tower sums---a different thing from a residual freedom in the quantization at the boundary"	PAPER	
receipts/L258_the_pin_and_the_thing_that_moves/M1_five_checks_pinned_to_things_that_move_and_one_that_no_control_could_separate.py	"(\\d+) pass, (\\d+) fail"	SOURCE	
receipts/L258_the_pin_and_the_thing_that_moves/M1_five_checks_pinned_to_things_that_move_and_one_that_no_control_could_separate.py	"A MEASUREMENT THAT CANNOT BEAT ITS CONTROL IS REMOVED"	SOURCE	
receipts/L258_the_pin_and_the_thing_that_moves/M1_five_checks_pinned_to_things_that_move_and_one_that_no_control_could_separate.py	"AND IT DOES NOW"	SOURCE	
receipts/L258_the_pin_and_the_thing_that_moves/M1_five_checks_pinned_to_things_that_move_and_one_that_no_control_could_separate.py	"MINE ="	SOURCE	
receipts/L258_the_pin_and_the_thing_that_moves/M1_five_checks_pinned_to_things_that_move_and_one_that_no_control_could_separate.py	"TREE-DIGEST:\\s*([0-9a-f]+)"	SOURCE	
receipts/L258_the_pin_and_the_thing_that_moves/M1_five_checks_pinned_to_things_that_move_and_one_that_no_control_could_separate.py	"\\\\section\\{[^}]*\\}\\s*\\\\label\\{sec:frontiers\\}"	PAPER	
receipts/L258_the_pin_and_the_thing_that_moves/M1_five_checks_pinned_to_things_that_move_and_one_that_no_control_could_separate.py	"characteristic crossing with no [^.]{0,60}?obstruction[^.]{0,40}?curvature"	PAPER	
receipts/L258_the_pin_and_the_thing_that_moves/M1_five_checks_pinned_to_things_that_move_and_one_that_no_control_could_separate.py	"located by its LABEL"	SOURCE	
receipts/L258_the_pin_and_the_thing_that_moves/M1_five_checks_pinned_to_things_that_move_and_one_that_no_control_could_separate.py	"massless radial Dirac problem separates into a first-order pair"	PAPER	
receipts/L258_the_pin_and_the_thing_that_moves/M1_five_checks_pinned_to_things_that_move_and_one_that_no_control_could_separate.py	"needs no similarity score"	SOURCE	
receipts/L258_the_pin_and_the_thing_that_moves/M1_five_checks_pinned_to_things_that_move_and_one_that_no_control_could_separate.py	"sec:frontiers"	SOURCE	
receipts/L259_the_distance_from_the_present/D1_a_check_pinned_to_a_distance_from_the_present_is_pinned_to_the_present.py	"DIRECTIONAL and unfitted"	SOURCE	ALT
receipts/L259_the_distance_from_the_present/D1_a_check_pinned_to_a_distance_from_the_present_is_pinned_to_the_present.py	"directional claim"	SOURCE	ALT
receipts/L260_half_a_partition/H1_half_a_partition_removes_nothing_and_the_gate_said_otherwise_while_eight_landed.py	"BASELINE | TESTIMONY"	SOURCE	
receipts/L260_half_a_partition/H1_half_a_partition_removes_nothing_and_the_gate_said_otherwise_while_eight_landed.py	"THAT IS FALSE, AND IT IS FALSE BY ARITHMETIC"	SOURCE	
receipts/L260_half_a_partition/H1_half_a_partition_removes_nothing_and_the_gate_said_otherwise_while_eight_landed.py	"THE BAND IS A PROPOSAL, NOT A PREVENTION"	SOURCE	
receipts/L260_half_a_partition/H1_half_a_partition_removes_nothing_and_the_gate_said_otherwise_while_eight_landed.py	"WITHDRAWN r3140"	SOURCE	
receipts/L260_half_a_partition/H1_half_a_partition_removes_nothing_and_the_gate_said_otherwise_while_eight_landed.py	"def report_testimony"	SOURCE	
receipts/L260_half_a_partition/H1_half_a_partition_removes_nothing_and_the_gate_said_otherwise_while_eight_landed.py	"if OTHER_HALF is None:"	SOURCE	
receipts/L260_half_a_partition/H1_half_a_partition_removes_nothing_and_the_gate_said_otherwise_while_eight_landed.py	"must be struck rather than left"	SOURCE	
receipts/L260_half_a_partition/H1_half_a_partition_removes_nothing_and_the_gate_said_otherwise_while_eight_landed.py	"on testimony"	SOURCE	
receipts/L261_the_question_was_answered/A1_a_check_on_whether_a_question_is_still_open_punishes_the_answer.py	"THE BAND IS A PROPOSAL, NOT A PREVENTION"	SOURCE	
receipts/L261_the_question_was_answered/A1_a_check_on_whether_a_question_is_still_open_punishes_the_answer.py	"WITHDRAWN r3128"	SOURCE	
receipts/L262_half_a_family/F1_a_table_that_covers_half_a_family_fails_on_the_rest_of_it_later.py	"_CIRCLED"	SOURCE	
receipts/L262_half_a_family/F1_a_table_that_covers_half_a_family_fails_on_the_rest_of_it_later.py	"_left = sorted({c for c in s if ord(c) > 0xFF})"	SOURCE	
receipts/L262_half_a_family/F1_a_table_that_covers_half_a_family_fails_on_the_rest_of_it_later.py	"for _i in range(10)"	SOURCE	
receipts/L262_half_a_family/F1_a_table_that_covers_half_a_family_fails_on_the_rest_of_it_later.py	"nothing untranslated leaves this function"	SOURCE	
receipts/L262_half_a_family/F1_a_table_that_covers_half_a_family_fails_on_the_rest_of_it_later.py	"\u1d9c"	SOURCE	
receipts/L262_half_a_family/F1_a_table_that_covers_half_a_family_fails_on_the_rest_of_it_later.py	"\u24fa"	SOURCE	
receipts/L263_the_station_audit/S1_three_of_eight_stations_are_already_held_and_one_was_noticed_and_not_propagated.py	"STRUCK r3148"	SOURCE	
receipts/L263_the_station_audit/S1_three_of_eight_stations_are_already_held_and_one_was_noticed_and_not_propagated.py	"THE RECEIPT WAS MORE HONEST THAN THE PAPER"	PAPER	
receipts/L263_the_station_audit/S1_three_of_eight_stations_are_already_held_and_one_was_noticed_and_not_propagated.py	"\\label{eq:atiyah}"	PAPER	
receipts/L263_the_station_audit/S1_three_of_eight_stations_are_already_held_and_one_was_noticed_and_not_propagated.py	"carried \u24bb as owed for forty-eight revisions after its own \u2460 block recorded the answer"	SOURCE	OPEN
receipts/L263_the_station_audit/S1_three_of_eight_stations_are_already_held_and_one_was_noticed_and_not_propagated.py	"the Atiyah algebroid of the principal bundle"	PAPER	
receipts/L263_the_station_audit/S1_three_of_eight_stations_are_already_held_and_one_was_noticed_and_not_propagated.py	"the adjoint bundle"	PAPER	
receipts/L263_the_station_audit/S1_three_of_eight_stations_are_already_held_and_one_was_noticed_and_not_propagated.py	"\u24bb the two real forms of \\$SO\\(6,\\\\mathbb\\{C\\}\\)\\$ \u27d0 \\*\\*owed\\*\\*"	SOURCE	OPEN
receipts/L264_station_H_the_index_is_canonical/K1_the_traced_index_is_computable_and_the_computation_is_a_limit_point_test.py	"convergence is evidence the object is real"	SOURCE	
receipts/L265_station_G_the_sequence_is_the_object/A1_the_atiyah_sequence_is_not_missing_from_P12_it_is_P12s_object_unnamed.py	"a field that reaches nothing can still deliver a theorem"	SOURCE	
receipts/L266_station_C_three_readings_of_the_dial/C1_the_degree_six_dial_has_three_readings_and_the_paper_excludes_one.py	"DE-MACROED"	SOURCE	
receipts/L266_station_C_three_readings_of_the_dial/C1_the_degree_six_dial_has_three_readings_and_the_paper_excludes_one.py	"Nothing here exhibits an action"	SOURCE	
receipts/L266_station_C_three_readings_of_the_dial/C1_the_degree_six_dial_has_three_readings_and_the_paper_excludes_one.py	"def demacro"	SOURCE	
receipts/L267_the_sweep_that_did_not_run/G1_a_success_message_printed_by_a_different_command_than_the_one_it_describes.py	"'NODE': os.environ.get('NODE', 'ci')"	SOURCE	
receipts/L267_the_sweep_that_did_not_run/G1_a_success_message_printed_by_a_different_command_than_the_one_it_describes.py	"counts as RED"	SOURCE	
receipts/L267_the_sweep_that_did_not_run/G1_a_success_message_printed_by_a_different_command_than_the_one_it_describes.py	"every gate green -- and this line is printed by the same run that measured them."	SOURCE	
receipts/L267_the_sweep_that_did_not_run/G1_a_success_message_printed_by_a_different_command_than_the_one_it_describes.py	"glob.glob(os.path.join(ROOT, 'corpus', 'check_*.py'))"	SOURCE	
receipts/L267_the_sweep_that_did_not_run/G1_a_success_message_printed_by_a_different_command_than_the_one_it_describes.py	"if red:"	SOURCE	
receipts/L267_the_sweep_that_did_not_run/G1_a_success_message_printed_by_a_different_command_than_the_one_it_describes.py	"return 'TIMEOUT'"	SOURCE	
receipts/L268_broken_by_its_own_edit/O1_a_receipt_that_asserts_a_state_its_own_revision_changes_is_false_when_committed.py	"'STRUCK r3148' in owed_now"	SOURCE	
receipts/L268_broken_by_its_own_edit/O1_a_receipt_that_asserts_a_state_its_own_revision_changes_is_false_when_committed.py	"PARENT = '{}'"	SOURCE	
receipts/L268_broken_by_its_own_edit/O1_a_receipt_that_asserts_a_state_its_own_revision_changes_is_false_when_committed.py	"f'{PARENT}:OWED.md'"	SOURCE	OPEN
receipts/L268_broken_by_its_own_edit/O1_a_receipt_that_asserts_a_state_its_own_revision_changes_is_false_when_committed.py	"held in"	SOURCE	ALT
receipts/L268_broken_by_its_own_edit/O1_a_receipt_that_asserts_a_state_its_own_revision_changes_is_false_when_committed.py	"held in {paper}"	SOURCE	ALT
receipts/L268_broken_by_its_own_edit/O1_a_receipt_that_asserts_a_state_its_own_revision_changes_is_false_when_committed.py	"which is this receipt landing rather than this receipt"	SOURCE	
receipts/L268_broken_by_its_own_edit/O1_a_receipt_that_asserts_a_state_its_own_revision_changes_is_false_when_committed.py	"~~{}~~"	SOURCE	
receipts/L269_the_second_theatre/T1_the_whole_physics_theatre_declared_its_walk_complete_and_the_list_carried_all_seven.py	"\"the earliest unrun\""	SOURCE	
receipts/L269_the_second_theatre/T1_the_whole_physics_theatre_declared_its_walk_complete_and_the_list_carried_all_seven.py	"\"\u2605 NEXT\""	SOURCE	
receipts/L269_the_second_theatre/T1_the_whole_physics_theatre_declared_its_walk_complete_and_the_list_carried_all_seven.py	"AGREED that it had"	SOURCE	ALT
receipts/L269_the_second_theatre/T1_the_whole_physics_theatre_declared_its_walk_complete_and_the_list_carried_all_seven.py	"CLOSED r3154 (`L-266`)"	SOURCE	
receipts/L269_the_second_theatre/T1_the_whole_physics_theatre_declared_its_walk_complete_and_the_list_carried_all_seven.py	"MENTION VERSUS USE"	SOURCE	
receipts/L269_the_second_theatre/T1_the_whole_physics_theatre_declared_its_walk_complete_and_the_list_carried_all_seven.py	"STRUCK r2383"	SOURCE	
receipts/L269_the_second_theatre/T1_the_whole_physics_theatre_declared_its_walk_complete_and_the_list_carried_all_seven.py	"THE COST, NAMED"	SOURCE	
receipts/L269_the_second_theatre/T1_the_whole_physics_theatre_declared_its_walk_complete_and_the_list_carried_all_seven.py	"THE WALK IS COMPLETE r2544"	SOURCE	
receipts/L269_the_second_theatre/T1_the_whole_physics_theatre_declared_its_walk_complete_and_the_list_carried_all_seven.py	"THE \u2460\u2461 STRIKE \u2014 made r2383, and the delay is the finding"	SOURCE	
receipts/L269_the_second_theatre/T1_the_whole_physics_theatre_declared_its_walk_complete_and_the_list_carried_all_seven.py	"WHAT IT CANNOT DO"	SOURCE	
receipts/L269_the_second_theatre/T1_the_whole_physics_theatre_declared_its_walk_complete_and_the_list_carried_all_seven.py	"\\|\\s*~*\\*\\*\\u24b8\\*\\*~*.*CLOSED"	SOURCE	
receipts/L269_the_second_theatre/T1_the_whole_physics_theatre_declared_its_walk_complete_and_the_list_carried_all_seven.py	"a consistency check that matches nothing is green forever"	SOURCE	ALT
receipts/L269_the_second_theatre/T1_the_whole_physics_theatre_declared_its_walk_complete_and_the_list_carried_all_seven.py	"carried \u24bb as owed for forty-eight revisions"	SOURCE	OPEN
receipts/L269_the_second_theatre/T1_the_whole_physics_theatre_declared_its_walk_complete_and_the_list_carried_all_seven.py	"every station"	SOURCE	
receipts/L269_the_second_theatre/T1_the_whole_physics_theatre_declared_its_walk_complete_and_the_list_carried_all_seven.py	"green forever"	SOURCE	ALT
receipts/L269_the_second_theatre/T1_the_whole_physics_theatre_declared_its_walk_complete_and_the_list_carried_all_seven.py	"had already been run"	SOURCE	
receipts/L269_the_second_theatre/T1_the_whole_physics_theatre_declared_its_walk_complete_and_the_list_carried_all_seven.py	"if not control_fires():"	SOURCE	
receipts/L269_the_second_theatre/T1_the_whole_physics_theatre_declared_its_walk_complete_and_the_list_carried_all_seven.py	"reported six stations as AGREED that it had simply not read"	SOURCE	ALT
receipts/L269_the_second_theatre/T1_the_whole_physics_theatre_declared_its_walk_complete_and_the_list_carried_all_seven.py	"the delay is the finding"	SOURCE	
receipts/L269_the_second_theatre/T1_the_whole_physics_theatre_declared_its_walk_complete_and_the_list_carried_all_seven.py	"the earliest unrun"	SOURCE	
receipts/L269_the_second_theatre/T1_the_whole_physics_theatre_declared_its_walk_complete_and_the_list_carried_all_seven.py	"the earliest unrun station"	SOURCE	
receipts/L269_the_second_theatre/T1_the_whole_physics_theatre_declared_its_walk_complete_and_the_list_carried_all_seven.py	"the victim"	SOURCE	
receipts/L269_the_second_theatre/T1_the_whole_physics_theatre_declared_its_walk_complete_and_the_list_carried_all_seven.py	"weakens the gate everywhere"	SOURCE	
receipts/L269_the_second_theatre/T1_the_whole_physics_theatre_declared_its_walk_complete_and_the_list_carried_all_seven.py	"~~\u2460\u2461"	SOURCE	
receipts/L270_the_table_that_carried_its_next_failure/V1_a_translation_table_validated_only_against_what_it_was_asked_to_render.py	"An empty survey is green forever"	SOURCE	
receipts/L270_the_table_that_carried_its_next_failure/V1_a_translation_table_validated_only_against_what_it_was_asked_to_render.py	"RESTATES THE RULE IT GUARDS"	SOURCE	
receipts/L270_the_table_that_carried_its_next_failure/V1_a_translation_table_validated_only_against_what_it_was_asked_to_render.py	"_SUPER"	SOURCE	
receipts/L270_the_table_that_carried_its_next_failure/V1_a_translation_table_validated_only_against_what_it_was_asked_to_render.py	"ord(c) > 0xFF"	SOURCE	
receipts/L270_the_table_that_carried_its_next_failure/V1_a_translation_table_validated_only_against_what_it_was_asked_to_render.py	"tex_escape"	SOURCE	
receipts/L270_the_table_that_carried_its_next_failure/V1_a_translation_table_validated_only_against_what_it_was_asked_to_render.py	"\u0299"	SOURCE	
receipts/L270_the_table_that_carried_its_next_failure/V1_a_translation_table_validated_only_against_what_it_was_asked_to_render.py	"\u1d47"	SOURCE	
receipts/L271_the_statistics_bake/S1_the_first_programme_is_a_power_calculation_and_the_design_it_proposes_is_the_expensive_one.py	"not measurement"	PAPER	MULTI
receipts/L271_the_statistics_bake/S1_the_first_programme_is_a_power_calculation_and_the_design_it_proposes_is_the_expensive_one.py	"survivorship"	PAPER	MULTI,SECSHARED
receipts/L271_the_statistics_bake/S2_the_systematics_budget_is_absent_by_name_and_present_as_a_matched_control.py	"Atiyah"	SOURCE	ALT
receipts/L271_the_statistics_bake/S2_the_systematics_budget_is_absent_by_name_and_present_as_a_matched_control.py	"Atiyah sequence is not missing"	SOURCE	ALT
receipts/L271_the_statistics_bake/S2_the_systematics_budget_is_absent_by_name_and_present_as_a_matched_control.py	"beam error"	PAPER	LIST,SURVEY
receipts/L271_the_statistics_bake/S2_the_systematics_budget_is_absent_by_name_and_present_as_a_matched_control.py	"beam transfer function"	PAPER	LIST,SURVEY
receipts/L271_the_statistics_bake/S2_the_systematics_budget_is_absent_by_name_and_present_as_a_matched_control.py	"beam uncertainty"	PAPER	LIST,SURVEY
receipts/L271_the_statistics_bake/S2_the_systematics_budget_is_absent_by_name_and_present_as_a_matched_control.py	"beam window"	PAPER	LIST,SURVEY
receipts/L271_the_statistics_bake/S2_the_systematics_budget_is_absent_by_name_and_present_as_a_matched_control.py	"calibration error"	PAPER	LIST,SURVEY
receipts/L271_the_statistics_bake/S2_the_systematics_budget_is_absent_by_name_and_present_as_a_matched_control.py	"look-elsewhere"	PAPER	LIST,SURVEY
receipts/L271_the_statistics_bake/S2_the_systematics_budget_is_absent_by_name_and_present_as_a_matched_control.py	"missing NAME, not a missing sector"	SOURCE	
receipts/L271_the_statistics_bake/S2_the_systematics_budget_is_absent_by_name_and_present_as_a_matched_control.py	"never named"	SOURCE	
receipts/L271_the_statistics_bake/S2_the_systematics_budget_is_absent_by_name_and_present_as_a_matched_control.py	"nuisance"	PAPER	LIST,SURVEY
receipts/L271_the_statistics_bake/S2_the_systematics_budget_is_absent_by_name_and_present_as_a_matched_control.py	"systematic error"	PAPER	LIST,SURVEY
receipts/L271_the_statistics_bake/S2_the_systematics_budget_is_absent_by_name_and_present_as_a_matched_control.py	"systematic uncertainty"	PAPER	LIST,SURVEY
receipts/L271_the_statistics_bake/S2_the_systematics_budget_is_absent_by_name_and_present_as_a_matched_control.py	"systematics"	PAPER	LIST,SURVEY
receipts/L271_the_statistics_bake/S2_the_systematics_budget_is_absent_by_name_and_present_as_a_matched_control.py	"trials factor"	PAPER	LIST,SURVEY
receipts/L271_the_statistics_bake/S2_the_systematics_budget_is_absent_by_name_and_present_as_a_matched_control.py	"unmodelled"	PAPER	LIST,SURVEY
receipts/L272_the_survey_that_was_a_memory/F1_the_outstanding_bake_list_was_surveyed_once_and_three_passes_were_needed_to_trust_it.py	"A COUNT IS NOT AN OPENING"	SOURCE	
receipts/L272_the_survey_that_was_a_memory/F1_the_outstanding_bake_list_was_surveyed_once_and_three_passes_were_needed_to_trust_it.py	"L-264"	SOURCE	ALT
receipts/L272_the_survey_that_was_a_memory/F1_the_outstanding_bake_list_was_surveyed_once_and_three_passes_were_needed_to_trust_it.py	"REFUSED rather than thrown"	SOURCE	
receipts/L272_the_survey_that_was_a_memory/F1_the_outstanding_bake_list_was_surveyed_once_and_three_passes_were_needed_to_trust_it.py	"SUBSTRING"	SOURCE	
receipts/L272_the_survey_that_was_a_memory/F1_the_outstanding_bake_list_was_surveyed_once_and_three_passes_were_needed_to_trust_it.py	"arbitrary"	SOURCE	
receipts/L272_the_survey_that_was_a_memory/F1_the_outstanding_bake_list_was_surveyed_once_and_three_passes_were_needed_to_trust_it.py	"bifurcation-theoretic sense"	SOURCE	
receipts/L272_the_survey_that_was_a_memory/F1_the_outstanding_bake_list_was_surveyed_once_and_three_passes_were_needed_to_trust_it.py	"is a FOLD"	SOURCE	ALT
receipts/L272_the_survey_that_was_a_memory/F1_the_outstanding_bake_list_was_surveyed_once_and_three_passes_were_needed_to_trust_it.py	"limit-point"	SOURCE	ALT
receipts/L272_the_survey_that_was_a_memory/F1_the_outstanding_bake_list_was_surveyed_once_and_three_passes_were_needed_to_trust_it.py	"return 1"	SOURCE	
receipts/L272_the_survey_that_was_a_memory/F1_the_outstanding_bake_list_was_surveyed_once_and_three_passes_were_needed_to_trust_it.py	"the Nariai merger is a FOLD"	SOURCE	ALT
receipts/L272_the_survey_that_was_a_memory/F1_the_outstanding_bake_list_was_surveyed_once_and_three_passes_were_needed_to_trust_it.py	"word-bounded and keys stripped"	SOURCE	
receipts/L273_the_cartan_bake/C1_the_weyl_closure_is_generic_to_cubics_and_the_match_is_D3_alone.py	"WORD-BOUNDED"	SOURCE	
receipts/L276_the_representation_theory_probe/R1_a_clause_that_outruns_its_own_premise_and_the_counterexample_is_the_papers_own_grading.py	"STRUCK r3148"	SOURCE	
receipts/L276_the_representation_theory_probe/R1_a_clause_that_outruns_its_own_premise_and_the_counterexample_is_the_papers_own_grading.py	"a receipt's prose is not its result"	SOURCE	ALT
receipts/L276_the_representation_theory_probe/R1_a_clause_that_outruns_its_own_premise_and_the_counterexample_is_the_papers_own_grading.py	"partly discharged"	SOURCE	
receipts/L276_the_representation_theory_probe/R1_a_clause_that_outruns_its_own_premise_and_the_counterexample_is_the_papers_own_grading.py	"probe"	SOURCE	
receipts/L276_the_representation_theory_probe/R1_a_clause_that_outruns_its_own_premise_and_the_counterexample_is_the_papers_own_grading.py	"prose is not its result"	SOURCE	ALT
receipts/L276_the_representation_theory_probe/R1_a_clause_that_outruns_its_own_premise_and_the_counterexample_is_the_papers_own_grading.py	"real forms"	SOURCE	
receipts/L277_the_unclaimed_surface/U1_a_survey_that_needs_the_list_cannot_find_what_is_missing_from_the_list.py	"FS.FIELDS"	SOURCE	
receipts/L277_the_unclaimed_surface/U1_a_survey_that_needs_the_list_cannot_find_what_is_missing_from_the_list.py	"category theory"	SOURCE	
receipts/L277_the_unclaimed_surface/U1_a_survey_that_needs_the_list_cannot_find_what_is_missing_from_the_list.py	"horizon` OUTRANKS `groupoid`"	SOURCE	
receipts/L277_the_unclaimed_surface/U1_a_survey_that_needs_the_list_cannot_find_what_is_missing_from_the_list.py	"invisible here"	SOURCE	
receipts/L277_the_unclaimed_surface/U1_a_survey_that_needs_the_list_cannot_find_what_is_missing_from_the_list.py	"return 1"	SOURCE	
receipts/L279_the_symmetric_space_probe/S1_so42_is_not_another_real_form_it_is_the_substrates_own_dual.py	"Atiyah sequence"	SOURCE	
receipts/L279_the_symmetric_space_probe/S1_so42_is_not_another_real_form_it_is_the_substrates_own_dual.py	"L-265"	SOURCE	
receipts/L279_the_symmetric_space_probe/S1_so42_is_not_another_real_form_it_is_the_substrates_own_dual.py	"THIS BAKE DID NOT DETERMINE THAT"	SOURCE	
receipts/L279_the_symmetric_space_probe/S1_so42_is_not_another_real_form_it_is_the_substrates_own_dual.py	"splitting"	SOURCE	
receipts/L280_the_decidable_claims/D1_ds5_is_not_the_unique_maximally_symmetric_lorentzian_five_manifold.py	"WHAT IT CANNOT DO"	SOURCE	
receipts/L280_the_decidable_claims/D1_ds5_is_not_the_unique_maximally_symmetric_lorentzian_five_manifold.py	"load-bearing claim from a passing remark"	SOURCE	
receipts/L280_the_decidable_claims/D1_ds5_is_not_the_unique_maximally_symmetric_lorentzian_five_manifold.py	"reading list"	SOURCE	
receipts/L280_the_decidable_claims/D1_ds5_is_not_the_unique_maximally_symmetric_lorentzian_five_manifold.py	"substrate"	SOURCE	
receipts/L281_the_prior_art_hole/P1_a_bake_that_asks_the_papers_and_not_the_receipts_walks_into_a_settled_question.py	"F5"	SOURCE	
receipts/L281_the_prior_art_hole/P1_a_bake_that_asks_the_papers_and_not_the_receipts_walks_into_a_settled_question.py	"Four reductions returned four wrong answers"	SOURCE	
receipts/L281_the_prior_art_hole/P1_a_bake_that_asks_the_papers_and_not_the_receipts_walks_into_a_settled_question.py	"NORM measure put where"	SOURCE	
receipts/L281_the_prior_art_hole/P1_a_bake_that_asks_the_papers_and_not_the_receipts_walks_into_a_settled_question.py	"OVERALL FACTOR"	SOURCE	
receipts/L281_the_prior_art_hole/P1_a_bake_that_asks_the_papers_and_not_the_receipts_walks_into_a_settled_question.py	"SPATIAL"	SOURCE	
receipts/L281_the_prior_art_hole/P1_a_bake_that_asks_the_papers_and_not_the_receipts_walks_into_a_settled_question.py	"already DECIDED"	SOURCE	
receipts/L281_the_prior_art_hole/P1_a_bake_that_asks_the_papers_and_not_the_receipts_walks_into_a_settled_question.py	"blind spot"	SOURCE	
receipts/L281_the_prior_art_hole/P1_a_bake_that_asks_the_papers_and_not_the_receipts_walks_into_a_settled_question.py	"ln P ~ sqrt r"	SOURCE	
receipts/L281_the_prior_art_hole/P1_a_bake_that_asks_the_papers_and_not_the_receipts_walks_into_a_settled_question.py	"matches words"	SOURCE	
receipts/L281_the_prior_art_hole/P1_a_bake_that_asks_the_papers_and_not_the_receipts_walks_into_a_settled_question.py	"not a clean sheet"	SOURCE	
receipts/L281_the_prior_art_hole/P1_a_bake_that_asks_the_papers_and_not_the_receipts_walks_into_a_settled_question.py	"oscillatory"	SOURCE	
receipts/L281_the_prior_art_hole/P1_a_bake_that_asks_the_papers_and_not_the_receipts_walks_into_a_settled_question.py	"receipt_heads"	SOURCE	
receipts/L281_the_prior_art_hole/P1_a_bake_that_asks_the_papers_and_not_the_receipts_walks_into_a_settled_question.py	"regardless of the sign"	SOURCE	
receipts/L281_the_prior_art_hole/P1_a_bake_that_asks_the_papers_and_not_the_receipts_walks_into_a_settled_question.py	"seventeen paper"	SOURCE	
receipts/L281_the_prior_art_hole/P1_a_bake_that_asks_the_papers_and_not_the_receipts_walks_into_a_settled_question.py	"timelike"	SOURCE	
receipts/L282_the_scope_that_five_papers_carry/Q1_the_corpus_has_the_qualifier_as_a_labelled_proposition_and_P13_states_the_claim_without_it.py	"curvature sign"	SOURCE	
receipts/L283_the_third_source_class/T1_the_papers_cite_the_receipts_decide_and_resources_is_where_the_proofs_live.py	"not the live corpus"	SOURCE	
receipts/L536_frontier_placement/F1_resolved_content_sits_in_the_frontier_sections.py	"\\\\(?:sub)*section\\{[^}]*(?:[Ff]rontier|[Oo]pen|[Ss]cope|[Rr]emain)[^}]*\\}"	SOURCE	
receipts/L536_frontier_placement/F1_resolved_content_sits_in_the_frontier_sections.py	"\\\\section\\{"	SOURCE	
receipts/L536_frontier_placement/F1_resolved_content_sits_in_the_frontier_sections.py	"\\\\section\\{[^}]*\\}\\s*\\\\label\\{sec:frontiers\\}"	PAPER	
receipts/L536_frontier_placement/F1_resolved_content_sits_in_the_frontier_sections.py	"boundary} is a result rather than a gap"	PAPER	
receipts/L536_frontier_placement/F1_resolved_content_sits_in_the_frontier_sections.py	"has not failed to empty; it has finished"	PAPER	
receipts/L536_frontier_placement/F1_resolved_content_sits_in_the_frontier_sections.py	"is something unworked that a definite computation would close"	PAPER	
receipts/L548_propagating_sector/C1_the_tortoise_divergence_is_the_normalisation_of_the_object_not_the_obstruction_to_it.py	"At a double root the relation is not available at all"	PAPER	ALT
receipts/L548_propagating_sector/C1_the_tortoise_divergence_is_the_normalisation_of_the_object_not_the_obstruction_to_it.py	"What that supplies is the radial continuum and not the sector"	PAPER	
receipts/L548_propagating_sector/C1_the_tortoise_divergence_is_the_normalisation_of_the_object_not_the_obstruction_to_it.py	"\\$L\\^\\{2\\}\\(\\\\dd r_\\{\\*\\}\\)\\\\subset L\\^\\{2\\}\\(\\\\dd\\\\ell\\)\\$: the leaf norm is strictly the weaker condition"	PAPER	
receipts/L548_propagating_sector/C1_the_tortoise_divergence_is_the_normalisation_of_the_object_not_the_obstruction_to_it.py	"\\$f\\\\sim c\\\\,\\\\delta\\{2\\}\\$ gives"	PAPER	ALT
receipts/L548_propagating_sector/C1_the_tortoise_divergence_is_the_normalisation_of_the_object_not_the_obstruction_to_it.py	"a modulus tending to a constant at infinite tortoise distance is the plane-wave asymptotic"	PAPER	
receipts/L548_propagating_sector/C1_the_tortoise_divergence_is_the_normalisation_of_the_object_not_the_obstruction_to_it.py	"a scattering state with a continuum normalisation"	SOURCE	
receipts/L548_propagating_sector/C1_the_tortoise_divergence_is_the_normalisation_of_the_object_not_the_obstruction_to_it.py	"bound tower cannot become by relabelling"	SOURCE	
receipts/L548_propagating_sector/C1_the_tortoise_divergence_is_the_normalisation_of_the_object_not_the_obstruction_to_it.py	"gives $r_{*}\\sim-1/c\\delta$, a power law"	PAPER	ALT
receipts/L548_propagating_sector/C1_the_tortoise_divergence_is_the_normalisation_of_the_object_not_the_obstruction_to_it.py	"leaf norm is FINITE and CUT-OFF INDEPENDENT"	SOURCE	
receipts/L548_propagating_sector/C1_the_tortoise_divergence_is_the_normalisation_of_the_object_not_the_obstruction_to_it.py	"remain the undertaking the corpus names"	PAPER	OPEN
receipts/L548_propagating_sector/C1_the_tortoise_divergence_is_the_normalisation_of_the_object_not_the_obstruction_to_it.py	"the descent onto a \\emph{propagating} spinor sector is built on the chiral member, which is the unpolarised one, a Dirac field there propagating on the light cone"	PAPER	
receipts/L548_propagating_sector/C1_the_tortoise_divergence_is_the_normalisation_of_the_object_not_the_obstruction_to_it.py	"the horizons sit at infinite tortoise\\s+distance, where the mode tends to a constant"	PAPER	
receipts/L548_propagating_sector/C1_the_tortoise_divergence_is_the_normalisation_of_the_object_not_the_obstruction_to_it.py	"the leaf-bound modes and the propagating field being two sectors"	PAPER	
receipts/L548_propagating_sector/C1_the_tortoise_divergence_is_the_normalisation_of_the_object_not_the_obstruction_to_it.py	"tortoise measure $\\int|\\psi|^2\\,dr_*$, $dr_*=dr/f$"	PAPER	
receipts/L548_propagating_sector/C1_the_tortoise_divergence_is_the_normalisation_of_the_object_not_the_obstruction_to_it.py	"whereas in the conserved spacetime Dirac norm the same static mode is not"	PAPER	
receipts/L549_coupled_counterterms/Q1_the_degeneracy_is_conformal_flatness_not_maximal_symmetry_so_no_scale_factor_can_break_it.py	"**A counterterm basis is a statement about a class of FIXED backgrounds, and in the coupled sector there is no such class to state it on** \u2014 which is a statement about what the question can MEAN, not a calculation waiting to be run"	SOURCE	
receipts/L549_coupled_counterterms/Q1_the_degeneracy_is_conformal_flatness_not_maximal_symmetry_so_no_scale_factor_can_break_it.py	"144/36/24"	SOURCE	
receipts/L549_coupled_counterterms/Q1_the_degeneracy_is_conformal_flatness_not_maximal_symmetry_so_no_scale_factor_can_break_it.py	"THE INVARIANT BASIS ON A MAXIMALLY SYMMETRIC BACKGROUND"	SOURCE	
receipts/L549_coupled_counterterms/Q1_the_degeneracy_is_conformal_flatness_not_maximal_symmetry_so_no_scale_factor_can_break_it.py	"That calculation is run, and its answer is smaller"	PAPER	
receipts/L549_coupled_counterterms/Q1_the_degeneracy_is_conformal_flatness_not_maximal_symmetry_so_no_scale_factor_can_break_it.py	"The propagating degree of freedom is the transverse-traceless shear of the evolving layer"	PAPER	
receipts/L549_coupled_counterterms/Q1_the_degeneracy_is_conformal_flatness_not_maximal_symmetry_so_no_scale_factor_can_break_it.py	"no scale factor breaks it, because no scale factor can make an FRW geometry anything but conformally flat"	PAPER	
receipts/L549_coupled_counterterms/Q1_the_degeneracy_is_conformal_flatness_not_maximal_symmetry_so_no_scale_factor_can_break_it.py	"the tower's own shear is a calculation and not a question about meaning"	PAPER	
receipts/L549_coupled_counterterms/Q1_the_degeneracy_is_conformal_flatness_not_maximal_symmetry_so_no_scale_factor_can_break_it.py	"three numbers read DOWN the table instead of ACROSS one row"	SOURCE	
receipts/L550_third_mechanism/M1_the_third_mechanism_is_bounded_and_the_bound_is_two_sentences_earlier.py	"The one physical length is $\\alpha$, not $\\ell_P$; their ratio $\\alpha/\\ell_P\\sim10^{61}$"	PAPER	
receipts/L550_third_mechanism/M1_the_third_mechanism_is_bounded_and_the_bound_is_two_sentences_earlier.py	"What can be said about one before it is named is more than nothing, and it is the dimensional sentence just used, which mentions no route"	PAPER	
receipts/L550_third_mechanism/M1_the_third_mechanism_is_bounded_and_the_bound_is_two_sentences_earlier.py	"What is not excluded here is a mechanism that is neither holonomy nor isometry; the isometry route is excluded separately, and no third mechanism has been named, so naming one remains open."	PAPER	OPEN
receipts/L550_third_mechanism/M1_the_third_mechanism_is_bounded_and_the_bound_is_two_sentences_earlier.py	"\\Lambda\\ell_P^2\\approx3\\times10^{-122}"	PAPER	
receipts/L550_third_mechanism/M1_the_third_mechanism_is_bounded_and_the_bound_is_two_sentences_earlier.py	"a Yang--Mills term in four dimensions carries a dimensionless coupling that a single length cannot build"	PAPER	
receipts/L550_third_mechanism/M1_the_third_mechanism_is_bounded_and_the_bound_is_two_sentences_earlier.py	"are combinations of these gauges, and \\emph{cross-register} ones"	PAPER	
receipts/L550_third_mechanism/M1_the_third_mechanism_is_bounded_and_the_bound_is_two_sentences_earlier.py	"forty-one decades below the strong scale"	PAPER	
receipts/L550_third_mechanism/M1_the_third_mechanism_is_bounded_and_the_bound_is_two_sentences_earlier.py	"in the infrared rather than the ultraviolet direction"	PAPER	
receipts/L550_third_mechanism/M1_the_third_mechanism_is_bounded_and_the_bound_is_two_sentences_earlier.py	"no third mechanism has been named"	SOURCE	
receipts/L550_third_mechanism/M1_the_third_mechanism_is_bounded_and_the_bound_is_two_sentences_earlier.py	"no third mechanism has been named, so naming one remains open"	PAPER	OPEN
receipts/L550_third_mechanism/M1_the_third_mechanism_is_bounded_and_the_bound_is_two_sentences_earlier.py	"the size of the universe in gauge-units---a number, not a tuning"	PAPER	
receipts/L550_third_mechanism/M1_the_third_mechanism_is_bounded_and_the_bound_is_two_sentences_earlier.py	"what a third mechanism must deliver is therefore a fixed pure number rather than a free parameter"	PAPER	
receipts/L551_register_integrity/R1_a_protected_row_was_corrupt_for_368_commits_and_the_corruption_satisfied_a_gate.py	"a data row must have 8 columns; more = an unescaped '|'"	SOURCE	
receipts/L551_register_integrity/R1_a_protected_row_was_corrupt_for_368_commits_and_the_corruption_satisfied_a_gate.py	"badcols"	SOURCE	
receipts/L551_register_integrity/R1_a_protected_row_was_corrupt_for_368_commits_and_the_corruption_satisfied_a_gate.py	"family 6 is \"** the propagating fermion and gauge"	SOURCE	ALT
receipts/L551_register_integrity/R1_a_protected_row_was_corrupt_for_368_commits_and_the_corruption_satisfied_a_gate.py	"the propagating fermion and gauge"	SOURCE	ALT
receipts/L552_weyl_and_torus/W1_the_weyl_group_is_a_quotient_not_a_complement_so_the_row_is_two_dimensions_short.py	"$SU(2)$ IS GENERATED BY ITS MAXIMAL TORUS TOGETHER WITH THE WEYL REFLECTION. If $T$ is the Weyl element, the construction ALREADY SUPPLIES THE REFLECTION and what is absent is the CONTINUOUS $U(1)$ it reflects."	SOURCE	
receipts/L552_weyl_and_torus/W1_the_weyl_group_is_a_quotient_not_a_complement_so_the_row_is_two_dimensions_short.py	"$SU(2)_L$ acts on **LEFT**-handed doublets"	SOURCE	
receipts/L552_weyl_and_torus/W1_the_weyl_group_is_a_quotient_not_a_complement_so_the_row_is_two_dimensions_short.py	"`PO-5` is WALLED; this row is ONE FACTOR SHORT"	SOURCE	
receipts/L552_weyl_and_torus/W1_the_weyl_group_is_a_quotient_not_a_complement_so_the_row_is_two_dimensions_short.py	"a Weyl element is HALF the generating data and wants only the torus"	SOURCE	
receipts/L552_weyl_and_torus/W1_the_weyl_group_is_a_quotient_not_a_complement_so_the_row_is_two_dimensions_short.py	"the occupations differ on the **RIGHT**-handed pair"	SOURCE	
receipts/L553_the_shear_counterterm/S1_the_shear_needs_exactly_one_new_counterterm.py	"Bianchi~I is a HOMOGENEOUS shear and fixes the order at which conformal flatness fails"	SOURCE	
receipts/L553_the_shear_counterterm/S1_the_shear_needs_exactly_one_new_counterterm.py	"That calculation is run, and its answer is smaller"	PAPER	
receipts/L553_the_shear_counterterm/S1_the_shear_needs_exactly_one_new_counterterm.py	"Which modes give the zero is a question about the configuration and not a general rule"	PAPER	
receipts/L553_the_shear_counterterm/S1_the_shear_needs_exactly_one_new_counterterm.py	"chirality is the turning of the polarization plane"	PAPER	
receipts/L553_the_shear_counterterm/S1_the_shear_needs_exactly_one_new_counterterm.py	"helicity $\\pm2$"	PAPER	
receipts/L553_the_shear_counterterm/S1_the_shear_needs_exactly_one_new_counterterm.py	"no scale factor breaks it, because no scale factor can make an FRW geometry anything but conformally flat"	PAPER	
receipts/L553_the_shear_counterterm/S1_the_shear_needs_exactly_one_new_counterterm.py	"the shear therefore costs exactly one new counterterm, and it is the Weyl-squared one"	PAPER	
receipts/L553_the_shear_counterterm/S1_the_shear_needs_exactly_one_new_counterterm.py	"the tower's own shear is a calculation and not a question about meaning"	PAPER	
receipts/L553_the_shear_counterterm/S1_the_shear_needs_exactly_one_new_counterterm.py	"which can be non-zero at second order in the metric perturbation and reverses with the handedness---\\emph{so the zero is a property of the mode chosen and not of the geometry}"	PAPER	
receipts/L554_tower_degeneracy/D1_the_degeneracy_carrying_the_quartic_was_never_derived_and_its_constant_is_the_component_count.py	"CORRECTED c54.220 (`L-554`)"	SOURCE	
receipts/L554_tower_degeneracy/D1_the_degeneracy_carrying_the_quartic_was_never_derived_and_its_constant_is_the_component_count.py	"a degeneracy growing as $n^2$, the shell contribution goes as $n^3$ and the sum \\emph{diverges quartically}"	PAPER	
receipts/L554_tower_degeneracy/D1_the_degeneracy_carrying_the_quartic_was_never_derived_and_its_constant_is_the_component_count.py	"the constant is the propagating-component count rather than a universal"	PAPER	
receipts/L554_tower_degeneracy/D1_the_degeneracy_carrying_the_quartic_was_never_derived_and_its_constant_is_the_component_count.py	"the degeneracy is $2(n-1)(n+3)$"	PAPER	
receipts/L554_tower_degeneracy/D1_the_degeneracy_carrying_the_quartic_was_never_derived_and_its_constant_is_the_component_count.py	"there are no modes below $n=2$ on $S^{3}$"	PAPER	
receipts/L555_merge_duplication/M1_a_merge_duplicated_four_protected_rows_and_no_gate_saw_it.py	"index_rows"	SOURCE	
receipts/L556_registry_from_rows/R1_the_registry_was_checked_from_citations_inward_so_twenty_rows_were_read_by_nothing.py	"CORRECTED c54.222"	SOURCE	
receipts/L556_registry_from_rows/R1_the_registry_was_checked_from_citations_inward_so_twenty_rows_were_read_by_nothing.py	"HAS NEVER EXITED ZERO"	SOURCE	
receipts/L556_registry_from_rows/R1_the_registry_was_checked_from_citations_inward_so_twenty_rows_were_read_by_nothing.py	"SEED REMOVED c54.222"	SOURCE	
receipts/L556_registry_from_rows/R1_the_registry_was_checked_from_citations_inward_so_twenty_rows_were_read_by_nothing.py	"def is_data_row"	SOURCE	
receipts/L556_registry_from_rows/R1_the_registry_was_checked_from_citations_inward_so_twenty_rows_were_read_by_nothing.py	"index_rows"	SOURCE	
receipts/L556_registry_from_rows/R1_the_registry_was_checked_from_citations_inward_so_twenty_rows_were_read_by_nothing.py	"invoked at r1869, has no work to do"	SOURCE	
receipts/L557_the_correction_stopped_at_the_sentence/R1_the_correction_stopped_at_the_sentence_and_the_number_it_defines_was_left_behind.py	"$0.9918$"	SOURCE	
receipts/L557_the_correction_stopped_at_the_sentence/R1_the_correction_stopped_at_the_sentence_and_the_number_it_defines_was_left_behind.py	"$1.0231$"	SOURCE	
receipts/L557_the_correction_stopped_at_the_sentence/R1_the_correction_stopped_at_the_sentence_and_the_number_it_defines_was_left_behind.py	"$\\theta_{D}/\\theta_{*}$ moved by under a per cent, its size fixed by the handover and its sign by the common endpoint both lengths are carried to"	PAPER	
receipts/L557_the_correction_stopped_at_the_sentence/R1_the_correction_stopped_at_the_sentence_and_the_number_it_defines_was_left_behind.py	"$r=0.992$, it is a rise of about two per cent at $\\ell_{D}$ and four at"	PAPER	
receipts/L557_the_correction_stopped_at_the_sentence/R1_the_correction_stopped_at_the_sentence_and_the_number_it_defines_was_left_behind.py	"$r=1.023$, turns it into a fall of four and ten"	PAPER	
receipts/L557_the_correction_stopped_at_the_sentence/R1_the_correction_stopped_at_the_sentence_and_the_number_it_defines_was_left_behind.py	"1.0816"	SOURCE	ALT
receipts/L557_the_correction_stopped_at_the_sentence/R1_the_correction_stopped_at_the_sentence_and_the_number_it_defines_was_left_behind.py	"1\\.093|1\\.0926"	SOURCE	
receipts/L557_the_correction_stopped_at_the_sentence/R1_the_correction_stopped_at_the_sentence_and_the_number_it_defines_was_left_behind.py	"7.65"	SOURCE	
receipts/L557_the_correction_stopped_at_the_sentence/R1_the_correction_stopped_at_the_sentence_and_the_number_it_defines_was_left_behind.py	"8.24"	SOURCE	
receipts/L557_the_correction_stopped_at_the_sentence/R1_the_correction_stopped_at_the_sentence_and_the_number_it_defines_was_left_behind.py	"CONTESTED"	SOURCE	
receipts/L557_the_correction_stopped_at_the_sentence/R1_the_correction_stopped_at_the_sentence_and_the_number_it_defines_was_left_behind.py	"CR/LCDM"	SOURCE	ALT
receipts/L557_the_correction_stopped_at_the_sentence/R1_the_correction_stopped_at_the_sentence_and_the_number_it_defines_was_left_behind.py	"c54.223"	SOURCE	
receipts/L557_the_correction_stopped_at_the_sentence/R1_the_correction_stopped_at_the_sentence_and_the_number_it_defines_was_left_behind.py	"recorded r2376+c54.160 and NOW RESOLVED"	SOURCE	
receipts/L557_the_correction_stopped_at_the_sentence/R1_the_correction_stopped_at_the_sentence_and_the_number_it_defines_was_left_behind.py	"stale"	SOURCE	
receipts/L557_the_correction_stopped_at_the_sentence/R1_the_correction_stopped_at_the_sentence_and_the_number_it_defines_was_left_behind.py	"with $r=\\theta_{D}/\\theta_{*}$---the same ratio the preceding paragraph derives"	PAPER	
receipts/L558_the_second_duplication/D1_the_same_four_rows_the_second_merge_running_and_this_time_it_unclosed_a_struck_item.py	"AMENDED c54.224"	SOURCE	
receipts/L558_the_second_duplication/D1_the_same_four_rows_the_second_merge_running_and_this_time_it_unclosed_a_struck_item.py	"PROTECTED_OPEN"	SOURCE	
receipts/L558_the_second_duplication/D1_the_same_four_rows_the_second_merge_running_and_this_time_it_unclosed_a_struck_item.py	"\\|\\s*~~"	SOURCE	ALT,XOR
receipts/L558_the_second_duplication/D1_the_same_four_rows_the_second_merge_running_and_this_time_it_unclosed_a_struck_item.py	"nion merge cannot detect a duplicate ID"	SOURCE	
receipts/L559_the_registry_from_files_inward/O1_the_registry_was_turned_outward_and_the_arrow_still_pointed_one_way.py	"'bbn_network'"	SOURCE	
receipts/L559_the_registry_from_files_inward/O1_the_registry_was_turned_outward_and_the_arrow_still_pointed_one_way.py	"NOT-A-RECEIPT:"	SOURCE	
receipts/L559_the_registry_from_files_inward/O1_the_registry_was_turned_outward_and_the_arrow_still_pointed_one_way.py	"ROW ADDED c54.225"	SOURCE	
receipts/L559_the_registry_from_files_inward/O1_the_registry_was_turned_outward_and_the_arrow_still_pointed_one_way.py	"THIS GATE IS NOT IN THE STANDING TEN"	SOURCE	
receipts/L559_the_registry_from_files_inward/O1_the_registry_was_turned_outward_and_the_arrow_still_pointed_one_way.py	"bbn_network"	SOURCE	
receipts/L559_the_registry_from_files_inward/O1_the_registry_was_turned_outward_and_the_arrow_still_pointed_one_way.py	"no INDEX row"	SOURCE	ALT
receipts/L559_the_registry_from_files_inward/O1_the_registry_was_turned_outward_and_the_arrow_still_pointed_one_way.py	"still have no INDEX row"	SOURCE	ALT
receipts/L560_pins_into_moving_prose/P1_the_last_five_failures_were_pins_into_prose_that_later_correct_work_moved.py	"ARITHMETIC OF THE OLD PROBE"	SOURCE	
receipts/L560_pins_into_moving_prose/P1_the_last_five_failures_were_pins_into_prose_that_later_correct_work_moved.py	"CORRECTED c54.228"	SOURCE	
receipts/L560_pins_into_moving_prose/P1_the_last_five_failures_were_pins_into_prose_that_later_correct_work_moved.py	"\\emph{On the constant side}"	PAPER	
receipts/L560_pins_into_moving_prose/P1_the_last_five_failures_were_pins_into_prose_that_later_correct_work_moved.py	"\\emph{On the datum side}"	PAPER	
receipts/L560_pins_into_moving_prose/P1_the_last_five_failures_were_pins_into_prose_that_later_correct_work_moved.py	"\\emph{The test has two sides, and each has been run.}"	PAPER	
receipts/L560_pins_into_moving_prose/P1_the_last_five_failures_were_pins_into_prose_that_later_correct_work_moved.py	"c54.226"	SOURCE	ALT,XOR
receipts/L560_pins_into_moving_prose/P1_the_last_five_failures_were_pins_into_prose_that_later_correct_work_moved.py	"for want of work}\\rcpt{X1_the_ratio_is_a_clock_reading_not_a_carried_datum}"	PAPER	
receipts/L560_pins_into_moving_prose/P1_the_last_five_failures_were_pins_into_prose_that_later_correct_work_moved.py	"the same algebra closes for the Lovelock theories"	PAPER	
receipts/L561_the_probe_was_the_defect/C1_item_45_answered_against_myself_the_rehoming_lost_nothing.py	"ARITHMETIC OF THE OLD PROBE"	SOURCE	
receipts/L561_the_probe_was_the_defect/C1_item_45_answered_against_myself_the_rehoming_lost_nothing.py	"CORRECTED c54.228"	SOURCE	
receipts/L561_the_probe_was_the_defect/C1_item_45_answered_against_myself_the_rehoming_lost_nothing.py	"_CLAIMS"	SOURCE	
receipts/L561_the_probe_was_the_defect/C1_item_45_answered_against_myself_the_rehoming_lost_nothing.py	"_verbatim"	SOURCE	
receipts/L562_the_pin_test/P1_the_pin_test_run_the_spacing_follows_the_pin_so_the_ratio_does_not.py	"PEAKS \\(line-of-sight\\)\\s+l_A = ([\\d.]+)"	SOURCE	
receipts/L562_the_pin_test/P1_the_pin_test_run_the_spacing_follows_the_pin_so_the_ratio_does_not.py	"only not aliasing if the answer does not depend on it"	SOURCE	
receipts/L562_the_pin_test/P1_the_pin_test_run_the_spacing_follows_the_pin_so_the_ratio_does_not.py	"peaks at l = \\[([\\d,\\s]+)\\]"	SOURCE	
receipts/L562_the_pin_test/P1_the_pin_test_run_the_spacing_follows_the_pin_so_the_ratio_does_not.py	"points per period = ([\\d.]+)"	SOURCE	
receipts/L563_the_split_partition/S1_not_blind_fixable_is_true_of_the_backlog_and_false_of_seventeen_rows_in_it.py	"CORRECTED c54.230"	SOURCE	
receipts/L563_the_split_partition/S1_not_blind_fixable_is_true_of_the_backlog_and_false_of_seventeen_rows_in_it.py	"REFUSING TO APPLY WITHOUT --band"	SOURCE	
receipts/L563_the_split_partition/S1_not_blind_fixable_is_true_of_the_backlog_and_false_of_seventeen_rows_in_it.py	"REPORTED AND NOT WRITTEN"	SOURCE	
receipts/L563_the_split_partition/S1_not_blind_fixable_is_true_of_the_backlog_and_false_of_seventeen_rows_in_it.py	"dry run"	SOURCE	
receipts/L563_the_split_partition/S1_not_blind_fixable_is_true_of_the_backlog_and_false_of_seventeen_rows_in_it.py	"fixable + both"	SOURCE	
receipts/L801_nonlinear_shear_freedom/N1_the_nonlinear_freedom_is_the_general_first_class_structure.py	"Friedrich proved the nonlinear stability of de Sitter in vacuum"	PAPER	
receipts/L801_nonlinear_shear_freedom/N1_the_nonlinear_freedom_is_the_general_first_class_structure.py	"Two exact structures sharpen this beyond the Bianchi count"	PAPER	
receipts/L801_nonlinear_shear_freedom/N1_the_nonlinear_freedom_is_the_general_first_class_structure.py	"\\begin{corollary}[The wall is free gravitational radiation]"	PAPER	
receipts/L801_nonlinear_shear_freedom/N1_the_nonlinear_freedom_is_the_general_first_class_structure.py	"a closed-form nonlinear solution"	PAPER	MULTI
receipts/L801_nonlinear_shear_freedom/N1_the_nonlinear_freedom_is_the_general_first_class_structure.py	"admits rather than forces a quantum structure"	PAPER	
receipts/L801_nonlinear_shear_freedom/N1_the_nonlinear_freedom_is_the_general_first_class_structure.py	"first-class constrained system evolves consistently to all orders by the contracted Bianchi identity"	PAPER	
receipts/L801_nonlinear_shear_freedom/N1_the_nonlinear_freedom_is_the_general_first_class_structure.py	"the one non-generic exception, the Nariai branch"	PAPER	
receipts/L801_nonlinear_shear_freedom/N1_the_nonlinear_freedom_is_the_general_first_class_structure.py	"the propagating sector is ghost-free to all orders"	PAPER	
receipts/L802_stability_bracket/S1_the_stability_bracket_closes_the_needed_cell_is_covered.py	"Friedrich proved the nonlinear stability of de Sitter in vacuum"	PAPER	
receipts/L802_stability_bracket/S1_the_stability_bracket_closes_the_needed_cell_is_covered.py	"This is convergence across results"	PAPER	
receipts/L802_stability_bracket/S1_the_stability_bracket_closes_the_needed_cell_is_covered.py	"exactly the perturbative regime of the propagating graviton"	PAPER	
receipts/L802_stability_bracket/S1_the_stability_bracket_closes_the_needed_cell_is_covered.py	"extend cosmic no-hair and future stability to \\emph{all} data in the $T^3$-Gowdy class"	PAPER	
receipts/L802_stability_bracket/S1_the_stability_bracket_closes_the_needed_cell_is_covered.py	"fixed-background (transverse-traceless) truncation"	PAPER	
receipts/L802_stability_bracket/S1_the_stability_bracket_closes_the_needed_cell_is_covered.py	"rather than a single theorem covering the exact vacuum polarized"	PAPER	
receipts/L802_stability_bracket/S1_the_stability_bracket_closes_the_needed_cell_is_covered.py	"settles the in-regime all-orders stability directly"	PAPER	
receipts/L802_stability_bracket/S1_the_stability_bracket_closes_the_needed_cell_is_covered.py	"the one non-generic exception, the Nariai branch"	PAPER	
receipts/L802_stability_bracket/S2_the_regime_question_is_settled_by_the_corpus.py	"Bunch--Davies quantization"	PAPER	
receipts/L802_stability_bracket/S2_the_regime_question_is_settled_by_the_corpus.py	"Friedrich"	SOURCE	
receipts/L802_stability_bracket/S2_the_regime_question_is_settled_by_the_corpus.py	"Ringstr"	SOURCE	
receipts/L802_stability_bracket/S2_the_regime_question_is_settled_by_the_corpus.py	"Rodnianski"	SOURCE	
receipts/L802_stability_bracket/S2_the_regime_question_is_settled_by_the_corpus.py	"The graviton's two propagating polarizations"	PAPER	
receipts/L802_stability_bracket/S2_the_regime_question_is_settled_by_the_corpus.py	"The graviton's two propagating polarizations are exactly the transverse degrees of freedom a sweep cannot carry"	PAPER	
receipts/L802_stability_bracket/S2_the_regime_question_is_settled_by_the_corpus.py	"exactly the perturbative regime of the propagating graviton"	PAPER	
receipts/L802_stability_bracket/S2_the_regime_question_is_settled_by_the_corpus.py	"no-hair"	SOURCE	
receipts/L802_stability_bracket/S2_the_regime_question_is_settled_by_the_corpus.py	"only the loss of all confining symmetry frees"	PAPER	
receipts/L802_stability_bracket/S2_the_regime_question_is_settled_by_the_corpus.py	"settles the in-regime all-orders stability directly"	PAPER	
receipts/L803_station9_neff/S1_the_cosmology_sector_rests_on_neff_and_never_names_it.py	"(4/11)"	SOURCE	
receipts/L803_station9_neff/S1_the_cosmology_sector_rests_on_neff_and_never_names_it.py	"3 nu"	SOURCE	
receipts/L803_station9_neff/S1_the_cosmology_sector_rests_on_neff_and_never_names_it.py	"N_{\\mathrm{eff}}=3.046"	PAPER	
receipts/L803_station9_neff/S1_the_cosmology_sector_rests_on_neff_and_never_names_it.py	"\\nu_R"	PAPER	ALT,MULTI,SECSHARED
receipts/L803_station9_neff/S1_the_cosmology_sector_rests_on_neff_and_never_names_it.py	"adopted"	PAPER	MULTI,SECSHARED
receipts/L803_station9_neff/S1_the_cosmology_sector_rests_on_neff_and_never_names_it.py	"decoupl"	SOURCE	
receipts/L803_station9_neff/S1_the_cosmology_sector_rests_on_neff_and_never_names_it.py	"does not dissolve the discrepancy with the local distance ladder"	PAPER	
receipts/L803_station9_neff/S1_the_cosmology_sector_rests_on_neff_and_never_names_it.py	"makes no $N_{\\mathrm{eff}}$ prediction"	PAPER	
receipts/L803_station9_neff/S1_the_cosmology_sector_rests_on_neff_and_never_names_it.py	"nu_R"	PAPER	ALT,MULTI,SECSHARED
receipts/L803_station9_neff/S1_the_cosmology_sector_rests_on_neff_and_never_names_it.py	"nu_{R}"	PAPER	ALT
receipts/L803_station9_neff/S1_the_cosmology_sector_rests_on_neff_and_never_names_it.py	"right-handed"	PAPER	ALT,MULTI,SECSHARED
receipts/L804_isocurvature_bound/S1_the_adiabatic_premise_is_what_the_data_demands.py	"(1+\\delta_{r})/(1+\\delta_{m})=1+(\\delta_{r}-\\delta_{m})+O(2)"	PAPER	
receipts/L804_isocurvature_bound/S1_the_adiabatic_premise_is_what_the_data_demands.py	"Adiabatic primordial perturbations are strongly favoured observationally"	PAPER	
receipts/L804_isocurvature_bound/S1_the_adiabatic_premise_is_what_the_data_demands.py	"an isocurvature mode \\emph{is} $\\delta_{r}\\neq\\delta_{m}$"	PAPER	
receipts/L804_isocurvature_bound/S1_the_adiabatic_premise_is_what_the_data_demands.py	"available from standard cosmology"	PAPER	
receipts/L804_isocurvature_bound/S1_the_adiabatic_premise_is_what_the_data_demands.py	"named here rather than assumed silently"	PAPER	
receipts/L804_isocurvature_bound/S1_the_adiabatic_premise_is_what_the_data_demands.py	"nearly scale-invariant adiabatic spectrum processed by ordinary structure formation"	PAPER	
receipts/L805_freezing_reproduced/S1_every_mode_of_interest_freezes_and_the_inversion_is_closed.py	"L-805"	SOURCE	
receipts/L805_freezing_reproduced/S1_every_mode_of_interest_freezes_and_the_inversion_is_closed.py	"before the crossing"	PAPER	MULTI
receipts/L805_freezing_reproduced/S1_every_mode_of_interest_freezes_and_the_inversion_is_closed.py	"exits it and freezes"	PAPER	
receipts/L805_freezing_reproduced/S1_every_mode_of_interest_freezes_and_the_inversion_is_closed.py	"unclosed inversion"	SOURCE	
receipts/L809_one_loop_quartic/S1_the_quartic_is_a_constant_vacuum_energy_and_the_geometry_absorbs_it.py	"The one physical length is $\\alpha$, not $\\ell_P$"	PAPER	
receipts/L809_one_loop_quartic/S1_the_quartic_is_a_constant_vacuum_energy_and_the_geometry_absorbs_it.py	"gauge-combination"	PAPER	MULTI,SECSHARED
receipts/L809_one_loop_quartic/S1_the_quartic_is_a_constant_vacuum_energy_and_the_geometry_absorbs_it.py	"is absorbed into that one observed curvature"	PAPER	
receipts/L809_one_loop_quartic/S1_the_quartic_is_a_constant_vacuum_energy_and_the_geometry_absorbs_it.py	"not as a $2m/r$ bend"	PAPER	
receipts/L809_one_loop_quartic/S1_the_quartic_is_a_constant_vacuum_energy_and_the_geometry_absorbs_it.py	"the substrate carries only the total"	PAPER	
receipts/L809_one_loop_quartic/S1_the_quartic_is_a_constant_vacuum_energy_and_the_geometry_absorbs_it.py	"there is no bare-$\\Lambda$-versus-vacuum-energy split"	PAPER	MULTI,SECSHARED
receipts/L811_po7_inversions_closed/S1_all_three_po7_inversion_routes_are_closed_by_computation.py	"L-805"	SOURCE	
receipts/L811_po7_inversions_closed/S1_all_three_po7_inversion_routes_are_closed_by_computation.py	"\\|\\s*~~\\*\\*PO-7\\*\\*"	SOURCE	
receipts/L811_po7_inversions_closed/S1_all_three_po7_inversion_routes_are_closed_by_computation.py	"unclosed inversion"	SOURCE	
receipts/L815_seam_phase_derived/S1_the_seam_phase_is_derived_compression_correlated_on_the_observable_leg.py	"imprints nothing"	PAPER	MULTI
receipts/L815_seam_phase_derived/S1_the_seam_phase_is_derived_compression_correlated_on_the_observable_leg.py	"pressureless"	PAPER	MULTI,SECSHARED
receipts/L815_seam_phase_derived/S1_the_seam_phase_is_derived_compression_correlated_on_the_observable_leg.py	"scale-free"	PAPER	MULTI,SECSHARED
receipts/L818_po6_running_layer/S1_the_one_constant_ledger_survives_on_the_running_layer_not_only_fixed_de_sitter.py	"counterterm basis survive"	SOURCE	
receipts/L818_po6_running_layer/S1_the_one_constant_ledger_survives_on_the_running_layer_not_only_fixed_de_sitter.py	"curvature runs"	SOURCE	
receipts/L818_po6_running_layer/S1_the_one_constant_ledger_survives_on_the_running_layer_not_only_fixed_de_sitter.py	"definition of the interacting tower"	PAPER	MULTI
receipts/L_probability/C1_the_citation_sweep_finds_no_headline_mis_cited_and_thirteen_below_it_that_cite_the_wrong_receipt_or_none.py	"0.14%"	SOURCE	
receipts/L_probability/C1_the_citation_sweep_finds_no_headline_mis_cited_and_thirteen_below_it_that_cite_the_wrong_receipt_or_none.py	"both its source and its output from a run"	SOURCE	
receipts/L_probability/C1_the_citation_sweep_finds_no_headline_mis_cited_and_thirteen_below_it_that_cite_the_wrong_receipt_or_none.py	"every candidate is read by hand"	SOURCE	
receipts/L_probability/C1_the_citation_sweep_finds_no_headline_mis_cited_and_thirteen_below_it_that_cite_the_wrong_receipt_or_none.py	"print(\" 7.9e-08 in power."	SOURCE	
receipts/L_probability/S1_the_corpus_sweep_finds_no_headline_resting_on_an_overclaimed_sigma_and_three_in_one_paper_below_it.py	"0.0099"	SOURCE	
receipts/L_probability/S1_the_corpus_sweep_finds_no_headline_resting_on_an_overclaimed_sigma_and_three_in_one_paper_below_it.py	"0.0467"	SOURCE	
receipts/L_probability/S1_the_corpus_sweep_finds_no_headline_resting_on_an_overclaimed_sigma_and_three_in_one_paper_below_it.py	"2.19 (statistical, from COV_TT)"	SOURCE	
receipts/L_probability/S1_the_corpus_sweep_finds_no_headline_resting_on_an_overclaimed_sigma_and_three_in_one_paper_below_it.py	"Cooke"	SOURCE	
receipts/L_probability/S1_the_corpus_sweep_finds_no_headline_resting_on_an_overclaimed_sigma_and_three_in_one_paper_below_it.py	"DU = np.array([delta_on("	SOURCE	
receipts/L_probability/S1_the_corpus_sweep_finds_no_headline_resting_on_an_overclaimed_sigma_and_three_in_one_paper_below_it.py	"INPUT"	SOURCE	ALT
receipts/L_probability/S1_the_corpus_sweep_finds_no_headline_resting_on_an_overclaimed_sigma_and_three_in_one_paper_below_it.py	"INPUT x0 = 1.6648 +- 0.0467"	SOURCE	
receipts/L_probability/S1_the_corpus_sweep_finds_no_headline_resting_on_an_overclaimed_sigma_and_three_in_one_paper_below_it.py	"It is not the sky's uncertainty"	SOURCE	
receipts/L_probability/S1_the_corpus_sweep_finds_no_headline_resting_on_an_overclaimed_sigma_and_three_in_one_paper_below_it.py	"NOT a re-opening of the phase intercept"	SOURCE	
receipts/L_probability/S1_the_corpus_sweep_finds_no_headline_resting_on_an_overclaimed_sigma_and_three_in_one_paper_below_it.py	"PROCEDURE"	SOURCE	
receipts/L_probability/S1_the_corpus_sweep_finds_no_headline_resting_on_an_overclaimed_sigma_and_three_in_one_paper_below_it.py	"REPORTED beside each hit, never required"	SOURCE	
receipts/L_probability/S1_the_corpus_sweep_finds_no_headline_resting_on_an_overclaimed_sigma_and_three_in_one_paper_below_it.py	"SIGMA_RATE"	SOURCE	
receipts/L_probability/S1_the_corpus_sweep_finds_no_headline_resting_on_an_overclaimed_sigma_and_three_in_one_paper_below_it.py	"bank_already_existed"	SOURCE	
receipts/L_probability/S1_the_corpus_sweep_finds_no_headline_resting_on_an_overclaimed_sigma_and_three_in_one_paper_below_it.py	"committed before the receipt exists"	SOURCE	
receipts/L_probability/S1_the_corpus_sweep_finds_no_headline_resting_on_an_overclaimed_sigma_and_three_in_one_paper_below_it.py	"corpus measured"	SOURCE	ALT
receipts/L_probability/S1_the_corpus_sweep_finds_no_headline_resting_on_an_overclaimed_sigma_and_three_in_one_paper_below_it.py	"cov = COV_TT[np.ix_(keep, keep)]"	SOURCE	
receipts/L_probability/S1_the_corpus_sweep_finds_no_headline_resting_on_an_overclaimed_sigma_and_three_in_one_paper_below_it.py	"necessary but not sufficient"	SOURCE	
receipts/L_probability/S1_the_corpus_sweep_finds_no_headline_resting_on_an_overclaimed_sigma_and_three_in_one_paper_below_it.py	"np.std(DU, ddof=1)"	SOURCE	
receipts/L_probability/S1_the_corpus_sweep_finds_no_headline_resting_on_an_overclaimed_sigma_and_three_in_one_paper_below_it.py	"phase_of(g, OA"	SOURCE	
receipts/L_probability/S1_the_corpus_sweep_finds_no_headline_resting_on_an_overclaimed_sigma_and_three_in_one_paper_below_it.py	"phase_of(g, OC"	SOURCE	
receipts/L_probability/S1_the_corpus_sweep_finds_no_headline_resting_on_an_overclaimed_sigma_and_three_in_one_paper_below_it.py	"rng.normal(0, mult, k)"	SOURCE	
receipts/L_probability/S1_the_corpus_sweep_finds_no_headline_resting_on_an_overclaimed_sigma_and_three_in_one_paper_below_it.py	"seven parabola windows"	SOURCE	
receipts/L_probability/S1_the_corpus_sweep_finds_no_headline_resting_on_an_overclaimed_sigma_and_three_in_one_paper_below_it.py	"x0 = 1.6648"	SOURCE	ALT
receipts/L_probability/S1_the_corpus_sweep_finds_no_headline_resting_on_an_overclaimed_sigma_and_three_in_one_paper_below_it.py	"x0=1.6648"	SOURCE	ALT
receipts/L_probability/S3_the_openness_subclass_is_read_in_full_and_the_flag_cannot_tell_a_pin_that_breaks_on_its_own_success_from_one_that_never_breaks_at_all.py	"'OPEN' in po"	SOURCE	ALT,OPEN
receipts/L_probability/S3_the_openness_subclass_is_read_in_full_and_the_flag_cannot_tell_a_pin_that_breaks_on_its_own_success_from_one_that_never_breaks_at_all.py	"'OPEN' in po3"	SOURCE	ALT,OPEN
receipts/L_probability/S3_the_openness_subclass_is_read_in_full_and_the_flag_cannot_tell_a_pin_that_breaks_on_its_own_success_from_one_that_never_breaks_at_all.py	"'OPEN' in po5"	SOURCE	ALT,OPEN
receipts/L_probability/S3_the_openness_subclass_is_read_in_full_and_the_flag_cannot_tell_a_pin_that_breaks_on_its_own_success_from_one_that_never_breaks_at_all.py	"'PROTECTED_OPEN.md'"	SOURCE	
receipts/L_probability/S3_the_openness_subclass_is_read_in_full_and_the_flag_cannot_tell_a_pin_that_breaks_on_its_own_success_from_one_that_never_breaks_at_all.py	"PIN = 'e8d88a2d'"	SOURCE	
receipts/L_probability/S3_the_openness_subclass_is_read_in_full_and_the_flag_cannot_tell_a_pin_that_breaks_on_its_own_success_from_one_that_never_breaks_at_all.py	"PO-75"	SOURCE	
receipts/L_probability/S3_the_openness_subclass_is_read_in_full_and_the_flag_cannot_tell_a_pin_that_breaks_on_its_own_success_from_one_that_never_breaks_at_all.py	"and 'i am not pre-registering it as open' in TXT.lower()"	SOURCE	OPEN
receipts/L_probability/S3_the_openness_subclass_is_read_in_full_and_the_flag_cannot_tell_a_pin_that_breaks_on_its_own_success_from_one_that_never_breaks_at_all.py	"in arc or 'not claimed both ways' in arc.lower()"	SOURCE	ALT,OPEN
receipts/L_probability/S3_the_openness_subclass_is_read_in_full_and_the_flag_cannot_tell_a_pin_that_breaks_on_its_own_success_from_one_that_never_breaks_at_all.py	"it requires a source the single Nariai worldline of this construction does not carry"	SOURCE	OPEN
receipts/L_probability/S3_the_openness_subclass_is_read_in_full_and_the_flag_cannot_tell_a_pin_that_breaks_on_its_own_success_from_one_that_never_breaks_at_all.py	"named here as owed and developed in neither this paper nor the bead"	SOURCE	OPEN
receipts/L_probability/S3_the_openness_subclass_is_read_in_full_and_the_flag_cannot_tell_a_pin_that_breaks_on_its_own_success_from_one_that_never_breaks_at_all.py	"not claimed BOTH WAYS"	SOURCE	ALT,OPEN
receipts/L_probability/S3_the_openness_subclass_is_read_in_full_and_the_flag_cannot_tell_a_pin_that_breaks_on_its_own_success_from_one_that_never_breaks_at_all.py	"po = next("	SOURCE	ALT
receipts/L_probability/S3_the_openness_subclass_is_read_in_full_and_the_flag_cannot_tell_a_pin_that_breaks_on_its_own_success_from_one_that_never_breaks_at_all.py	"po3\\s*=\\s*next\\("	SOURCE	ALT
receipts/L_probability/S4_the_exact_count_on_a_set_another_seat_can_grow_is_rare_in_this_seats_work_and_the_one_live_instance_was_this_revisions_own_predecessor.py	"EVERY other paper swept"	SOURCE	
receipts/L_probability/S4_the_exact_count_on_a_set_another_seat_can_grow_is_rare_in_this_seats_work_and_the_one_live_instance_was_this_revisions_own_predecessor.py	"_FROM - _FELL_BY == 2170"	SOURCE	
receipts/L_probability/S4_the_exact_count_on_a_set_another_seat_can_grow_is_rare_in_this_seats_work_and_the_one_live_instance_was_this_revisions_own_predecessor.py	"import camb"	SOURCE	
receipts/L_probability/S4_the_exact_count_on_a_set_another_seat_can_grow_is_rare_in_this_seats_work_and_the_one_live_instance_was_this_revisions_own_predecessor.py	"len(PAPERS) == 18"	SOURCE	
receipts/L_probability/S4_the_exact_count_on_a_set_another_seat_can_grow_is_rare_in_this_seats_work_and_the_one_live_instance_was_this_revisions_own_predecessor.py	"len(PAPERS) >= 18"	SOURCE	
receipts/L_probability/S4_the_exact_count_on_a_set_another_seat_can_grow_is_rare_in_this_seats_work_and_the_one_live_instance_was_this_revisions_own_predecessor.py	"len(TARGETS) == 2"	SOURCE	
receipts/L_probability/S4_the_exact_count_on_a_set_another_seat_can_grow_is_rare_in_this_seats_work_and_the_one_live_instance_was_this_revisions_own_predecessor.py	"len(UNADJ) <= 2170"	SOURCE	
receipts/L_probability/S4_the_exact_count_on_a_set_another_seat_can_grow_is_rare_in_this_seats_work_and_the_one_live_instance_was_this_revisions_own_predecessor.py	"len(UNADJ) == 2170"	SOURCE	
receipts/L_probability/S4_the_exact_count_on_a_set_another_seat_can_grow_is_rare_in_this_seats_work_and_the_one_live_instance_was_this_revisions_own_predecessor.py	"not [r for r in MINE if r[5] == 'UNADJUDICATED']"	SOURCE	
receipts/L_probability/S6_an_unread_figure_is_a_claim_with_no_gate_and_one_of_this_seats_six_was_comparing_against_a_number_the_paper_had_withdrawn_as_the_error.py	"moved by under a per cent"	PAPER	
receipts/L_probability/S6_an_unread_figure_is_a_claim_with_no_gate_and_one_of_this_seats_six_was_comparing_against_a_number_the_paper_had_withdrawn_as_the_error.py	"puts $10.8\\%$ of that gap into the diffusion length by itself"	PAPER	
receipts/L_probability/S6_an_unread_figure_is_a_claim_with_no_gate_and_one_of_this_seats_six_was_comparing_against_a_number_the_paper_had_withdrawn_as_the_error.py	"r_s=2M"	SOURCE	
receipts/L_probability/S6_an_unread_figure_is_a_claim_with_no_gate_and_one_of_this_seats_six_was_comparing_against_a_number_the_paper_had_withdrawn_as_the_error.py	"the rate gap is not what the signature is made of"	PAPER	
receipts/L_probability/S9_the_exposure_is_zero_so_the_count_judgement_was_right_and_the_class_was_already_registered_before_it.py	"L-258"	SOURCE	
receipts/L_probability/S9_the_exposure_is_zero_so_the_count_judgement_was_right_and_the_class_was_already_registered_before_it.py	"a live register read negatively"	SOURCE	
receipts/L_probability/S9_the_exposure_is_zero_so_the_count_judgement_was_right_and_the_class_was_already_registered_before_it.py	"pinned to the parent and carries the opposite live assertion"	SOURCE	
receipts/P03_SdS_slicing/A6_item_58_resolves_split.py	"P03_slate_worked"	PAPER	
receipts/P03_SdS_slicing/A6_item_58_resolves_split.py	"differs from the other five in \\emph{kind} rather than in content"	PAPER	
receipts/P03_SdS_slicing/A6_item_58_resolves_split.py	"no"	PAPER	
receipts/P03_SdS_slicing/A6_item_58_resolves_split.py	"null pair among the thirty-six"	PAPER	
receipts/P03_SdS_slicing/A6_item_58_resolves_split.py	"separated triple of lines at transverse radius"	PAPER	
receipts/P03_SdS_slicing/A6_item_58_resolves_split.py	"the same placement in the substrate's own causal language"	PAPER	
receipts/P03_SdS_slicing/P03_the_enclosed_mass_is_monotone_so_the_turnaround_ratio_cannot_fall_below_one_and_the_contested_direction_is_two_different_quantities.py	"--diff-filter=A"	SOURCE	
receipts/P03_SdS_slicing/P03_the_enclosed_mass_is_monotone_so_the_turnaround_ratio_cannot_fall_below_one_and_the_contested_direction_is_two_different_quantities.py	"0.632"	SOURCE	
receipts/P03_SdS_slicing/P03_the_enclosed_mass_is_monotone_so_the_turnaround_ratio_cannot_fall_below_one_and_the_contested_direction_is_two_different_quantities.py	"0.737"	SOURCE	
receipts/P03_SdS_slicing/P03_the_enclosed_mass_is_monotone_so_the_turnaround_ratio_cannot_fall_below_one_and_the_contested_direction_is_two_different_quantities.py	"5 r200"	SOURCE	ALT
receipts/P03_SdS_slicing/P03_the_enclosed_mass_is_monotone_so_the_turnaround_ratio_cannot_fall_below_one_and_the_contested_direction_is_two_different_quantities.py	"5 r_{200}"	SOURCE	ALT
receipts/P03_SdS_slicing/P03_the_enclosed_mass_is_monotone_so_the_turnaround_ratio_cannot_fall_below_one_and_the_contested_direction_is_two_different_quantities.py	"5r_{200}"	SOURCE	ALT
receipts/P03_SdS_slicing/P03_the_enclosed_mass_is_monotone_so_the_turnaround_ratio_cannot_fall_below_one_and_the_contested_direction_is_two_different_quantities.py	"That disagreement is the first thing to settle"	SOURCE	
receipts/P03_SdS_slicing/P03_the_enclosed_mass_is_monotone_so_the_turnaround_ratio_cannot_fall_below_one_and_the_contested_direction_is_two_different_quantities.py	"not in _added"	SOURCE	
receipts/P03_SdS_slicing/P03_the_enclosed_mass_is_monotone_so_the_turnaround_ratio_cannot_fall_below_one_and_the_contested_direction_is_two_different_quantities.py	"r7222 REPAIR"	SOURCE	
receipts/P03_SdS_slicing/P03_the_enclosed_mass_is_monotone_so_the_turnaround_ratio_cannot_fall_below_one_and_the_contested_direction_is_two_different_quantities.py	"set its own seat can grow"	SOURCE	
receipts/P03_SdS_slicing/P03_the_enclosed_mass_is_monotone_so_the_turnaround_ratio_cannot_fall_below_one_and_the_contested_direction_is_two_different_quantities.py	"the caustic route puts the turnaround-enclosed mass above the virial one, while the Local Volume flow route puts the mass inside the zero-velocity surface at about six tenths of it"	SOURCE	
receipts/P03_SdS_slicing/P03_the_symbol_T_carries_four_structural_referents.py	"T$ is the time reflection"	PAPER	
receipts/P03_SdS_slicing/P03_the_symbol_T_carries_four_structural_referents.py	"\\hat{g}"	PAPER	MULTI,SECSHARED
receipts/P03_SdS_slicing/P03_the_symbol_w_carried_two_circles.py	"\\sin u=\\tfrac{2}{\\sqrt3}\\sin w"	PAPER	ALT,MULTI
receipts/P03_SdS_slicing/P03_the_symbol_w_carried_two_circles.py	"\\tilde{w}=3c\\tilde\\tau/2\\alpha"	PAPER	
receipts/P03_SdS_slicing/P03_the_symbol_w_carried_two_circles.py	"sin u"	PAPER	ALT,MULTI,SECSHARED
receipts/P03_SdS_slicing/P03_the_symbol_w_carried_two_circles.py	"sky angle $w$ is the swing read on the observer"	PAPER	
receipts/P07_CR_framework/I7_conserved_charge_carries_three_objects_and_one_denies_the_others.py	"conserved charge"	SOURCE	
receipts/P07_CR_framework/P07_the_back_seam_is_the_laps_one_non_degenerate_horizon_and_its_surface_gravity_is_the_beads_own_acceleration_there.py	"a black hole in a previous universe"	PAPER	
receipts/P07_CR_framework/P07_the_back_seam_is_the_laps_one_non_degenerate_horizon_and_its_surface_gravity_is_the_beads_own_acceleration_there.py	"at the back seam's simple zero the same integral converges"	PAPER	
receipts/P07_CR_framework/P07_the_back_seam_is_the_laps_one_non_degenerate_horizon_and_its_surface_gravity_is_the_beads_own_acceleration_there.py	"back seam (timelike to spacelike)"	PAPER	MULTI,SECSHARED
receipts/P07_CR_framework/P07_the_back_seam_is_the_laps_one_non_degenerate_horizon_and_its_surface_gravity_is_the_beads_own_acceleration_there.py	"collapse leg's far-past end"	SOURCE	
receipts/P07_CR_framework/P07_the_back_seam_is_the_laps_one_non_degenerate_horizon_and_its_surface_gravity_is_the_beads_own_acceleration_there.py	"diverges along a static slicing's approach to the horizon, which is not the collapse trajectory"	PAPER	
receipts/P07_CR_framework/P07_the_back_seam_is_the_laps_one_non_degenerate_horizon_and_its_surface_gravity_is_the_beads_own_acceleration_there.py	"has its spectrum fixed within the first per cent of the collapse leg, measured from that leg's far-past end"	PAPER	
receipts/P07_CR_framework/P07_the_back_seam_is_the_laps_one_non_degenerate_horizon_and_its_surface_gravity_is_the_beads_own_acceleration_there.py	"one point of the underlying geometry"	PAPER	
receipts/P07_CR_framework/P07_the_back_seam_is_the_laps_one_non_degenerate_horizon_and_its_surface_gravity_is_the_beads_own_acceleration_there.py	"the acceleration finite and non-zero ($-1.299$)"	PAPER	
receipts/P07_CR_framework/P07_the_back_seam_is_the_laps_one_non_degenerate_horizon_and_its_surface_gravity_is_the_beads_own_acceleration_there.py	"the approach exponential, $(r-r_h)\\sim e^{2\\kappa r_*}$"	PAPER	
receipts/P07_CR_framework/P07_the_back_seam_is_the_laps_one_non_degenerate_horizon_and_its_surface_gravity_is_the_beads_own_acceleration_there.py	"the cosmological horizon and its backward-radial partner---are absent"	PAPER	
receipts/P07_CR_framework/P07_the_back_seam_is_the_laps_one_non_degenerate_horizon_and_its_surface_gravity_is_the_beads_own_acceleration_there.py	"the outer two differ by a full turn"	PAPER	
receipts/P07_CR_framework/P07_the_back_seam_is_the_laps_one_non_degenerate_horizon_and_its_surface_gravity_is_the_beads_own_acceleration_there.py	"while at the back seam's simple zero the same integral converges"	PAPER	
receipts/P07_CR_framework/P07_the_lap_is_a_collapse_read_on_the_cosmic_clock_and_the_collapse_sheets_one_horizon_is_cosmological_in_signature.py	"The trigonometric functions become hyperbolic"	PAPER	
receipts/P07_CR_framework/P07_the_lap_is_a_collapse_read_on_the_cosmic_clock_and_the_collapse_sheets_one_horizon_is_cosmological_in_signature.py	"The two turning cubics are two energies of one congruence"	PAPER	
receipts/P07_CR_framework/P07_the_lap_is_a_collapse_read_on_the_cosmic_clock_and_the_collapse_sheets_one_horizon_is_cosmological_in_signature.py	"Two levels must be held apart"	PAPER	
receipts/P07_CR_framework/P07_the_lap_is_a_collapse_read_on_the_cosmic_clock_and_the_collapse_sheets_one_horizon_is_cosmological_in_signature.py	"a finite-curvature locus at $\\alpha/\\sqrt3$"	PAPER	
receipts/P07_CR_framework/P07_the_lap_is_a_collapse_read_on_the_cosmic_clock_and_the_collapse_sheets_one_horizon_is_cosmological_in_signature.py	"a single analytic curve---hyperbola, circle, hyperbola"	PAPER	MULTI
receipts/P07_CR_framework/P07_the_lap_is_a_collapse_read_on_the_cosmic_clock_and_the_collapse_sheets_one_horizon_is_cosmological_in_signature.py	"back seam (timelike to spacelike)"	PAPER	MULTI,SECSHARED
receipts/P07_CR_framework/P07_the_lap_is_a_collapse_read_on_the_cosmic_clock_and_the_collapse_sheets_one_horizon_is_cosmological_in_signature.py	"closing at the backward-radial root $-2\\alpha/\\sqrt3$, the merged-horizon value re-entered"	PAPER	
receipts/P07_CR_framework/P07_the_lap_is_a_collapse_read_on_the_cosmic_clock_and_the_collapse_sheets_one_horizon_is_cosmological_in_signature.py	"gives $r^{3}-\\alpha^{2}r+2M\\alpha^{2}=0$, the horizon cubic $f=0$"	PAPER	
receipts/P07_CR_framework/P07_the_lap_is_a_collapse_read_on_the_cosmic_clock_and_the_collapse_sheets_one_horizon_is_cosmological_in_signature.py	"of path length $\\pi\\alpha/3$"	PAPER	
receipts/P07_CR_framework/P07_the_lap_is_a_collapse_read_on_the_cosmic_clock_and_the_collapse_sheets_one_horizon_is_cosmological_in_signature.py	"one point of the underlying geometry"	PAPER	
receipts/P07_CR_framework/P07_the_lap_is_a_collapse_read_on_the_cosmic_clock_and_the_collapse_sheets_one_horizon_is_cosmological_in_signature.py	"r(s)=-(2M\\alpha^{2})^{1/3}\\bigl\\lvert\\sin(3s/2\\alpha)\\bigr\\rvert^{2/3}"	PAPER	
receipts/P07_CR_framework/P07_the_lap_is_a_collapse_read_on_the_cosmic_clock_and_the_collapse_sheets_one_horizon_is_cosmological_in_signature.py	"r=(2M\\alpha^{2})^{1/3}\\sinh^{2/3}(3\\tilde\\tau/2\\alpha)"	PAPER	
receipts/P07_CR_framework/P07_the_lap_is_a_collapse_read_on_the_cosmic_clock_and_the_collapse_sheets_one_horizon_is_cosmological_in_signature.py	"tangency at a merged double root"	PAPER	MULTI
receipts/P07_CR_framework/P07_the_lap_is_a_collapse_read_on_the_cosmic_clock_and_the_collapse_sheets_one_horizon_is_cosmological_in_signature.py	"the \\emph{Hubble--Eddington radius} $r_{\\mathrm{HE}}=(M\\alpha^{2})^{1/3}$"	PAPER	
receipts/P07_CR_framework/P07_the_lap_is_a_collapse_read_on_the_cosmic_clock_and_the_collapse_sheets_one_horizon_is_cosmological_in_signature.py	"the back-seam regions contain no horizon, and are static and asymptotically flat as $r \\to -\\infty$"	PAPER	
receipts/P07_CR_framework/P07_the_lap_is_a_collapse_read_on_the_cosmic_clock_and_the_collapse_sheets_one_horizon_is_cosmological_in_signature.py	"the branch point (spacelike to timelike and imaginary to real together, through infinity rather than through zero)"	PAPER	
receipts/P07_CR_framework/P07_the_lap_is_a_collapse_read_on_the_cosmic_clock_and_the_collapse_sheets_one_horizon_is_cosmological_in_signature.py	"the cosmological horizon and its backward-radial partner---are absent"	PAPER	
receipts/P07_CR_framework/P07_the_lap_is_a_collapse_read_on_the_cosmic_clock_and_the_collapse_sheets_one_horizon_is_cosmological_in_signature.py	"the limiting orientation the horizon selects is \\emph{tangent} rather than transverse"	PAPER	
receipts/P07_CR_framework/P07_the_lap_is_a_collapse_read_on_the_cosmic_clock_and_the_collapse_sheets_one_horizon_is_cosmological_in_signature.py	"the locus the reassignment acts on and the locus the observable cosmology begins at are distinct loci of the one curve, claims at different levels and not competing ones"	PAPER	
receipts/P07_CR_framework/P07_the_lap_is_a_collapse_read_on_the_cosmic_clock_and_the_collapse_sheets_one_horizon_is_cosmological_in_signature.py	"the marginally bound member $E=1$"	PAPER	MULTI
receipts/P07_CR_framework/P07_the_lap_is_a_collapse_read_on_the_cosmic_clock_and_the_collapse_sheets_one_horizon_is_cosmological_in_signature.py	"the outer two differ by a full turn"	PAPER	
receipts/P07_CR_framework/P07_the_lap_is_a_collapse_read_on_the_cosmic_clock_and_the_collapse_sheets_one_horizon_is_cosmological_in_signature.py	"the same locus presents as the cosmological horizon of the mass rather than as a black hole's"	PAPER	
receipts/P07_CR_framework/P07_the_lap_is_a_collapse_read_on_the_cosmic_clock_and_the_collapse_sheets_one_horizon_is_cosmological_in_signature.py	"the two positive horizons merge"	PAPER	
receipts/P07_CR_framework/P07_the_trio_is_a_pair_because_the_foliations_umbilicity_and_the_photon_sphere_are_one_equation_on_any_static_sphere_and_what_merges_at_the_forced_member_is_kappa_with_lambda.py	"2f-r^{2}f''"	PAPER	
receipts/P07_CR_framework/P07_the_trio_is_a_pair_because_the_foliations_umbilicity_and_the_photon_sphere_are_one_equation_on_any_static_sphere_and_what_merges_at_the_forced_member_is_kappa_with_lambda.py	"\\lambda^{2}/\\Omega_{c}^{2}=D-3"	PAPER	
receipts/P07_CR_framework/P07_the_trio_is_a_pair_because_the_foliations_umbilicity_and_the_photon_sphere_are_one_equation_on_any_static_sphere_and_what_merges_at_the_forced_member_is_kappa_with_lambda.py	"merge"	PAPER	ALT,MULTI,SECSHARED
receipts/P07_CR_framework/P07_the_trio_is_a_pair_because_the_foliations_umbilicity_and_the_photon_sphere_are_one_equation_on_any_static_sphere_and_what_merges_at_the_forced_member_is_kappa_with_lambda.py	"umbilic"	PAPER	ALT,MULTI,SECSHARED
receipts/P07_CR_framework/P07_the_trio_is_a_pair_because_the_foliations_umbilicity_and_the_photon_sphere_are_one_equation_on_any_static_sphere_and_what_merges_at_the_forced_member_is_kappa_with_lambda.py	"umbilic locus of that foliation"	PAPER	ALT
receipts/P08_slicing_operator/P08_the_boundary_is_whether_the_breaking_is_itself_symmetric.py	"We claim no construction here."	PAPER	
receipts/P08_slicing_operator/P08_the_boundary_is_whether_the_breaking_is_itself_symmetric.py	"does not say that a geometric route to the representation content is impossible"	PAPER	
receipts/P10_canonical_time/P10_gamma_is_one_quarter_and_is_the_maximum.py	"\\frac{2\\pi}{3}\\,\\frac{p_a^2}{a}"	PAPER	
receipts/P10_canonical_time/P10_gamma_is_one_quarter_and_is_the_maximum.py	"\\tfrac34"	PAPER	MULTI,SECSHARED
receipts/P10_canonical_time/P10_gamma_is_one_quarter_and_is_the_maximum.py	"attaining $\\gamma=\\tfrac14$ across the natural ordering family"	PAPER	
receipts/P10_canonical_time/P10_no_rescaling_discharges_the_log_and_the_one_mass_shift_that_does_is_the_curvature_offset.py	"degenerate with Einstein"	SOURCE	
receipts/P10_canonical_time/P10_sec_lock_quotes_the_superseding_receipt_everywhere_the_two_mode_shift_sits_under_the_wrong_pair_and_the_four_receipt_group_is_one_chain.py	"120575/6"	SOURCE	
receipts/P10_canonical_time/P10_sec_lock_quotes_the_superseding_receipt_everywhere_the_two_mode_shift_sits_under_the_wrong_pair_and_the_four_receipt_group_is_one_chain.py	"175/22"	SOURCE	
receipts/P10_canonical_time/P10_sec_lock_quotes_the_superseding_receipt_everywhere_the_two_mode_shift_sits_under_the_wrong_pair_and_the_four_receipt_group_is_one_chain.py	"19775/6"	SOURCE	
receipts/P10_canonical_time/P10_sec_lock_quotes_the_superseding_receipt_everywhere_the_two_mode_shift_sits_under_the_wrong_pair_and_the_four_receipt_group_is_one_chain.py	"RAT = {"	SOURCE	
receipts/P10_canonical_time/P10_sec_lock_quotes_the_superseding_receipt_everywhere_the_two_mode_shift_sits_under_the_wrong_pair_and_the_four_receipt_group_is_one_chain.py	"RAT = {3: sp.Rational(175, 22)"	SOURCE	
receipts/P10_canonical_time/P10_sec_lock_quotes_the_superseding_receipt_everywhere_the_two_mode_shift_sits_under_the_wrong_pair_and_the_four_receipt_group_is_one_chain.py	"USED exactly as filed"	SOURCE	
receipts/P10_canonical_time/P10_sec_lock_quotes_the_superseding_receipt_everywhere_the_two_mode_shift_sits_under_the_wrong_pair_and_the_four_receipt_group_is_one_chain.py	"not recomputed here"	SOURCE	
receipts/P10_canonical_time/P10_sec_lock_quotes_the_superseding_receipt_everywhere_the_two_mode_shift_sits_under_the_wrong_pair_and_the_four_receipt_group_is_one_chain.py	"only the threshold"	SOURCE	
receipts/P10_canonical_time/P10_sec_lock_quotes_the_superseding_receipt_everywhere_the_two_mode_shift_sits_under_the_wrong_pair_and_the_four_receipt_group_is_one_chain.py	"}"	SOURCE	
receipts/P10_canonical_time/P10_the_clause_66_wrote_on_this_seats_offer_says_exactly_what_its_receipt_supports_and_no_more_so_the_loop_the_grade_class_opened_is_closed_on_itself.py	"P10_the_payoff_count_of_one_is_right_because_P1_reaches_the_existence_occurrence_distinction_from_general_relativity_alone_and_answers_the_extension_move_with_a_theorem"	PAPER	
receipts/P10_canonical_time/P10_the_clause_66_wrote_on_this_seats_offer_says_exactly_what_its_receipt_supports_and_no_more_so_the_loop_the_grade_class_opened_is_closed_on_itself.py	"a defender of the completed horizon"	PAPER	
receipts/P10_canonical_time/P10_the_clause_66_wrote_on_this_seats_offer_says_exactly_what_its_receipt_supports_and_no_more_so_the_loop_the_grade_class_opened_is_closed_on_itself.py	"at finite exterior time"	PAPER	
receipts/P10_canonical_time/P10_the_clause_66_wrote_on_this_seats_offer_says_exactly_what_its_receipt_supports_and_no_more_so_the_loop_the_grade_class_opened_is_closed_on_itself.py	"carry no metric separation"	PAPER	
receipts/P10_canonical_time/P10_the_clause_66_wrote_on_this_seats_offer_says_exactly_what_its_receipt_supports_and_no_more_so_the_loop_the_grade_class_opened_is_closed_on_itself.py	"hold instead"	PAPER	
receipts/P10_canonical_time/P10_the_clause_66_wrote_on_this_seats_offer_says_exactly_what_its_receipt_supports_and_no_more_so_the_loop_the_grade_class_opened_is_closed_on_itself.py	"may grant"	PAPER	
receipts/P10_canonical_time/P10_the_clause_66_wrote_on_this_seats_offer_says_exactly_what_its_receipt_supports_and_no_more_so_the_loop_the_grade_class_opened_is_closed_on_itself.py	"names the existence--occurrence distinction as the one it turns on"	PAPER	
receipts/P10_canonical_time/P10_the_clause_66_wrote_on_this_seats_offer_says_exactly_what_its_receipt_supports_and_no_more_so_the_loop_the_grade_class_opened_is_closed_on_itself.py	"reaches that distinction from standard general relativity alone"	PAPER	
receipts/P10_canonical_time/P10_the_clause_66_wrote_on_this_seats_offer_says_exactly_what_its_receipt_supports_and_no_more_so_the_loop_the_grade_class_opened_is_closed_on_itself.py	"the metric assigns no separation between"	PAPER	
receipts/P10_canonical_time/P10_the_payoff_count_of_one_is_right_because_P1_reaches_the_existence_occurrence_distinction_from_general_relativity_alone_and_answers_the_extension_move_with_a_theorem.py	"In maximal extensions"	PAPER	
receipts/P10_canonical_time/P10_the_payoff_count_of_one_is_right_because_P1_reaches_the_existence_occurrence_distinction_from_general_relativity_alone_and_answers_the_extension_move_with_a_theorem.py	"at finite exterior time"	PAPER	
receipts/P10_canonical_time/P10_the_payoff_count_of_one_is_right_because_P1_reaches_the_existence_occurrence_distinction_from_general_relativity_alone_and_answers_the_extension_move_with_a_theorem.py	"existence/occurrence"	PAPER	ALT
receipts/P10_canonical_time/P10_the_payoff_count_of_one_is_right_because_P1_reaches_the_existence_occurrence_distinction_from_general_relativity_alone_and_answers_the_extension_move_with_a_theorem.py	"existence/occurrence distinction this paper turns on"	PAPER	
receipts/P10_canonical_time/P10_the_payoff_count_of_one_is_right_because_P1_reaches_the_existence_occurrence_distinction_from_general_relativity_alone_and_answers_the_extension_move_with_a_theorem.py	"merely displays the causal ordering of distinct manifold events that are nevertheless metrically coincident"	PAPER	
receipts/P10_canonical_time/P10_the_payoff_count_of_one_is_right_because_P1_reaches_the_existence_occurrence_distinction_from_general_relativity_alone_and_answers_the_extension_move_with_a_theorem.py	"metrically coincident"	PAPER	MULTI,SECSHARED
receipts/P10_canonical_time/P10_the_payoff_count_of_one_is_right_because_P1_reaches_the_existence_occurrence_distinction_from_general_relativity_alone_and_answers_the_extension_move_with_a_theorem.py	"reaches it from standard general relativity"	PAPER	ALT
receipts/P10_canonical_time/P10_the_payoff_count_of_one_is_right_because_P1_reaches_the_existence_occurrence_distinction_from_general_relativity_alone_and_answers_the_extension_move_with_a_theorem.py	"the horizon's refutation is carried by general relativity's own causal structure and needs no part of this correction"	PAPER	ALT
receipts/P10_canonical_time/P10_the_payoff_count_of_one_is_right_because_P1_reaches_the_existence_occurrence_distinction_from_general_relativity_alone_and_answers_the_extension_move_with_a_theorem.py	"the present paper reaching it from standard general relativity alone"	PAPER	
receipts/P10_canonical_time/P10_the_regulator_passage_keeps_its_line_but_the_minus_four_thirds_closes_under_a_group_that_does_not_compute_it.py	"39/40"	SOURCE	
receipts/P10_canonical_time/P10_the_regulator_passage_keeps_its_line_but_the_minus_four_thirds_closes_under_a_group_that_does_not_compute_it.py	"NAMES THE LOGARITHMIC COEFFICIENT 39/4"	SOURCE	
receipts/P10_canonical_time/P10_the_regulator_passage_keeps_its_line_but_the_minus_four_thirds_closes_under_a_group_that_does_not_compute_it.py	"No value is claimed for the renormalised interacting sum"	SOURCE	
receipts/P10_canonical_time/P10_the_regulator_passage_keeps_its_line_but_the_minus_four_thirds_closes_under_a_group_that_does_not_compute_it.py	"Rational(175, 22)"	SOURCE	
receipts/P10_canonical_time/P10_the_regulator_passage_keeps_its_line_but_the_minus_four_thirds_closes_under_a_group_that_does_not_compute_it.py	"which geometric invariant carries the third is left open rather than guessed"	SOURCE	OPEN
receipts/P10_canonical_time/P10_the_towers_zeta_at_zero_is_ten_and_the_claim_needs_its_scoping.py	"Laplace eigenvalues $n(n+2)-2$, $n\\ge 2$"	PAPER	
receipts/P10_canonical_time/P10_the_towers_zeta_at_zero_is_ten_and_the_claim_needs_its_scoping.py	"a curvature-squared coupling is not an entry in this framework"	PAPER	
receipts/P10_canonical_time/P10_the_towers_zeta_at_zero_is_ten_and_the_claim_needs_its_scoping.py	"log-scale coefficient is $15/4$"	PAPER	
receipts/P10_canonical_time/P10_the_towers_zeta_at_zero_is_ten_and_the_claim_needs_its_scoping.py	"not about the tower's regularisation"	PAPER	
receipts/P10_canonical_time/P10_the_towers_zeta_at_zero_is_ten_and_the_claim_needs_its_scoping.py	"one per tensor harmonic"	PAPER	
receipts/P10_canonical_time/P10_the_towers_zeta_at_zero_is_ten_and_the_claim_needs_its_scoping.py	"quadratic and logarithmic successors"	PAPER	
receipts/P10_canonical_time/P10_the_towers_zeta_at_zero_is_ten_and_the_claim_needs_its_scoping.py	"ten at the floor"	PAPER	
receipts/P10_canonical_time/P10_the_towers_zeta_at_zero_is_ten_and_the_claim_needs_its_scoping.py	"the claim carries the scoping"	PAPER	
receipts/P10_canonical_time/P10_the_towers_zeta_at_zero_is_ten_and_the_claim_needs_its_scoping.py	"the counterterm a constant vacuum energy requires is a cosmological-constant term"	PAPER	
receipts/P10_canonical_time/P10_the_towers_zeta_at_zero_is_ten_and_the_claim_needs_its_scoping.py	"the degeneracy is $2(n-1)(n+3)$"	PAPER	
receipts/P10_canonical_time/P10_the_towers_zeta_at_zero_is_ten_and_the_claim_needs_its_scoping.py	"the mode sums spend one dimensionless constant"	PAPER	
receipts/P10_canonical_time/P10_the_towers_zeta_at_zero_is_ten_and_the_claim_needs_its_scoping.py	"the number has been computed, and it does not vanish"	PAPER	
receipts/P10_canonical_time/P10_the_towers_zeta_at_zero_is_ten_and_the_claim_needs_its_scoping.py	"the spectral zeta at zero is ${}$ exactly"	PAPER	
receipts/P10_canonical_time/P10_the_towers_zeta_at_zero_is_ten_and_the_claim_needs_its_scoping.py	"the tower's frequencies are $\\mu_n^2=n(n+2)$"	PAPER	
receipts/P10_canonical_time/P10_the_towers_zeta_at_zero_is_ten_and_the_claim_needs_its_scoping.py	"tower of time-dependent oscillators"	PAPER	
receipts/P12_algebroid/A1_the_triple_is_an_algebra_fact.py	"Grassmannian at six"	PAPER	
receipts/P12_algebroid/A1_the_triple_is_an_algebra_fact.py	"The isotropy dimensions are the Killing-vector counts the construction establishes~\\cite{JanzenRange}"	PAPER	
receipts/P12_algebroid/A1_the_triple_is_an_algebra_fact.py	"\\\\mathrm\\{SO\\}\\(4,1\\)\\$ at Type[~ ]?O"	PAPER	
receipts/P12_algebroid/A1_the_triple_is_an_algebra_fact.py	"at Nariai"	PAPER	
receipts/P12_algebroid/A1_the_triple_is_an_algebra_fact.py	"at ten"	PAPER	MULTI,SECSHARED
receipts/P12_algebroid/A1_the_triple_is_an_algebra_fact.py	"at the generic Schwarzschild--de~Sitter class"	PAPER	
receipts/P12_algebroid/A1_the_triple_is_an_algebra_fact.py	"every generic stratum (dimensions four, three"	PAPER	
receipts/P12_algebroid/A1_the_triple_is_an_algebra_fact.py	"symmetric-pair isotropy dimensions of $\\so(5,1)$ are $\\{6,7,10\\}$"	PAPER	
receipts/P12_algebroid/A2_item9_is_already_in_force.py	"A RECEIPT THAT CANNOT FAIL"	SOURCE	
receipts/P12_algebroid/A2_item9_is_already_in_force.py	"A convention worth having, if the fork wants it"	SOURCE	
receipts/P12_algebroid/A2_item9_is_already_in_force.py	"absorbed r2384 rather than rediscovered"	SOURCE	
receipts/P12_algebroid/A2_item9_is_already_in_force.py	"hollow"	SOURCE	
receipts/P12_algebroid/A2_item9_is_already_in_force.py	"provably cannot fail"	SOURCE	
receipts/P12_algebroid/A2_item9_is_already_in_force.py	"r2384"	SOURCE	
receipts/P12_algebroid/A2_item9_is_already_in_force.py	"r2442"	SOURCE	
receipts/P12_algebroid/A2_item9_is_already_in_force.py	"what makes an artefact a receipt is not that it ran but that it could have come out false"	SOURCE	
receipts/P12_algebroid/A3_the_convergence_audit.py	"no third mechanism has been named"	SOURCE	
receipts/P12_algebroid/A4_the_ledger_seven_swept.py	"A genuine test computes the triality from the colour content"	PAPER	
receipts/P12_algebroid/A4_the_ledger_seven_swept.py	"B24_the_triality_test_run"	PAPER	
receipts/P12_algebroid/A4_the_ledger_seven_swept.py	"We state what that is and is not"	PAPER	
receipts/P12_algebroid/A5_the_dark_halves_audited.py	"L-165` \u00b7 PO-6 \u00b7 WHAT A QUANTUM OF THIS GEOMETRY IS"	SOURCE	
receipts/P12_algebroid/A5_the_dark_halves_audited.py	"PO-5"	SOURCE	
receipts/P12_algebroid/A5_the_dark_halves_audited.py	"\\|\\s*~~"	SOURCE	
receipts/P12_algebroid/A5_the_dark_halves_audited.py	"coupling"	SOURCE	
receipts/P12_algebroid/A5_the_dark_halves_audited.py	"register alias: **`L-221`**"	SOURCE	
receipts/P12_algebroid/A5_the_dark_halves_audited.py	"satisfiab"	SOURCE	
receipts/P12_algebroid/A7_the_frontier_has_two_kinds.py	"not the kind of thing a holonomy supplies"	SOURCE	
receipts/P12_algebroid/A7_the_frontier_has_two_kinds.py	"the whole difference is carried by"	PAPER	
receipts/P12_algebroid/A8_the_self_protecting_falsehood.py	"ADVERTISED AS OWED AFTER THE WORK THAT CLOSED IT WAS DONE"	SOURCE	OPEN
receipts/P12_algebroid/A8_the_self_protecting_falsehood.py	"B24_the_triality_test_run"	PAPER	
receipts/P12_algebroid/A8_the_self_protecting_falsehood.py	"routes rather than edits"	SOURCE	
receipts/P12_algebroid/A8_the_self_protecting_falsehood.py	"the fork owns the papers"	SOURCE	
receipts/P12_algebroid/A8_the_self_protecting_falsehood.py	"the two routes agree on is the"	PAPER	
receipts/P14_matter_sector_paper/D2_index_carries_three_senses_inside_one_paper.py	"analytical index"	SOURCE	
receipts/P14_matter_sector_paper/D2_index_carries_three_senses_inside_one_paper.py	"analytical index|graded index|bulk index"	SOURCE	
receipts/P14_matter_sector_paper/P14_p3_already_said_it.py	"at distinct points of the throat circle, and each vantage's signed areal radius vanishes at its own and at neither of the others"	PAPER	
receipts/P14_matter_sector_paper/P14_p3_already_said_it.py	"construction of this paper they are equivalent vantages"	PAPER	
receipts/P14_matter_sector_paper/P14_p3_already_said_it.py	"the distinction is between one door swung through a family and three doors standing at once"	PAPER	
receipts/P14_matter_sector_paper/P14_p3_already_said_it.py	"the root-exchange $\\sigma$ is the hop from one to the next"	PAPER	
receipts/P14_matter_sector_paper/P14_p3_already_said_it.py	"unfixed arbitrary modulus"	PAPER	MULTI
receipts/P14_matter_sector_paper/P14_p3_already_said_it.py	"wall-bound zero-modes are linearly independent and span a three-dimensional space"	PAPER	
receipts/P14_matter_sector_paper/P14_p3_already_said_it.py	"would read the three hinges differently"	PAPER	
receipts/P14_matter_sector_paper/P14_the_constituent_count_is_conserved_on_every_static_member_and_the_twist_alone_violates_it.py	"A topological term's coefficient is of the third kind"	SOURCE	
receipts/P14_matter_sector_paper/P14_the_constituent_count_is_conserved_on_every_static_member_and_the_twist_alone_violates_it.py	"THERE IS NO SUCH BUNDLE"	SOURCE	
receipts/P14_matter_sector_paper/P14_the_constituent_count_is_conserved_on_every_static_member_and_the_twist_alone_violates_it.py	"nothing for a curvature to be the curvature of"	SOURCE	
receipts/P14_matter_sector_paper/P14_the_constituent_count_is_conserved_on_every_static_member_and_the_twist_alone_violates_it.py	"the ledger counts no counterterm coefficient"	PAPER	
receipts/P14_matter_sector_paper/P14_the_lifts_two_plus_one_is_not_graded_by_R_after_K_and_the_wrong_C_object_would_have_said_it_was.py	"R = r_0->-r_0 (2M->-2M) carries 3 -> 3bar"	SOURCE	
receipts/P14_matter_sector_paper/P14_the_lifts_two_plus_one_is_not_graded_by_R_after_K_and_the_wrong_C_object_would_have_said_it_was.py	"exchanged by the antipodal map, which is $R$."	PAPER	
receipts/P15_CR_cosmology/C12_the_odd_even_half_has_its_parameter.py	"6.17"	SOURCE	
receipts/P15_CR_cosmology/C12_the_odd_even_half_has_its_parameter.py	"C5b"	SOURCE	
receipts/P15_CR_cosmology/C12_the_odd_even_half_has_its_parameter.py	"THE ASYMMETRY IS IMPRINTED AFTERWA"	SOURCE	
receipts/P15_CR_cosmology/C12_the_odd_even_half_has_its_parameter.py	"imprinted by the baryon loading on the expansion leg"	SOURCE	
receipts/P15_CR_cosmology/C12_the_odd_even_half_has_its_parameter.py	"ordinary content physics on the observable leg"	SOURCE	
receipts/P15_CR_cosmology/C12_the_odd_even_half_has_its_parameter.py	"the odd/even asymmetry is imprinted afterwards"	PAPER	
receipts/P15_CR_cosmology/C12_the_odd_even_half_has_its_parameter.py	"the odd/even height pattern"	SOURCE	
receipts/P15_CR_cosmology/C14_po12_gates_po10.py	"PO-10"	SOURCE	
receipts/P15_CR_cosmology/C14_po12_gates_po10.py	"PO-12"	SOURCE	
receipts/P15_CR_cosmology/C14_po12_gates_po10.py	"\\emph{The end-to-end branch-point-to-recombination transfer is run}"	PAPER	
receipts/P15_CR_cosmology/C14_po12_gates_po10.py	"\\emph{The full-spectrum likelihood is run on the computed spectrum}"	PAPER	
receipts/P15_CR_cosmology/C14_po12_gates_po10.py	"a two-arm line-of-sight Boltzmann integral, $\\Delta_\\ell(k)=\\int S\\,j_\\ell"	PAPER	
receipts/P15_CR_cosmology/C14_po12_gates_po10.py	"carried on this cosmology's own background with the perturbations on the leaf congruence the framework assigns them"	PAPER	
receipts/P15_CR_cosmology/C14_po12_gates_po10.py	"full-spectrum likelihood"	SOURCE	
receipts/P15_CR_cosmology/C14_po12_gates_po10.py	"is not the same as producing the odd/even heights"	SOURCE	
receipts/P15_CR_cosmology/C14_po12_gates_po10.py	"sec:envelope"	SOURCE	ALT
receipts/P15_CR_cosmology/C14_po12_gates_po10.py	"the envelope is derived on the collapse leg"	SOURCE	ALT
receipts/P15_CR_cosmology/C14_po12_gates_po10.py	"what this construction returns for the same quantity is $2.264$ on the polarisation path, on the transfer of \\S\\ref{sec:refit-bound}"	PAPER	
receipts/P15_CR_cosmology/C15_the_cancellation_does_not_reach_the_ratio.py	"10.8"	PAPER	MULTI
receipts/P15_CR_cosmology/C15_the_cancellation_does_not_reach_the_ratio.py	"145.4"	PAPER	
receipts/P15_CR_cosmology/C15_the_cancellation_does_not_reach_the_ratio.py	"146.4"	PAPER	
receipts/P15_CR_cosmology/C15_the_cancellation_does_not_reach_the_ratio.py	"carried by $H(a)$"	PAPER	
receipts/P15_CR_cosmology/C15_the_cancellation_does_not_reach_the_ratio.py	"the Thomson physics and the ionisation history cancel identically"	PAPER	
receipts/P15_CR_cosmology/C15_the_cancellation_does_not_reach_the_ratio.py	"the geometric rate gives a diffusion length"	PAPER	
receipts/P15_CR_cosmology/C16_the_transfer_is_six_eighths_built.py	"301"	PAPER	MULTI,SECSHARED
receipts/P15_CR_cosmology/C16_the_transfer_is_six_eighths_built.py	"302.2"	PAPER	
receipts/P15_CR_cosmology/C16_the_transfer_is_six_eighths_built.py	"The high-$\\ell$ consequence follows with no free parameter"	PAPER	
receipts/P15_CR_cosmology/C16_the_transfer_is_six_eighths_built.py	"\\emph{The end-to-end branch-point-to-recombination transfer is run}"	PAPER	
receipts/P15_CR_cosmology/C16_the_transfer_is_six_eighths_built.py	"a two-arm line-of-sight Boltzmann integral, $\\Delta_\\ell(k)=\\int S\\,j_\\ell(k(\\eta_0-\\eta))\\,d\\eta$"	PAPER	
receipts/P15_CR_cosmology/C16_the_transfer_is_six_eighths_built.py	"removes the source exactly"	PAPER	
receipts/P15_CR_cosmology/C16_the_transfer_is_six_eighths_built.py	"visibility function, $r=0.992$, it is a rise of about two per cent at $\\ell_{D}$"	PAPER	
receipts/P15_CR_cosmology/C16_the_transfer_is_six_eighths_built.py	"visibility is \\emph{wider}, $43.6$ against $38.0$~Mpc"	PAPER	
receipts/P15_CR_cosmology/C16_the_transfer_is_six_eighths_built.py	"with $r=\\theta_{D}/\\theta_{*}$"	PAPER	
receipts/P15_CR_cosmology/C17_the_instrument_already_carries_both.py	"Both arms run on one set of equations, so no comparison between them is a difference of machinery"	PAPER	
receipts/P15_CR_cosmology/C17_the_instrument_already_carries_both.py	"The full flat-projection transfer confirms the estimate"	PAPER	
receipts/P15_CR_cosmology/C17_the_instrument_already_carries_both.py	"across $P_1$--$P_4$"	PAPER	
receipts/P15_CR_cosmology/C17_the_instrument_already_carries_both.py	"an independent Boltzmann code run at identical parameters"	PAPER	
receipts/P15_CR_cosmology/C17_the_instrument_already_carries_both.py	"and a Peebles recombination history"	PAPER	
receipts/P15_CR_cosmology/C17_the_instrument_already_carries_both.py	"carried by a Boltzmann transfer built for this programme"	PAPER	
receipts/P15_CR_cosmology/C17_the_instrument_already_carries_both.py	"carried on this cosmology's own background with the perturbations on the leaf congruence the framework assigns them"	PAPER	
receipts/P15_CR_cosmology/C17_the_instrument_already_carries_both.py	"its own projection kernel"	PAPER	
receipts/P15_CR_cosmology/C17_the_instrument_already_carries_both.py	"the change is an exact chain rule between two monotone conformal times, so every spline and grid is untouched"	PAPER	
receipts/P15_CR_cosmology/C17_the_instrument_already_carries_both.py	"the line-of-sight source carries the monopole with the potential"	PAPER	
receipts/P15_CR_cosmology/C17_the_instrument_already_carries_both.py	"the whole difference is carried by $H(a)$"	PAPER	
receipts/P15_CR_cosmology/C17_the_instrument_already_carries_both.py	"through the visibility peak"	PAPER	
receipts/P15_CR_cosmology/C17_the_instrument_already_carries_both.py	"trough positions to $\\le0.5\\%$"	PAPER	
receipts/P15_CR_cosmology/C18_bespoke_means_two_legs.py	"(4/\\eta)"	PAPER	
receipts/P15_CR_cosmology/C18_bespoke_means_two_legs.py	"On the radiation-dominated collapse leg the potential obeys"	PAPER	
receipts/P15_CR_cosmology/C18_bespoke_means_two_legs.py	"The full flat-projection transfer"	PAPER	MULTI,SECSHARED
receipts/P15_CR_cosmology/C18_bespoke_means_two_legs.py	"This is forced by consistency: one may not take the rate geometric for the peak spacing and radiation-included for the diffusion"	PAPER	
receipts/P15_CR_cosmology/C18_bespoke_means_two_legs.py	"\\emph{So this construction does not dissolve the discrepancy with the local distance ladder}"	PAPER	
receipts/P15_CR_cosmology/C18_bespoke_means_two_legs.py	"\\emph{the peak spacing this construction computes is the leaf accumulation}"	PAPER	
receipts/P15_CR_cosmology/C18_bespoke_means_two_legs.py	"one may not take the rate geometric for the peak spacing and radiation-included for the diffusion"	PAPER	
receipts/P15_CR_cosmology/C18_bespoke_means_two_legs.py	"the two windows fall on the \\emph{same} side of it rather than on opposite sides"	PAPER	
receipts/P15_CR_cosmology/C18_bespoke_means_two_legs.py	"there the self-gravitating excursion sets the leaf rate radiation is included in, and here the plasma accumulating its own scales takes that same rate"	PAPER	
receipts/P15_CR_cosmology/C19_the_branch_point_join.py	"Non-zero on both"	PAPER	
receipts/P15_CR_cosmology/C19_the_branch_point_join.py	"The early integrated Sachs--Wolfe contribution is present here"	PAPER	
receipts/P15_CR_cosmology/C19_the_branch_point_join.py	"\\tfrac{9}{10}\\Phi_i$ scale-invariantly"	PAPER	
receipts/P15_CR_cosmology/C19_the_branch_point_join.py	"matter-dominated to nine orders"	PAPER	
receipts/P15_CR_cosmology/C19_the_branch_point_join.py	"the branch point transmits that content rather than imprinting one of its own"	PAPER	
receipts/P15_CR_cosmology/C19_the_branch_point_join.py	"the denial was an inference and not a measurement"	PAPER	
receipts/P15_CR_cosmology/C19_the_branch_point_join.py	"the super-horizon transfer across the branch point is itself computed"	PAPER	
receipts/P15_CR_cosmology/C20_the_caveat_named_an_empty_set.py	"The comoving Hubble radius is built from the slicing"	PAPER	
receipts/P15_CR_cosmology/C20_the_caveat_named_an_empty_set.py	"the acoustic modes are already within the comoving horizon there"	PAPER	
receipts/P15_CR_cosmology/C20_the_caveat_named_an_empty_set.py	"the comoving horizon to zero, so there \\emph{every} mode is outside it"	PAPER	
receipts/P15_CR_cosmology/C21_the_superhorizon_transfer_closes.py	"transmits that content rather than imprinting one of its own"	PAPER	
receipts/P15_CR_cosmology/C21_the_superhorizon_transfer_closes.py	"whose regular solution is elementary"	PAPER	
receipts/P15_CR_cosmology/C21_the_superhorizon_transfer_closes.py	"x=k\\eta/\\sqrt"	PAPER	MULTI
receipts/P15_CR_cosmology/C22_the_end_to_end_number.py	"Non-zero on both"	PAPER	
receipts/P15_CR_cosmology/C22_the_end_to_end_number.py	"One scope qualification is owed here, and it narrows the claim without touching the conclusion"	PAPER	OPEN
receipts/P15_CR_cosmology/C22_the_end_to_end_number.py	"The decay is not a radiation effect: zeroing the radiation fractions in the constraint makes it \\emph{larger}"	PAPER	
receipts/P15_CR_cosmology/C22_the_end_to_end_number.py	"The early integrated Sachs--Wolfe contribution is present here"	PAPER	
receipts/P15_CR_cosmology/C22_the_end_to_end_number.py	"The high-$\\ell$ consequence follows with no free parameter"	PAPER	
receipts/P15_CR_cosmology/C22_the_end_to_end_number.py	"the potential does decay on the observable leg, by a factor of order two across the first few peaks"	PAPER	
receipts/P15_CR_cosmology/C22_the_end_to_end_number.py	"visibility function, $r=0.992$, it is a rise of about two per cent at $\\ell_{D}$"	PAPER	
receipts/P15_CR_cosmology/C22_the_end_to_end_number.py	"which is the \\emph{super-horizon} equation: it drops the $k^{2}\\Phi$ term"	PAPER	
receipts/P15_CR_cosmology/C23_the_gap_estimated.py	"3\\mathcal{H}"	PAPER	MULTI,SECSHARED
receipts/P15_CR_cosmology/C23_the_gap_estimated.py	"Run on this arm the same subtraction gives $0.1717$"	PAPER	
receipts/P15_CR_cosmology/C23_the_gap_estimated.py	"The perturbation sector runs on the leaf congruence, which is what the framework assigns it"	PAPER	
receipts/P15_CR_cosmology/C23_the_gap_estimated.py	"\\emph{the potential's grip within four per cent of the control's, and slightly weaker rather than stronger}"	PAPER	
receipts/P15_CR_cosmology/C23_the_gap_estimated.py	"by a factor of order two across the first few peaks"	PAPER	
receipts/P15_CR_cosmology/C23_the_gap_estimated.py	"the geometric one is ${\\sim}13\\%$ below the radiation-included one at recombination"	PAPER	
receipts/P15_CR_cosmology/C23_the_gap_estimated.py	"the rate responsible is"	PAPER	
receipts/P15_CR_cosmology/C24_the_substitution_itemised.py	"1/k_D^2"	PAPER	ALT
receipts/P15_CR_cosmology/C24_the_substitution_itemised.py	"Both lengths are accumulated by the plasma on the leaf rate"	PAPER	
receipts/P15_CR_cosmology/C24_the_substitution_itemised.py	"So the rate gap is not what the signature is made of"	PAPER	
receipts/P15_CR_cosmology/C24_the_substitution_itemised.py	"a common endpoint at the visibility peak gives $-0.9\\%$"	PAPER	
receipts/P15_CR_cosmology/C24_the_substitution_itemised.py	"every microphysical constant sits outside"	PAPER	
receipts/P15_CR_cosmology/C24_the_substitution_itemised.py	"k_D^{2}"	PAPER	ALT
receipts/P15_CR_cosmology/C24_the_substitution_itemised.py	"k_{D}^{2}"	PAPER	ALT
receipts/P15_CR_cosmology/C24_the_substitution_itemised.py	"the geometric one is ${\\sim}13\\%$ below the radiation-included one at recombination"	PAPER	
receipts/P15_CR_cosmology/C24_the_substitution_itemised.py	"where the plasma is handed over, and how far the diffusion integral is carried"	PAPER	MULTI
receipts/P15_CR_cosmology/C25_the_gap_closed_by_integration.py	"\\emph{Neither is a free parameter, and the first is the larger.}"	PAPER	
receipts/P15_CR_cosmology/C25_the_gap_closed_by_integration.py	"a start placed later on the expanding leg raises it steeply"	PAPER	
receipts/P15_CR_cosmology/C25_the_gap_closed_by_integration.py	"must be taken \\emph{from the branch point}: there is no observable expansion below it"	PAPER	
receipts/P15_CR_cosmology/C25_the_gap_closed_by_integration.py	"where the plasma is handed over, and how far the diffusion integral is carried"	PAPER	MULTI
receipts/P15_CR_cosmology/C26_the_onset_is_not_free.py	"\\emph{It is a limit rather than a parameter}: carried back over two decades in starting redshift the peaks hold to the grid step"	PAPER	
receipts/P15_CR_cosmology/C26_the_onset_is_not_free.py	"\\emph{Where the plasma starts moves the scale and not the peak, which is why the start is not free.}"	PAPER	
receipts/P15_CR_cosmology/C26_the_onset_is_not_free.py	"moved by under a per cent"	PAPER	
receipts/P15_CR_cosmology/C26_the_onset_is_not_free.py	"puts $10.8\\%$ of that gap into the diffusion length by itself"	PAPER	
receipts/P15_CR_cosmology/C26_the_onset_is_not_free.py	"the angle is an output of the rate rather than a calibration of it"	PAPER	
receipts/P15_CR_cosmology/C26_the_onset_is_not_free.py	"the plasma is handed over at the branch point"	PAPER	MULTI
receipts/P15_CR_cosmology/C26_the_onset_is_not_free.py	"the rate gap is not what the signature is made of"	PAPER	
receipts/P15_CR_cosmology/C26_the_onset_is_not_free.py	"there is no early-universe parameter left to carry the acoustic angle"	PAPER	
receipts/P15_CR_cosmology/C26_the_onset_is_not_free.py	"which therefore carries no finite redshift at all"	PAPER	
receipts/P15_CR_cosmology/C26_the_onset_is_not_free.py	"x_e"	PAPER	ALT
receipts/P15_CR_cosmology/C26_the_onset_is_not_free.py	"x_{e}"	PAPER	ALT
receipts/P15_CR_cosmology/C27_the_number_bracketed.py	"and a Peebles recombination history"	PAPER	
receipts/P15_CR_cosmology/C27_the_number_bracketed.py	"every microphysical constant sits outside"	PAPER	
receipts/P15_CR_cosmology/C27_the_number_bracketed.py	"the Thomson physics and the ionisation history cancel identically"	PAPER	
receipts/P15_CR_cosmology/C27_the_number_bracketed.py	"visibility function, $r=0.992$, it is a rise of about two per cent at $\\ell_{D}$"	PAPER	
receipts/P15_CR_cosmology/C28_length_against_angle.py	"(?m)^th_ratio\\s*=\\s*(1\\.\\d+)"	SOURCE	
receipts/P15_CR_cosmology/C28_length_against_angle.py	"10.8"	PAPER	MULTI
receipts/P15_CR_cosmology/C28_length_against_angle.py	"Doing so returns $r_{s}=146.4$~Mpc against $145.4$ on the radiation-included rate---within $0.7\\%$ of each other"	PAPER	
receipts/P15_CR_cosmology/C28_length_against_angle.py	"a diffusion length"	PAPER	
receipts/P15_CR_cosmology/C28_length_against_angle.py	"in which the common distance cancels"	PAPER	
receipts/P15_CR_cosmology/C28_length_against_angle.py	"theta_D/theta_* is"	SOURCE	
receipts/P15_CR_cosmology/C29_nothing_to_calculate_across_the_join.py	"That is the stacking rate's answer, and the perturbations do not take it: they take the leaf's, which carries the radiation term and therefore the driving"	PAPER	
receipts/P15_CR_cosmology/C29_nothing_to_calculate_across_the_join.py	"What does not cross is the oscillatory content itself"	PAPER	
receipts/P15_CR_cosmology/C29_nothing_to_calculate_across_the_join.py	"\\emph{contains no $k$ at all once $w=0$}, so on a radiation-free rate the problem is scale-free"	PAPER	
receipts/P15_CR_cosmology/C29_nothing_to_calculate_across_the_join.py	"everything above $\\ell_{\\mathrm{eq}}\\simeq144$ at the epoch the distance data fix---are driven"	PAPER	
receipts/P15_CR_cosmology/C29_nothing_to_calculate_across_the_join.py	"it is what leaves the comb to be set on the expansion side"	PAPER	
receipts/P15_CR_cosmology/C29_nothing_to_calculate_across_the_join.py	"so each re-enters on the expanding leg at its own time"	PAPER	
receipts/P15_CR_cosmology/C29_nothing_to_calculate_across_the_join.py	"the kernel annihilates it"	PAPER	
receipts/P15_CR_cosmology/C30_the_odd_even_half_is_shared.py	"$R\\lesssim0.1$ where the driving happens and orders below that at entry"	PAPER	
receipts/P15_CR_cosmology/C30_the_odd_even_half_is_shared.py	"\\emph{the arm at $1.57$ times the control's distance"	PAPER	
receipts/P15_CR_cosmology/C30_the_odd_even_half_is_shared.py	"control settles at $1.01$ in $\\chi^{2}$ per bin and this arm at $1.58$"	PAPER	
receipts/P15_CR_cosmology/C30_the_odd_even_half_is_shared.py	"is $P_1/P_2=2.2564\\pm0.0772$, and flat $\\Lambda$CDM's is $2.200$"	PAPER	
receipts/P15_CR_cosmology/C30_the_odd_even_half_is_shared.py	"so every height quoted here is the polarisation path's and is stated as such"	PAPER	
receipts/P15_CR_cosmology/C30_the_odd_even_half_is_shared.py	"the odd/even asymmetry is imprinted afterwards, on the expansion side at"	PAPER	
receipts/P15_CR_cosmology/C30_the_odd_even_half_is_shared.py	"the tilt free in each arm and the amplitude in closed form"	PAPER	
receipts/P15_CR_cosmology/C30_the_odd_even_half_is_shared.py	"the whole difference is carried by"	PAPER	
receipts/P15_CR_cosmology/C30_the_odd_even_half_is_shared.py	"what this construction returns for the same quantity is $2.264$ on the polarisation path"	PAPER	
receipts/P15_CR_cosmology/C30_the_odd_even_half_is_shared.py	"which is ordinary content physics on the observable leg"	PAPER	
receipts/P15_CR_cosmology/C31_half_one_owes_a_rule.py	"It is fitted from the distance data here rather than taken from the microwave background"	PAPER	
receipts/P15_CR_cosmology/C31_half_one_owes_a_rule.py	"The two arms fit the same four parameters, so no information criterion separates them"	PAPER	
receipts/P15_CR_cosmology/C31_half_one_owes_a_rule.py	"With the expansion rate, the matter and baryon densities and the tilt free in each arm and the amplitude in closed form"	PAPER	
receipts/P15_CR_cosmology/C31_half_one_owes_a_rule.py	"\\emph{There is no early-universe parameter among them}"	PAPER	
receipts/P15_CR_cosmology/C31_half_one_owes_a_rule.py	"\\emph{the arm at $1.57$ times the control's distance"	PAPER	
receipts/P15_CR_cosmology/C31_half_one_owes_a_rule.py	"discharging `L-147`"	SOURCE	
receipts/P15_CR_cosmology/C31_half_one_owes_a_rule.py	"free in each arm"	PAPER	
receipts/P15_CR_cosmology/C31_half_one_owes_a_rule.py	"penalties of about two per fitted parameter"	PAPER	
receipts/P15_CR_cosmology/C31_half_one_owes_a_rule.py	"returns $\\chi^2/\\text{dof}\\simeq1$ at $\\Omega_m\\simeq0.30$"	PAPER	
receipts/P15_CR_cosmology/C31_half_one_owes_a_rule.py	"the CAMB flat-LambdaCDM best fit reproduces"	SOURCE	
receipts/P15_CR_cosmology/C31_half_one_owes_a_rule.py	"the asymmetry between the frameworks is not in what was fitted but in what had to be fixed before there was a model to fit"	PAPER	
receipts/P15_CR_cosmology/C31_half_one_owes_a_rule.py	"with no free parameter"	PAPER	
receipts/P15_CR_cosmology/C32_half_one_is_model_selection.py	"It is fitted from the distance data here rather than taken from the microwave background"	PAPER	
receipts/P15_CR_cosmology/C32_half_one_is_model_selection.py	"The two arms fit the same four parameters, so no information criterion separates them"	PAPER	
receipts/P15_CR_cosmology/C32_half_one_is_model_selection.py	"likelihood-level model selection"	PAPER	
receipts/P15_CR_cosmology/C32_half_one_is_model_selection.py	"over {} TT bins"	SOURCE	
receipts/P15_CR_cosmology/C32_half_one_is_model_selection.py	"penalties of about two per fitted parameter"	PAPER	
receipts/P15_CR_cosmology/C33_the_threshold_corrected.py	"That factor is computed rather than fitted: the inherited quantity is $P_{\\Psi}$"	PAPER	
receipts/P15_CR_cosmology/C33_the_threshold_corrected.py	"The two arms fit the same four parameters, so no information criterion separates them"	PAPER	
receipts/P15_CR_cosmology/C33_the_threshold_corrected.py	"With the expansion rate, the matter and baryon densities and the tilt free in each arm and the amplitude in closed form"	PAPER	
receipts/P15_CR_cosmology/C33_the_threshold_corrected.py	"\\emph{the arm at $1.57$ times the control's distance"	PAPER	
receipts/P15_CR_cosmology/C33_the_threshold_corrected.py	"the first peak is where the amplitude is anchored"	PAPER	
receipts/P15_CR_cosmology/C33_the_threshold_corrected.py	"what the construction takes from the progenitor here is the potential power and nothing about the map"	PAPER	
receipts/P15_CR_cosmology/C34_the_deliverable_is_a_pair.py	"Across the seventeen readings admitted by a four-peak criterion fixed before the numbers, the first peak spans $148$ to $228$"	PAPER	
receipts/P15_CR_cosmology/C34_the_deliverable_is_a_pair.py	"The first acoustic peak, and the propagated comb"	SOURCE	
receipts/P15_CR_cosmology/C34_the_deliverable_is_a_pair.py	"\\emph{The single-locus reading is not inside that trade}: it returns the first peak at $222$"	PAPER	
receipts/P15_CR_cosmology/C34_the_deliverable_is_a_pair.py	"\\emph{the arm at $1.57$ times the control's distance"	PAPER	
receipts/P15_CR_cosmology/C34_the_deliverable_is_a_pair.py	"\\emph{the arm sits at $2.57$ times the control's distance from the data}"	PAPER	
receipts/P15_CR_cosmology/C34_the_deliverable_is_a_pair.py	"leaves two things to be fixed, and the handover fixes both"	PAPER	
receipts/P15_CR_cosmology/C35_the_reference_is_F3.py	"206.4"	SOURCE	
receipts/P15_CR_cosmology/C35_the_reference_is_F3.py	"FLOOR"	SOURCE	
receipts/P15_CR_cosmology/C35_the_reference_is_F3.py	"chi^2(this instrument's LambdaCDM arm) - chi^2(CAMB)"	SOURCE	
receipts/P15_CR_cosmology/C35_the_reference_is_F3.py	"the CAMB flat-LambdaCDM best fit reproduces"	SOURCE	
receipts/P15_CR_cosmology/C36_the_negative_is_the_envelope.py	"F2"	SOURCE	
receipts/P15_CR_cosmology/C36_the_negative_is_the_envelope.py	"F3"	SOURCE	
receipts/P15_CR_cosmology/C36_the_negative_is_the_envelope.py	"does not soften the negative"	SOURCE	
receipts/P15_CR_cosmology/C36_the_negative_is_the_envelope.py	"plik_lite TT only"	SOURCE	
receipts/P15_CR_cosmology/C36_the_negative_is_the_envelope.py	"visibility function, $r=0.992$, it is a rise of about two per cent at $\\ell_{D}$"	PAPER	
receipts/P15_CR_cosmology/C36_the_negative_is_the_envelope.py	"with no free parameter"	PAPER	
receipts/P15_CR_cosmology/C37_the_comparison_is_not_matched.py	"WORSE, not better"	SOURCE	
receipts/P15_CR_cosmology/C38_the_comparison_scores_derivations.py	"302.2"	PAPER	
receipts/P15_CR_cosmology/C38_the_comparison_scores_derivations.py	"Matter--radiation equality is then fixed by the same epoch"	PAPER	
receipts/P15_CR_cosmology/C38_the_comparison_scores_derivations.py	"The quantities this cosmology actually uses are the epoch $x_{0}$ (equivalently $\\Omega_m=2/(x_{0}^{3}+2)$"	PAPER	
receipts/P15_CR_cosmology/C38_the_comparison_scores_derivations.py	"against the measured"	PAPER	MULTI,SECSHARED
receipts/P15_CR_cosmology/C38_the_comparison_scores_derivations.py	"inherits rather than predicts"	PAPER	
receipts/P15_CR_cosmology/C38_the_comparison_scores_derivations.py	"is a test of the background rather than a further fit to it"	PAPER	MULTI
receipts/P15_CR_cosmology/C38_the_comparison_scores_derivations.py	"the first peak is where the amplitude is anchored"	PAPER	
receipts/P15_CR_cosmology/C38_the_comparison_scores_derivations.py	"which the rate carries and the baryon-acoustic data fix"	PAPER	
receipts/P15_CR_cosmology/C38_the_comparison_scores_derivations.py	"with no free parameter"	PAPER	
receipts/P15_CR_cosmology/C39_the_derived_list_read.py	"146.4"	PAPER	
receipts/P15_CR_cosmology/C39_the_derived_list_read.py	"302.2"	PAPER	
receipts/P15_CR_cosmology/C39_the_derived_list_read.py	"Matter--radiation equality is then fixed by the same epoch"	PAPER	
receipts/P15_CR_cosmology/C39_the_derived_list_read.py	"The quantities this cosmology actually uses are the epoch $x_{0}$ (equivalently $\\Omega_m=2/(x_{0}^{3}+2)$"	PAPER	
receipts/P15_CR_cosmology/C39_the_derived_list_read.py	"against the measured"	PAPER	MULTI,SECSHARED
receipts/P15_CR_cosmology/C39_the_derived_list_read.py	"consequence follows with no free parameter"	PAPER	
receipts/P15_CR_cosmology/C39_the_derived_list_read.py	"equality falls within a couple of per cent of flat $\\Lambda$CDM's with nothing fitted to a spectrum"	PAPER	
receipts/P15_CR_cosmology/C39_the_derived_list_read.py	"inherits rather than predicts"	PAPER	
receipts/P15_CR_cosmology/C39_the_derived_list_read.py	"is not a feature of this construction either"	PAPER	
receipts/P15_CR_cosmology/C39_the_derived_list_read.py	"it follows from standard thermodynamics alone"	PAPER	
receipts/P15_CR_cosmology/C39_the_derived_list_read.py	"there is no such start and no such amplitude"	PAPER	
receipts/P15_CR_cosmology/C39_the_derived_list_read.py	"which the rate carries and the baryon-acoustic data fix"	PAPER	
receipts/P15_CR_cosmology/C39_the_derived_list_read.py	"within $0.7\\%$ of each other"	PAPER	
receipts/P15_CR_cosmology/C40_the_pair_was_quoted_against_a_rounding.py	"1.04109"	SOURCE	
receipts/P15_CR_cosmology/C40_the_pair_was_quoted_against_a_rounding.py	"301.76"	SOURCE	
receipts/P15_CR_cosmology/C40_the_pair_was_quoted_against_a_rounding.py	"302.2"	PAPER	
receipts/P15_CR_cosmology/C40_the_pair_was_quoted_against_a_rounding.py	"MEAS_L - 301.76"	SOURCE	
receipts/P15_CR_cosmology/C40_the_pair_was_quoted_against_a_rounding.py	"against the measured"	PAPER	MULTI,SECSHARED
receipts/P15_CR_cosmology/C41_a_tilde_is_stale_when_nothing_competes.py	"100*(rat-1)"	SOURCE	
receipts/P15_CR_cosmology/C41_a_tilde_is_stale_when_nothing_competes.py	"301.76"	PAPER	
receipts/P15_CR_cosmology/C41_a_tilde_is_stale_when_nothing_competes.py	"MEAS_L - 301.76"	SOURCE	
receipts/P15_CR_cosmology/C41_a_tilde_is_stale_when_nothing_competes.py	"This derivation gives"	SOURCE	
receipts/P15_CR_cosmology/C41_a_tilde_is_stale_when_nothing_competes.py	"WITH THE BARYON TERMS"	SOURCE	
receipts/P15_CR_cosmology/C41_a_tilde_is_stale_when_nothing_competes.py	"damping_ratio_clean.py reports"	SOURCE	
receipts/P15_CR_cosmology/C41_a_tilde_is_stale_when_nothing_competes.py	"measured $301.76$"	PAPER	
receipts/P15_CR_cosmology/C41b_a_tilde_on_a_settled_value_is_a_stale_hedge.py	"1.04109"	SOURCE	
receipts/P15_CR_cosmology/C41b_a_tilde_on_a_settled_value_is_a_stale_hedge.py	"301.76"	PAPER	
receipts/P15_CR_cosmology/C41b_a_tilde_on_a_settled_value_is_a_stale_hedge.py	"MEAS_L - 301.76"	SOURCE	
receipts/P15_CR_cosmology/C42_the_cancellation_needs_xe_identical.py	"cancel identically, PROVIDED"	SOURCE	
receipts/P15_CR_cosmology/C42_the_cancellation_needs_xe_identical.py	"ionization"	SOURCE	ALT
receipts/P15_CR_cosmology/C42_the_cancellation_needs_xe_identical.py	"which they are: recombination is the same"	SOURCE	
receipts/P15_CR_cosmology/C42_the_cancellation_needs_xe_identical.py	"x_e"	SOURCE	ALT
receipts/P15_CR_cosmology/C43_the_gap_is_numerical_not_xe.py	"GATE] radincl pi*r_D/r_s"	SOURCE	ALT
receipts/P15_CR_cosmology/C43_the_gap_is_numerical_not_xe.py	"pi*r_D/r_s"	SOURCE	ALT
receipts/P15_CR_cosmology/C45_xe_does_not_cancel_from_a_ratio_of_integrals.py	"EVERY MICROPHYSICAL CONSTANT IS OUTSIDE THE INTEGRAL"	SOURCE	
receipts/P15_CR_cosmology/C46_the_nine_are_right_and_the_one_is_wrong.py	"1.0816"	SOURCE	ALT
receipts/P15_CR_cosmology/C46_the_nine_are_right_and_the_one_is_wrong.py	"CR/LCDM"	SOURCE	ALT
receipts/P15_CR_cosmology/C46_the_nine_are_right_and_the_one_is_wrong.py	"DERIVED in C9"	SOURCE	ALT
receipts/P15_CR_cosmology/C46_the_nine_are_right_and_the_one_is_wrong.py	"DERIVED, C9"	SOURCE	ALT
receipts/P15_CR_cosmology/C46_the_nine_are_right_and_the_one_is_wrong.py	"is then $\\theta_{D}/\\theta_{*}$ moved by under a per cent"	PAPER	
receipts/P15_CR_cosmology/C46_the_nine_are_right_and_the_one_is_wrong.py	"theta_D/theta_* ratio"	SOURCE	
receipts/P15_CR_cosmology/C46_the_nine_are_right_and_the_one_is_wrong.py	"visibility function, $r=0.992$"	PAPER	
receipts/P15_CR_cosmology/C48_the_pairs_are_three.py	"1.9968"	SOURCE	
receipts/P15_CR_cosmology/C48_the_pairs_are_three.py	"assert\\s+abs\\(\\(1\\+zo\\)/3402"	SOURCE	
receipts/P15_CR_cosmology/C48_the_pairs_are_three.py	"assert\\s+abs\\(rs_LC\\s*-\\s*145\\.38\\)"	SOURCE	
receipts/P15_CR_cosmology/C48_the_pairs_are_three.py	"decides the comparison's size, and it is decided by reading rather than by"	SOURCE	
receipts/P15_CR_cosmology/C48_the_pairs_are_three.py	"lands on the integers"	SOURCE	
receipts/P15_CR_cosmology/C48_the_pairs_are_three.py	"ratio at onset IS the"	SOURCE	
receipts/P15_CR_cosmology/C48_the_pairs_are_three.py	"the quoted value to one per cent, from standard"	SOURCE	
receipts/P15_CR_cosmology/C49_the_row_has_a_likelihood_not_a_lookup.py	"206.4 over"	SOURCE	
receipts/P15_CR_cosmology/C49_the_row_has_a_likelihood_not_a_lookup.py	"215"	SOURCE	
receipts/P15_CR_cosmology/C49_the_row_has_a_likelihood_not_a_lookup.py	"F2 is not small in absolute terms"	SOURCE	
receipts/P15_CR_cosmology/C49_the_row_has_a_likelihood_not_a_lookup.py	"IS DEFECTIVE AND THE DEFECT IS RECORDED"	SOURCE	
receipts/P15_CR_cosmology/C49_the_row_has_a_likelihood_not_a_lookup.py	"WHEN THIS NOTE WAS WRITTEN"	SOURCE	
receipts/P15_CR_cosmology/C49_the_row_has_a_likelihood_not_a_lookup.py	"as of r2760"	SOURCE	
receipts/P15_CR_cosmology/C49_the_row_has_a_likelihood_not_a_lookup.py	"chi^2/dof"	SOURCE	
receipts/P15_CR_cosmology/C49_the_row_has_a_likelihood_not_a_lookup.py	"chi^2/dof ~ 100"	SOURCE	
receipts/P15_CR_cosmology/C49_the_row_has_a_likelihood_not_a_lookup.py	"is a wired pipeline"	SOURCE	
receipts/P15_CR_cosmology/C49_the_row_has_a_likelihood_not_a_lookup.py	"measurement discrepancy, not a framework verdict"	SOURCE	
receipts/P15_CR_cosmology/C49_the_row_has_a_likelihood_not_a_lookup.py	"plik"	SOURCE	
receipts/P15_CR_cosmology/C50_the_control_is_at_seven_not_a_hundred.py	"'this CR arm'"	SOURCE	
receipts/P15_CR_cosmology/C50_the_control_is_at_seven_not_a_hundred.py	"'this LCDM arm'"	SOURCE	
receipts/P15_CR_cosmology/C50_the_control_is_at_seven_not_a_hundred.py	"22.5 and 28.6 to {dof_l:.1f}"	SOURCE	
receipts/P15_CR_cosmology/C50_the_control_is_at_seven_not_a_hundred.py	"READ THE"	SOURCE	
receipts/P15_CR_cosmology/C50_the_control_is_at_seven_not_a_hundred.py	"WHEN THIS NOTE WAS WRITTEN"	SOURCE	
receipts/P15_CR_cosmology/C50_the_control_is_at_seven_not_a_hundred.py	"c54.172"	SOURCE	
receipts/P15_CR_cosmology/C50_the_control_is_at_seven_not_a_hundred.py	"dof_l"	SOURCE	
receipts/P15_CR_cosmology/C50_the_control_is_at_seven_not_a_hundred.py	"has fallen from"	SOURCE	
receipts/P15_CR_cosmology/C50_the_control_is_at_seven_not_a_hundred.py	"lik.nbintt"	SOURCE	
receipts/P15_CR_cosmology/C50_the_control_is_at_seven_not_a_hundred.py	"outside the regime in"	SOURCE	
receipts/P15_CR_cosmology/C50_the_control_is_at_seven_not_a_hundred.py	"plik_lite discriminates"	SOURCE	
receipts/P15_CR_cosmology/C52_the_banked_spectra_fail_the_sampling_guard.py	"NK (modes, default 260)"	SOURCE	
receipts/P15_CR_cosmology/C52_the_banked_spectra_fail_the_sampling_guard.py	"UNDER-SAMPLED"	SOURCE	
receipts/P15_CR_cosmology/C52_the_banked_spectra_fail_the_sampling_guard.py	"aliasing"	SOURCE	
receipts/P15_CR_cosmology/C52_the_banked_spectra_fail_the_sampling_guard.py	"source comb"	SOURCE	
receipts/P15_CR_cosmology/C54_the_281_is_the_prediction_being_measured.py	"The high-$\\ell$ consequence follows with no free parameter"	PAPER	
receipts/P15_CR_cosmology/C54_the_281_is_the_prediction_being_measured.py	"measurement discrepancy, not a framework verdict"	SOURCE	
receipts/P15_CR_cosmology/C56_la_is_computed_and_its_residual_is_too_small.py	"met from the other end and to that accuracy rather than exactly"	PAPER	
receipts/P15_CR_cosmology/C60_the_hier_composition_defect_names_two_flags_its_own_tree_never_had.py	"'git'\\s*,\\s*'show'"	SOURCE	
receipts/P15_CR_cosmology/C60_the_hier_composition_defect_names_two_flags_its_own_tree_never_had.py	"LEAFPERT"	SOURCE	
receipts/P15_CR_cosmology/C60_the_hier_composition_defect_names_two_flags_its_own_tree_never_had.py	"actions/checkout"	SOURCE	
receipts/P15_CR_cosmology/C60_the_hier_composition_defect_names_two_flags_its_own_tree_never_had.py	"fetch-depth: 0"	SOURCE	
receipts/P15_CR_cosmology/C60_the_hier_composition_defect_names_two_flags_its_own_tree_never_had.py	"receipts:"	SOURCE	
receipts/P15_CR_cosmology/C61_the_undriven_premise_is_false_on_the_rate_the_framework_assigns_the_perturbations.py	"The driving is measured on both arms by subtraction and this one's is the control's to four per cent"	PAPER	
receipts/P15_CR_cosmology/C61_the_undriven_premise_is_false_on_the_rate_the_framework_assigns_the_perturbations.py	"The driving is therefore on the expanding leg"	PAPER	
receipts/P15_CR_cosmology/C61_the_undriven_premise_is_false_on_the_rate_the_framework_assigns_the_perturbations.py	"never cross while there is a plasma"	SOURCE	
receipts/P15_CR_cosmology/C61_the_undriven_premise_is_false_on_the_rate_the_framework_assigns_the_perturbations.py	"the perturbations run on the leaf congruence, whose matter--radiation equality is fixed by the epoch the distance data fix, so the plasma's early history is radiation-dominated and the modes carrying the first peak enter the horizon while it is"	PAPER	
receipts/P15_CR_cosmology/C61_the_undriven_premise_is_false_on_the_rate_the_framework_assigns_the_perturbations.py	"with the perturbations on the leaf congruence the framework assigns them to"	PAPER	
receipts/P15_CR_cosmology/C62_the_diffusion_signature_is_a_wash_and_the_isw_is_not_what_it_turned_on.py	"on $185$ bins, is the better-converged"	PAPER	
receipts/P15_CR_cosmology/C63_no_single_source_term_carries_the_undriven_split_and_the_first_probe_read_an_unwired_knob.py	"def"	SOURCE	
receipts/P15_CR_cosmology/C63_no_single_source_term_carries_the_undriven_split_and_the_first_probe_read_an_unwired_knob.py	"def los_spectrum("	SOURCE	
receipts/P15_CR_cosmology/C63_no_single_source_term_carries_the_undriven_split_and_the_first_probe_read_an_unwired_knob.py	"def source("	SOURCE	
receipts/P15_CR_cosmology/P15_all_three_projections_clear_the_instrument_noise_null_so_the_term_mixs_cost_is_combed_after_all.py	"-c[1] / (2 * c[0])"	SOURCE	
receipts/P15_CR_cosmology/P15_all_three_projections_clear_the_instrument_noise_null_so_the_term_mixs_cost_is_combed_after_all.py	"0-of-2,000"	SOURCE	
receipts/P15_CR_cosmology/P15_all_three_projections_clear_the_instrument_noise_null_so_the_term_mixs_cost_is_combed_after_all.py	"arithmetic gate i was pleased with"	SOURCE	
receipts/P15_CR_cosmology/P15_all_three_projections_clear_the_instrument_noise_null_so_the_term_mixs_cost_is_combed_after_all.py	"checked first, as a gate"	SOURCE	
receipts/P15_CR_cosmology/P15_all_three_projections_clear_the_instrument_noise_null_so_the_term_mixs_cost_is_combed_after_all.py	"committed before any of"	SOURCE	
receipts/P15_CR_cosmology/P15_all_three_projections_clear_the_instrument_noise_null_so_the_term_mixs_cost_is_combed_after_all.py	"equally capable of passing it"	SOURCE	
receipts/P15_CR_cosmology/P15_all_three_projections_clear_the_instrument_noise_null_so_the_term_mixs_cost_is_combed_after_all.py	"held at their measured values"	SOURCE	
receipts/P15_CR_cosmology/P15_all_three_projections_clear_the_instrument_noise_null_so_the_term_mixs_cost_is_combed_after_all.py	"primary: re-estimated per draw"	SOURCE	
receipts/P15_CR_cosmology/P15_all_three_projections_clear_the_instrument_noise_null_so_the_term_mixs_cost_is_combed_after_all.py	"reading was wrong in the direction i did not flag"	SOURCE	
receipts/P15_CR_cosmology/P15_all_three_projections_clear_the_instrument_noise_null_so_the_term_mixs_cost_is_combed_after_all.py	"trough positions"	SOURCE	
receipts/P15_CR_cosmology/P15_all_three_projections_clear_the_instrument_noise_null_so_the_term_mixs_cost_is_combed_after_all.py	"was the weak part of"	SOURCE	
receipts/P15_CR_cosmology/P15_horn_ones_carrier_is_already_the_papers_own_wavenumber_free_potential_amplitude_while_on_the_segments_own_branch_a_sound_speed_costs_a_tilt_equal_to_its_whole_exponent.py	"P15_horn_ones_carrier_is_already_the_papers_own_wavenumber_free_potential_amplitude"	PAPER	ALT
receipts/P15_CR_cosmology/P15_no_paper_fixes_the_primordial_normalisation_because_three_sentences_inherit_it_and_the_L_to_ell_map_is_a_projection_whose_width_passes_the_mode_spacing.py	"A_s"	PAPER	LIST
receipts/P15_CR_cosmology/P15_no_paper_fixes_the_primordial_normalisation_because_three_sentences_inherit_it_and_the_L_to_ell_map_is_a_projection_whose_width_passes_the_mode_spacing.py	"action"	PAPER	MULTI,SECSHARED
receipts/P15_CR_cosmology/P15_no_paper_fixes_the_primordial_normalisation_because_three_sentences_inherit_it_and_the_L_to_ell_map_is_a_projection_whose_width_passes_the_mode_spacing.py	"amplitude"	PAPER	LIST,MULTI,SECSHARED
receipts/P15_CR_cosmology/P15_no_paper_fixes_the_primordial_normalisation_because_three_sentences_inherit_it_and_the_L_to_ell_map_is_a_projection_whose_width_passes_the_mode_spacing.py	"primordial"	PAPER	LIST,MULTI,SECSHARED
receipts/P15_CR_cosmology/P15_no_paper_fixes_the_primordial_normalisation_because_three_sentences_inherit_it_and_the_L_to_ell_map_is_a_projection_whose_width_passes_the_mode_spacing.py	"spectral"	PAPER	LIST
receipts/P15_CR_cosmology/P15_no_paper_fixes_the_primordial_normalisation_because_three_sentences_inherit_it_and_the_L_to_ell_map_is_a_projection_whose_width_passes_the_mode_spacing.py	"spectrum"	PAPER	LIST,MULTI,SECSHARED
receipts/P15_CR_cosmology/P15_no_paper_fixes_the_primordial_normalisation_because_three_sentences_inherit_it_and_the_L_to_ell_map_is_a_projection_whose_width_passes_the_mode_spacing.py	"tilt"	PAPER	LIST,MULTI,SECSHARED
receipts/P15_CR_cosmology/P15_no_statistic_this_construction_can_build_resolves_the_two_channels_and_the_phase_step_dies_on_a_matched_width_control.py	"NAMED BEFORE USE"	SOURCE	
receipts/P15_CR_cosmology/P15_no_statistic_this_construction_can_build_resolves_the_two_channels_and_the_phase_step_dies_on_a_matched_width_control.py	"Nothing below has been measured"	SOURCE	
receipts/P15_CR_cosmology/P15_no_statistic_this_construction_can_build_resolves_the_two_channels_and_the_phase_step_dies_on_a_matched_width_control.py	"This is the candidate I expect most from"	SOURCE	ALT
receipts/P15_CR_cosmology/P15_no_statistic_this_construction_can_build_resolves_the_two_channels_and_the_phase_step_dies_on_a_matched_width_control.py	"candidate I expect most from"	SOURCE	ALT
receipts/P15_CR_cosmology/P15_no_statistic_this_construction_can_build_resolves_the_two_channels_and_the_phase_step_dies_on_a_matched_width_control.py	"instead of choosing"	SOURCE	
receipts/P15_CR_cosmology/P15_no_statistic_this_construction_can_build_resolves_the_two_channels_and_the_phase_step_dies_on_a_matched_width_control.py	"invites its own abuse"	SOURCE	
receipts/P15_CR_cosmology/P15_no_statistic_this_construction_can_build_resolves_the_two_channels_and_the_phase_step_dies_on_a_matched_width_control.py	"must hold on the SAME reading"	SOURCE	
receipts/P15_CR_cosmology/P15_no_statistic_this_construction_can_build_resolves_the_two_channels_and_the_phase_step_dies_on_a_matched_width_control.py	"nothing available reduces it enough"	SOURCE	
receipts/P15_CR_cosmology/P15_no_statistic_this_construction_can_build_resolves_the_two_channels_and_the_phase_step_dies_on_a_matched_width_control.py	"terminal exit"	SOURCE	
receipts/P15_CR_cosmology/P15_no_statistic_this_construction_can_build_resolves_the_two_channels_and_the_phase_step_dies_on_a_matched_width_control.py	"too large for either word"	SOURCE	
receipts/P15_CR_cosmology/P15_order_one_answered_negative_the_crossing_cannot_share_a_measure_with_the_layers_parity_because_its_kernel_is_a_function_of_the_degree_and_the_parity_is_a_condition_on_the_charge.py	"I expect a measured NEGATIVE"	SOURCE	
receipts/P15_CR_cosmology/P15_order_one_answered_negative_the_crossing_cannot_share_a_measure_with_the_layers_parity_because_its_kernel_is_a_function_of_the_degree_and_the_parity_is_a_condition_on_the_charge.py	"L -> L"	SOURCE	ALT
receipts/P15_CR_cosmology/P15_order_one_answered_negative_the_crossing_cannot_share_a_measure_with_the_layers_parity_because_its_kernel_is_a_function_of_the_degree_and_the_parity_is_a_condition_on_the_charge.py	"harmonic-basis question"	SOURCE	
receipts/P15_CR_cosmology/P15_order_one_answered_negative_the_crossing_cannot_share_a_measure_with_the_layers_parity_because_its_kernel_is_a_function_of_the_degree_and_the_parity_is_a_condition_on_the_charge.py	"is a DIFFERENT question"	SOURCE	
receipts/P15_CR_cosmology/P15_order_one_answered_negative_the_crossing_cannot_share_a_measure_with_the_layers_parity_because_its_kernel_is_a_function_of_the_degree_and_the_parity_is_a_condition_on_the_charge.py	"must not be reported as one"	SOURCE	
receipts/P15_CR_cosmology/P15_order_one_answered_negative_the_crossing_cannot_share_a_measure_with_the_layers_parity_because_its_kernel_is_a_function_of_the_degree_and_the_parity_is_a_condition_on_the_charge.py	"the map on the index is the identity"	SOURCE	ALT
receipts/P15_CR_cosmology/P15_order_one_answered_negative_the_crossing_cannot_share_a_measure_with_the_layers_parity_because_its_kernel_is_a_function_of_the_degree_and_the_parity_is_a_condition_on_the_charge.py	"the species criterion is vacuous at the crossing"	SOURCE	
receipts/P15_CR_cosmology/P15_order_one_answered_negative_the_crossing_cannot_share_a_measure_with_the_layers_parity_because_its_kernel_is_a_function_of_the_degree_and_the_parity_is_a_condition_on_the_charge.py	"what the corpus advertised as a selection rule is not one"	SOURCE	
receipts/P15_CR_cosmology/P15_order_one_answered_negative_the_crossing_cannot_share_a_measure_with_the_layers_parity_because_its_kernel_is_a_function_of_the_degree_and_the_parity_is_a_condition_on_the_charge.py	"with no spacelike slice entering the map"	SOURCE	
receipts/P15_CR_cosmology/P15_po31s_terminal_clause_counts_closures_and_the_label_is_many_to_one_so_the_count_is_four_and_five_at_once_and_the_quantifier_has_no_set.py	"THE LIVE CLAUSE \\(SET `?r(\\d+)"	SOURCE	
receipts/P15_CR_cosmology/P15_po31s_terminal_clause_counts_closures_and_the_label_is_many_to_one_so_the_count_is_four_and_five_at_once_and_the_quantifier_has_no_set.py	"THE LIVE CLAUSE \\(SET `?r7197"	SOURCE	
receipts/P15_CR_cosmology/P15_po31s_terminal_clause_counts_closures_and_the_label_is_many_to_one_so_the_count_is_four_and_five_at_once_and_the_quantifier_has_no_set.py	"~~**PO-31**~~"	SOURCE	ALT
receipts/P15_CR_cosmology/P15_po75_the_supplier_is_already_in_print_and_the_floor_is_two_derivations_not_one_so_the_odd_ladder_is_the_test_that_separates_them.py	"no source below it"	SOURCE	
receipts/P15_CR_cosmology/P15_po83_does_not_move_because_the_companion_avoids_the_obstruction_by_symmetry_not_by_einstein_while_the_four_metric_the_layer_sits_in_is_einstein_identically.py	"dynamics paper"	PAPER	ALT,MULTI
receipts/P15_CR_cosmology/P15_po83_does_not_move_because_the_companion_avoids_the_obstruction_by_symmetry_not_by_einstein_while_the_four_metric_the_layer_sits_in_is_einstein_identically.py	"not Einstein"	PAPER	ALT
receipts/P15_CR_cosmology/P15_po83_does_not_move_because_the_companion_avoids_the_obstruction_by_symmetry_not_by_einstein_while_the_four_metric_the_layer_sits_in_is_einstein_identically.py	"scalar"	PAPER	ALT,MULTI,SECSHARED
receipts/P15_CR_cosmology/P15_po84_the_charge_is_carried_and_the_corpus_already_named_where_because_the_eigenvalue_divergence_is_the_traded_momentums_blueshift.py	"blueshift"	PAPER	ALT,MULTI,SECSHARED
receipts/P15_CR_cosmology/P15_po84_the_charge_is_carried_and_the_corpus_already_named_where_because_the_eigenvalue_divergence_is_the_traded_momentums_blueshift.py	"carried in label"	PAPER	ALT
receipts/P15_CR_cosmology/P15_the_accounting_closes_but_cannot_attribute_because_the_share_is_the_cosine_of_a_phase_offset.py	"amplitudes do **not** add"	SOURCE	
receipts/P15_CR_cosmology/P15_the_accounting_closes_but_cannot_attribute_because_the_share_is_the_cosine_of_a_phase_offset.py	"both are computed and both reported. neither is chosen."	SOURCE	
receipts/P15_CR_cosmology/P15_the_accounting_closes_but_cannot_attribute_because_the_share_is_the_cosine_of_a_phase_offset.py	"committed before any of"	SOURCE	
receipts/P15_CR_cosmology/P15_the_accounting_closes_but_cannot_attribute_because_the_share_is_the_cosine_of_a_phase_offset.py	"i am not going to reach for a fourth row"	SOURCE	
receipts/P15_CR_cosmology/P15_the_accounting_closes_but_cannot_attribute_because_the_share_is_the_cosine_of_a_phase_offset.py	"this is the expensive branch for this seat and it is tabled first"	SOURCE	
receipts/P15_CR_cosmology/P15_the_accounting_closes_but_cannot_attribute_because_the_share_is_the_cosine_of_a_phase_offset.py	"vector subtraction at the measured phase"	SOURCE	
receipts/P15_CR_cosmology/P15_the_acoustic_contrast_is_not_in_the_source_and_the_projection_makes_it_without_the_distance.py	"_SRCD = os.environ.get('SRCDEC')"	SOURCE	
receipts/P15_CR_cosmology/P15_the_angular_label_crosses_the_lift_untouched_and_the_amplitude_does_not_because_the_lift_is_purely_imaginary_conformal_time_so_what_it_adds_is_an_envelope_with_exactly_no_phase.py	"-(2M\\alpha^2)^{1/3}\\cosh^{2/3}"	PAPER	ALT
receipts/P15_CR_cosmology/P15_the_angular_label_crosses_the_lift_untouched_and_the_amplitude_does_not_because_the_lift_is_purely_imaginary_conformal_time_so_what_it_adds_is_an_envelope_with_exactly_no_phase.py	"\\cosh^{2/3}"	PAPER	ALT,MULTI
receipts/P15_CR_cosmology/P15_the_angular_label_crosses_the_lift_untouched_and_the_amplitude_does_not_because_the_lift_is_purely_imaginary_conformal_time_so_what_it_adds_is_an_envelope_with_exactly_no_phase.py	"d\\Omega^2"	PAPER	ALT,MULTI,SECSHARED
receipts/P15_CR_cosmology/P15_the_angular_label_crosses_the_lift_untouched_and_the_amplitude_does_not_because_the_lift_is_purely_imaginary_conformal_time_so_what_it_adds_is_an_envelope_with_exactly_no_phase.py	"r^2d\\Omega^2"	PAPER	ALT,MULTI,SECSHARED
receipts/P15_CR_cosmology/P15_the_angular_label_crosses_the_lift_untouched_and_the_amplitude_does_not_because_the_lift_is_purely_imaginary_conformal_time_so_what_it_adds_is_an_envelope_with_exactly_no_phase.py	"r^{2}d\\Omega^{2}"	PAPER	ALT
receipts/P15_CR_cosmology/P15_the_angular_label_crosses_the_lift_untouched_and_the_amplitude_does_not_because_the_lift_is_purely_imaginary_conformal_time_so_what_it_adds_is_an_envelope_with_exactly_no_phase.py	"single vertical segment"	PAPER	ALT
receipts/P15_CR_cosmology/P15_the_background_returns_the_larger_stretch_so_2774_is_the_constructions_and_the_stale_trio_is_a_configuration_not_a_slip_but_the_figures_name_two_of_them.py	"mp\\.mpf\\('([0-9.]+)'\\) < e < mp\\.mpf\\('([0-9.]+)'\\)"	SOURCE	
receipts/P15_CR_cosmology/P15_the_band_one_departure_is_not_in_the_likelihoods_excess_and_all_three_channels_match_it_in_separating_power.py	"ASKED FIRST IN THE FILE EVEN THOUGH IT IS NUMBERED SECOND"	SOURCE	
receipts/P15_CR_cosmology/P15_the_band_one_departure_is_not_in_the_likelihoods_excess_and_all_three_channels_match_it_in_separating_power.py	"do not read it off"	SOURCE	ALT
receipts/P15_CR_cosmology/P15_the_band_one_departure_is_not_in_the_likelihoods_excess_and_all_three_channels_match_it_in_separating_power.py	"faster than the rest"	SOURCE	
receipts/P15_CR_cosmology/P15_the_band_one_departure_is_not_in_the_likelihoods_excess_and_all_three_channels_match_it_in_separating_power.py	"more free parameters always reduce a residual"	SOURCE	
receipts/P15_CR_cosmology/P15_the_band_one_departure_is_not_in_the_likelihoods_excess_and_all_three_channels_match_it_in_separating_power.py	"never of a separating power to a significance"	SOURCE	
receipts/P15_CR_cosmology/P15_the_band_one_departure_is_not_in_the_likelihoods_excess_and_all_three_channels_match_it_in_separating_power.py	"product, sum and quadrature"	SOURCE	ALT
receipts/P15_CR_cosmology/P15_the_band_one_departure_is_not_in_the_likelihoods_excess_and_all_three_channels_match_it_in_separating_power.py	"separating power"	SOURCE	
receipts/P15_CR_cosmology/P15_the_band_one_departure_is_not_in_the_likelihoods_excess_and_all_three_channels_match_it_in_separating_power.py	"significance"	SOURCE	
receipts/P15_CR_cosmology/P15_the_band_one_departure_is_not_in_the_likelihoods_excess_and_all_three_channels_match_it_in_separating_power.py	"three rules, none assumed"	SOURCE	ALT
receipts/P15_CR_cosmology/P15_the_bank_already_existed_and_the_doppler_carries_a_growing_minority_of_the_excess.py	"AND THE OUTCOMES"	SOURCE	
receipts/P15_CR_cosmology/P15_the_bank_already_existed_and_the_doppler_carries_a_growing_minority_of_the_excess.py	"FAIL TO DECIDE"	SOURCE	
receipts/P15_CR_cosmology/P15_the_bank_already_existed_and_the_doppler_carries_a_growing_minority_of_the_excess.py	"SETTLES NOTHING"	SOURCE	
receipts/P15_CR_cosmology/P15_the_bank_already_existed_and_the_doppler_carries_a_growing_minority_of_the_excess.py	"reported as failed rather than dropped"	SOURCE	
receipts/P15_CR_cosmology/P15_the_bead_routes_damping_survives_on_the_squashed_layer_because_the_berger_harmonics_carry_no_squashing_and_the_spectrum_is_bounded_below_uniformly.py	"P15_the_bead_routes_damping_survives_on_the_squashed_layer"	PAPER	ALT
receipts/P15_CR_cosmology/P15_the_bridge_is_exact_on_the_spectrum_and_the_transport_is_not_shared_because_the_four_route_carries_a_weyl_coupling_the_layer_has_no_counterpart_for.py	"Weyl"	PAPER	ALT,MULTI
receipts/P15_CR_cosmology/P15_the_bridge_is_exact_on_the_spectrum_and_the_transport_is_not_shared_because_the_four_route_carries_a_weyl_coupling_the_layer_has_no_counterpart_for.py	"not shared"	PAPER	ALT
receipts/P15_CR_cosmology/P15_the_budget_declaration_rests_on_a_lower_bound_and_the_receipt_that_says_so_measures_the_three_figures_it_rests_on.py	"'{}': 900,"	SOURCE	
receipts/P15_CR_cosmology/P15_the_budget_declaration_rests_on_a_lower_bound_and_the_receipt_that_says_so_measures_the_three_figures_it_rests_on.py	"0 over timeout"	SOURCE	
receipts/P15_CR_cosmology/P15_the_budget_declaration_rests_on_a_lower_bound_and_the_receipt_that_says_so_measures_the_three_figures_it_rests_on.py	"243"	SOURCE	
receipts/P15_CR_cosmology/P15_the_budget_declaration_rests_on_a_lower_bound_and_the_receipt_that_says_so_measures_the_three_figures_it_rests_on.py	"7.5x"	SOURCE	
receipts/P15_CR_cosmology/P15_the_budget_declaration_rests_on_a_lower_bound_and_the_receipt_that_says_so_measures_the_three_figures_it_rests_on.py	"CONTENTION SPREAD ON THE RUNNER"	SOURCE	
receipts/P15_CR_cosmology/P15_the_budget_declaration_rests_on_a_lower_bound_and_the_receipt_that_says_so_measures_the_three_figures_it_rests_on.py	"FIRST COMPLETING RUN"	SOURCE	
receipts/P15_CR_cosmology/P15_the_budget_declaration_rests_on_a_lower_bound_and_the_receipt_that_says_so_measures_the_three_figures_it_rests_on.py	"LOWER BOUND"	SOURCE	
receipts/P15_CR_cosmology/P15_the_budget_declaration_rests_on_a_lower_bound_and_the_receipt_that_says_so_measures_the_three_figures_it_rests_on.py	"SYMPTOM'S FIX, NOT THE CAUSE'S"	SOURCE	
receipts/P15_CR_cosmology/P15_the_budget_declaration_rests_on_a_lower_bound_and_the_receipt_that_says_so_measures_the_three_figures_it_rests_on.py	"THE SPREAD IS THE FINDING"	SOURCE	
receipts/P15_CR_cosmology/P15_the_budget_declaration_rests_on_a_lower_bound_and_the_receipt_that_says_so_measures_the_three_figures_it_rests_on.py	"cover the variance"	SOURCE	
receipts/P15_CR_cosmology/P15_the_budget_declaration_rests_on_a_lower_bound_and_the_receipt_that_says_so_measures_the_three_figures_it_rests_on.py	"is now false"	SOURCE	
receipts/P15_CR_cosmology/P15_the_budget_declaration_rests_on_a_lower_bound_and_the_receipt_that_says_so_measures_the_three_figures_it_rests_on.py	"no upper measurement"	SOURCE	
receipts/P15_CR_cosmology/P15_the_budget_declaration_rests_on_a_lower_bound_and_the_receipt_that_says_so_measures_the_three_figures_it_rests_on.py	"not made under a red"	SOURCE	
receipts/P15_CR_cosmology/P15_the_budget_declaration_rests_on_a_lower_bound_and_the_receipt_that_says_so_measures_the_three_figures_it_rests_on.py	"re-declared"	SOURCE	
receipts/P15_CR_cosmology/P15_the_budget_declaration_rests_on_a_lower_bound_and_the_receipt_that_says_so_measures_the_three_figures_it_rests_on.py	"the cause is not cost"	SOURCE	
receipts/P15_CR_cosmology/P15_the_budget_declaration_rests_on_a_lower_bound_and_the_receipt_that_says_so_measures_the_three_figures_it_rests_on.py	"would reinstate the red"	SOURCE	
receipts/P15_CR_cosmology/P15_the_budget_declaration_rests_on_a_lower_bound_and_the_receipt_that_says_so_measures_the_three_figures_it_rests_on.py	"{}=={}"	SOURCE	
receipts/P15_CR_cosmology/P15_the_combs_resolution_is_four_multipoles_and_the_skys_own_value_lies_outside_the_family.py	"'^__SWITCHES__ '"	SOURCE	
receipts/P15_CR_cosmology/P15_the_combs_resolution_is_four_multipoles_and_the_skys_own_value_lies_outside_the_family.py	"grep -m1 '^__SWITCHES__ '"	SOURCE	
receipts/P15_CR_cosmology/P15_the_combs_resolution_is_four_multipoles_and_the_skys_own_value_lies_outside_the_family.py	"knob shadow"	SOURCE	
receipts/P15_CR_cosmology/P15_the_combs_resolution_is_four_multipoles_and_the_skys_own_value_lies_outside_the_family.py	"nothing launched"	SOURCE	
receipts/P15_CR_cosmology/P15_the_combs_resolution_is_four_multipoles_and_the_skys_own_value_lies_outside_the_family.py	"r4558"	SOURCE	
receipts/P15_CR_cosmology/P15_the_combs_resolution_is_four_multipoles_and_the_skys_own_value_lies_outside_the_family.py	"switch_smoke.sh"	SOURCE	
receipts/P15_CR_cosmology/P15_the_composition_route_is_answered_negative_too_because_the_eigenvalue_divergence_lives_on_the_leg_the_transport_never_traverses_and_the_odd_ladder_arrives_suppressed_rather_than_absent.py	"0.2591014627"	SOURCE	
receipts/P15_CR_cosmology/P15_the_composition_route_is_answered_negative_too_because_the_eigenvalue_divergence_lives_on_the_leg_the_transport_never_traverses_and_the_odd_ladder_arrives_suppressed_rather_than_absent.py	"A bound by a mechanism the order did not name is a finding"	SOURCE	
receipts/P15_CR_cosmology/P15_the_composition_route_is_answered_negative_too_because_the_eigenvalue_divergence_lives_on_the_leg_the_transport_never_traverses_and_the_odd_ladder_arrives_suppressed_rather_than_absent.py	"I do not trust that product"	SOURCE	
receipts/P15_CR_cosmology/P15_the_composition_route_is_answered_negative_too_because_the_eigenvalue_divergence_lives_on_the_leg_the_transport_never_traverses_and_the_odd_ladder_arrives_suppressed_rather_than_absent.py	"I will not use `r7186`'s null-to-null sentence twice"	SOURCE	
receipts/P15_CR_cosmology/P15_the_composition_route_is_answered_negative_too_because_the_eigenvalue_divergence_lives_on_the_leg_the_transport_never_traverses_and_the_odd_ladder_arrives_suppressed_rather_than_absent.py	"NOT ATTAINED"	SOURCE	
receipts/P15_CR_cosmology/P15_the_composition_route_is_answered_negative_too_because_the_eigenvalue_divergence_lives_on_the_leg_the_transport_never_traverses_and_the_odd_ladder_arrives_suppressed_rather_than_absent.py	"Only the EIGENVALUE moves"	SOURCE	
receipts/P15_CR_cosmology/P15_the_composition_route_is_answered_negative_too_because_the_eigenvalue_divergence_lives_on_the_leg_the_transport_never_traverses_and_the_odd_ladder_arrives_suppressed_rather_than_absent.py	"RAISES every eigenvalue"	SOURCE	ALT
receipts/P15_CR_cosmology/P15_the_composition_route_is_answered_negative_too_because_the_eigenvalue_divergence_lives_on_the_leg_the_transport_never_traverses_and_the_odd_ladder_arrives_suppressed_rather_than_absent.py	"The Berger harmonics carry NO squashing"	SOURCE	
receipts/P15_CR_cosmology/P15_the_composition_route_is_answered_negative_too_because_the_eigenvalue_divergence_lives_on_the_leg_the_transport_never_traverses_and_the_odd_ladder_arrives_suppressed_rather_than_absent.py	"The two loci must be the SAME locus"	SOURCE	
receipts/P15_CR_cosmology/P15_the_composition_route_is_answered_negative_too_because_the_eigenvalue_divergence_lives_on_the_leg_the_transport_never_traverses_and_the_odd_ladder_arrives_suppressed_rather_than_absent.py	"This is the one I most expect to be the real obstruction"	SOURCE	
receipts/P15_CR_cosmology/P15_the_composition_route_is_answered_negative_too_because_the_eigenvalue_divergence_lives_on_the_leg_the_transport_never_traverses_and_the_odd_ladder_arrives_suppressed_rather_than_absent.py	"\\lambda(L,m)=L(L+2)+4(\\varepsilon^{-2}-1)m^2"	PAPER	
receipts/P15_CR_cosmology/P15_the_composition_route_is_answered_negative_too_because_the_eigenvalue_divergence_lives_on_the_leg_the_transport_never_traverses_and_the_odd_ladder_arrives_suppressed_rather_than_absent.py	"\\varepsilon\\to0$` at the seam RAISES every eigenvalue"	SOURCE	ALT
receipts/P15_CR_cosmology/P15_the_composition_route_is_answered_negative_too_because_the_eigenvalue_divergence_lives_on_the_leg_the_transport_never_traverses_and_the_odd_ladder_arrives_suppressed_rather_than_absent.py	"is exactly conserved along the bead and no mode mixes into another"	SOURCE	
receipts/P15_CR_cosmology/P15_the_composition_route_is_answered_negative_too_because_the_eigenvalue_divergence_lives_on_the_leg_the_transport_never_traverses_and_the_odd_ladder_arrives_suppressed_rather_than_absent.py	"it is not an answer to the question asked"	SOURCE	
receipts/P15_CR_cosmology/P15_the_composition_route_is_answered_negative_too_because_the_eigenvalue_divergence_lives_on_the_leg_the_transport_never_traverses_and_the_odd_ladder_arrives_suppressed_rather_than_absent.py	"must mean ZERO and not SUPPRESSED"	SOURCE	
receipts/P15_CR_cosmology/P15_the_composition_route_is_answered_negative_too_because_the_eigenvalue_divergence_lives_on_the_leg_the_transport_never_traverses_and_the_odd_ladder_arrives_suppressed_rather_than_absent.py	"needs a harmonic decomposition of the layer at every point of the curve"	PAPER	
receipts/P15_CR_cosmology/P15_the_composition_route_is_answered_negative_too_because_the_eigenvalue_divergence_lives_on_the_leg_the_transport_never_traverses_and_the_odd_ladder_arrives_suppressed_rather_than_absent.py	"s_{\\rm tot}=\\Gamma(\\tfrac16)\\sqrt\\pi/\\Gamma(\\tfrac23)\\sqrt3\\,2^{1/3}=3.3387380"	PAPER	MULTI
receipts/P15_CR_cosmology/P15_the_composition_route_is_answered_negative_too_because_the_eigenvalue_divergence_lives_on_the_leg_the_transport_never_traverses_and_the_odd_ladder_arrives_suppressed_rather_than_absent.py	"the layer there is squashed rather than round"	PAPER	
receipts/P15_CR_cosmology/P15_the_composition_route_is_answered_negative_too_because_the_eigenvalue_divergence_lives_on_the_leg_the_transport_never_traverses_and_the_odd_ladder_arrives_suppressed_rather_than_absent.py	"the lift included"	PAPER	
receipts/P15_CR_cosmology/P15_the_composition_route_is_answered_negative_too_because_the_eigenvalue_divergence_lives_on_the_leg_the_transport_never_traverses_and_the_odd_ladder_arrives_suppressed_rather_than_absent.py	"the odd-ladder bound, by composition, exactly as `r7173` conjectured"	SOURCE	OPEN
receipts/P15_CR_cosmology/P15_the_composition_route_is_answered_negative_too_because_the_eigenvalue_divergence_lives_on_the_leg_the_transport_never_traverses_and_the_odd_ladder_arrives_suppressed_rather_than_absent.py	"the product is not defined on this path"	SOURCE	
receipts/P15_CR_cosmology/P15_the_conjecture_reduces_to_umbilicity_because_a_conformal_carrying_preserves_the_invariants_modulus_across_the_lift_and_the_foliation_is_umbilic_only_at_the_seam.py	"P15_the_sheared_layers_invariant_is_obtained_in_closed_form"	PAPER	ALT
receipts/P15_CR_cosmology/P15_the_conjecture_reduces_to_umbilicity_because_a_conformal_carrying_preserves_the_invariants_modulus_across_the_lift_and_the_foliation_is_umbilic_only_at_the_seam.py	"the round shape is not carried to the seam"	PAPER	ALT
receipts/P15_CR_cosmology/P15_the_constant_r_foliation_carries_the_sphere_across_the_lap_because_the_layers_shape_invariant_is_the_same_pure_number_at_every_point_of_the_bead.py	"45^\\circ"	PAPER	MULTI,SECSHARED
receipts/P15_CR_cosmology/P15_the_constant_r_foliation_carries_the_sphere_across_the_lap_because_the_layers_shape_invariant_is_the_same_pure_number_at_every_point_of_the_bead.py	"P15_the_constant_r_foliation_carries_the_sphere_across_the_lap"	PAPER	ALT
receipts/P15_CR_cosmology/P15_the_constant_r_foliation_carries_the_sphere_across_the_lap_because_the_layers_shape_invariant_is_the_same_pure_number_at_every_point_of_the_bead.py	"P15_the_sheared_layers_invariant_is_obtained_in_closed_form"	PAPER	ALT
receipts/P15_CR_cosmology/P15_the_constant_r_foliation_carries_the_sphere_across_the_lap_because_the_layers_shape_invariant_is_the_same_pure_number_at_every_point_of_the_bead.py	"areal coordinate degenerating"	PAPER	MULTI
receipts/P15_CR_cosmology/P15_the_constant_r_foliation_carries_the_sphere_across_the_lap_because_the_layers_shape_invariant_is_the_same_pure_number_at_every_point_of_the_bead.py	"as a conjecture and do not claim it as a theorem"	PAPER	ALT,OPEN
receipts/P15_CR_cosmology/P15_the_constant_r_foliation_carries_the_sphere_across_the_lap_because_the_layers_shape_invariant_is_the_same_pure_number_at_every_point_of_the_bead.py	"eq:shape-invariant"	PAPER	ALT,MULTI,SECSHARED
receipts/P15_CR_cosmology/P15_the_constant_r_foliation_carries_the_sphere_across_the_lap_because_the_layers_shape_invariant_is_the_same_pure_number_at_every_point_of_the_bead.py	"not a diffeomorphism"	PAPER	MULTI
receipts/P15_CR_cosmology/P15_the_constant_r_foliation_carries_the_sphere_across_the_lap_because_the_layers_shape_invariant_is_the_same_pure_number_at_every_point_of_the_bead.py	"r(\\tau,\\chi)=r(\\tau+\\chi)"	PAPER	
receipts/P15_CR_cosmology/P15_the_constant_r_foliation_carries_the_sphere_across_the_lap_because_the_layers_shape_invariant_is_the_same_pure_number_at_every_point_of_the_bead.py	"the cosmic layers are the surfaces of constant areal radius"	PAPER	
receipts/P15_CR_cosmology/P15_the_constant_r_foliation_carries_the_sphere_across_the_lap_because_the_layers_shape_invariant_is_the_same_pure_number_at_every_point_of_the_bead.py	"the round shape is not carried to the seam"	PAPER	ALT
receipts/P15_CR_cosmology/P15_the_constant_r_foliation_carries_the_sphere_across_the_lap_because_the_layers_shape_invariant_is_the_same_pure_number_at_every_point_of_the_bead.py	"work this paper does not carry"	PAPER	ALT,OPEN
receipts/P15_CR_cosmology/P15_the_construction_fixes_no_closed_layer_radius_because_the_nariai_mass_closes_the_route_that_fixes_it_in_de_sitter_and_the_one_radius_it_does_fix_is_alpha.py	"D_C/r_0\\approx2.774"	PAPER	MULTI,SECSHARED
receipts/P15_CR_cosmology/P15_the_construction_fixes_no_closed_layer_radius_because_the_nariai_mass_closes_the_route_that_fixes_it_in_de_sitter_and_the_one_radius_it_does_fix_is_alpha.py	"The constant-$\\tau$ slice is exactly flat $\\mathbb{R}^3$."	PAPER	
receipts/P15_CR_cosmology/P15_the_construction_fixes_no_closed_layer_radius_because_the_nariai_mass_closes_the_route_that_fixes_it_in_de_sitter_and_the_one_radius_it_does_fix_is_alpha.py	"r_0\\approx5051"	PAPER	MULTI,SECSHARED
receipts/P15_CR_cosmology/P15_the_corpus_places_every_perturbation_source_before_the_branch_point_and_everything_after_it_is_transfer_so_nothing_already_built_supplies_anisotropic_content_on_the_expansion_leg.py	"Phi=3Phi_i(sinx-xcosx)/x^3"	SOURCE	
receipts/P15_CR_cosmology/P15_the_corpus_places_every_perturbation_source_before_the_branch_point_and_everything_after_it_is_transfer_so_nothing_already_built_supplies_anisotropic_content_on_the_expansion_leg.py	"The construction contains no such background"	SOURCE	LIST
receipts/P15_CR_cosmology/P15_the_corpus_places_every_perturbation_source_before_the_branch_point_and_everything_after_it_is_transfer_so_nothing_already_built_supplies_anisotropic_content_on_the_expansion_leg.py	"The first clause of that question has no object"	SOURCE	LIST
receipts/P15_CR_cosmology/P15_the_corpus_places_every_perturbation_source_before_the_branch_point_and_everything_after_it_is_transfer_so_nothing_already_built_supplies_anisotropic_content_on_the_expansion_leg.py	"The isotropy is earned on the approach and preserved by the crossing"	SOURCE	LIST
receipts/P15_CR_cosmology/P15_the_corpus_places_every_perturbation_source_before_the_branch_point_and_everything_after_it_is_transfer_so_nothing_already_built_supplies_anisotropic_content_on_the_expansion_leg.py	"The second is the construction's recursion, and it does not run on modes"	SOURCE	LIST
receipts/P15_CR_cosmology/P15_the_corpus_places_every_perturbation_source_before_the_branch_point_and_everything_after_it_is_transfer_so_nothing_already_built_supplies_anisotropic_content_on_the_expansion_leg.py	"This construction supplies no free oscillation"	SOURCE	LIST
receipts/P15_CR_cosmology/P15_the_corpus_places_every_perturbation_source_before_the_branch_point_and_everything_after_it_is_transfer_so_nothing_already_built_supplies_anisotropic_content_on_the_expansion_leg.py	"a $k$-independent correction leaves a flat envelope flat"	SOURCE	
receipts/P15_CR_cosmology/P15_the_corpus_places_every_perturbation_source_before_the_branch_point_and_everything_after_it_is_transfer_so_nothing_already_built_supplies_anisotropic_content_on_the_expansion_leg.py	"a property of the progenitor's collapse history rather than of the crossing"	SOURCE	LIST
receipts/P15_CR_cosmology/P15_the_corpus_places_every_perturbation_source_before_the_branch_point_and_everything_after_it_is_transfer_so_nothing_already_built_supplies_anisotropic_content_on_the_expansion_leg.py	"how much anisotropy survives is fixed by the approach against the leg's duration"	SOURCE	LIST
receipts/P15_CR_cosmology/P15_the_corpus_places_every_perturbation_source_before_the_branch_point_and_everything_after_it_is_transfer_so_nothing_already_built_supplies_anisotropic_content_on_the_expansion_leg.py	"named here as owed and developed in neither this paper nor the bead"	SOURCE	ALT,OPEN
receipts/P15_CR_cosmology/P15_the_corpus_places_every_perturbation_source_before_the_branch_point_and_everything_after_it_is_transfer_so_nothing_already_built_supplies_anisotropic_content_on_the_expansion_leg.py	"ordinary content physics on the observable leg"	SOURCE	
receipts/P15_CR_cosmology/P15_the_corpus_places_every_perturbation_source_before_the_branch_point_and_everything_after_it_is_transfer_so_nothing_already_built_supplies_anisotropic_content_on_the_expansion_leg.py	"scalar perturbation sector}, companion paper (P15)"	SOURCE	
receipts/P15_CR_cosmology/P15_the_corpus_places_every_perturbation_source_before_the_branch_point_and_everything_after_it_is_transfer_so_nothing_already_built_supplies_anisotropic_content_on_the_expansion_leg.py	"seeded at the finite-curvature horizon seam, never at a curvature singularity"	SOURCE	LIST
receipts/P15_CR_cosmology/P15_the_corpus_places_every_perturbation_source_before_the_branch_point_and_everything_after_it_is_transfer_so_nothing_already_built_supplies_anisotropic_content_on_the_expansion_leg.py	"the cosmology it seeds begins at the branch point"	SOURCE	LIST
receipts/P15_CR_cosmology/P15_the_corpus_places_every_perturbation_source_before_the_branch_point_and_everything_after_it_is_transfer_so_nothing_already_built_supplies_anisotropic_content_on_the_expansion_leg.py	"there is no interval in which anything could act"	SOURCE	LIST
receipts/P15_CR_cosmology/P15_the_corpus_places_every_perturbation_source_before_the_branch_point_and_everything_after_it_is_transfer_so_nothing_already_built_supplies_anisotropic_content_on_the_expansion_leg.py	"x=keta/sqrt3"	SOURCE	
receipts/P15_CR_cosmology/P15_the_coupling_is_measured_and_negative_and_the_contribution_is_undetermined_because_its_input_is.py	"AND THE OUTCOMES"	SOURCE	
receipts/P15_CR_cosmology/P15_the_coupling_is_measured_and_negative_and_the_contribution_is_undetermined_because_its_input_is.py	"DISAGREE IN SIGN"	SOURCE	
receipts/P15_CR_cosmology/P15_the_coupling_is_measured_and_negative_and_the_contribution_is_undetermined_because_its_input_is.py	"FAIL TO DECIDE"	SOURCE	
receipts/P15_CR_cosmology/P15_the_coupling_is_measured_and_negative_and_the_contribution_is_undetermined_because_its_input_is.py	"THE NULL"	SOURCE	
receipts/P15_CR_cosmology/P15_the_coupling_is_measured_and_negative_and_the_contribution_is_undetermined_because_its_input_is.py	"oscillation amplitude relative to the monopole"	SOURCE	
receipts/P15_CR_cosmology/P15_the_coupling_is_measured_and_negative_and_the_contribution_is_undetermined_because_its_input_is.py	"revisit the envelope question to settle it"	SOURCE	
receipts/P15_CR_cosmology/P15_the_coupling_is_measured_and_negative_and_the_contribution_is_undetermined_because_its_input_is.py	"stated before use"	SOURCE	
receipts/P15_CR_cosmology/P15_the_dipole_parenthesis_is_right_on_its_own_tower_and_does_not_reach_the_other_one_because_the_scalar_floor_is_a_vanishing_traceless_hessian_and_the_tensor_floor_is_an_empty_degree.py	"If it vanishes at degree 2 as well"	SOURCE	
receipts/P15_CR_cosmology/P15_the_dipole_parenthesis_is_right_on_its_own_tower_and_does_not_reach_the_other_one_because_the_scalar_floor_is_a_vanishing_traceless_hessian_and_the_tensor_floor_is_an_empty_degree.py	"NOT a second derivation of"	SOURCE	
receipts/P15_CR_cosmology/P15_the_dipole_parenthesis_is_right_on_its_own_tower_and_does_not_reach_the_other_one_because_the_scalar_floor_is_a_vanishing_traceless_hessian_and_the_tensor_floor_is_an_empty_degree.py	"is non-zero at degree 1"	SOURCE	
receipts/P15_CR_cosmology/P15_the_dipole_parenthesis_is_right_on_its_own_tower_and_does_not_reach_the_other_one_because_the_scalar_floor_is_a_vanishing_traceless_hessian_and_the_tensor_floor_is_an_empty_degree.py	"it constrains what may be cited for it"	SOURCE	
receipts/P15_CR_cosmology/P15_the_dipole_parenthesis_is_right_on_its_own_tower_and_does_not_reach_the_other_one_because_the_scalar_floor_is_a_vanishing_traceless_hessian_and_the_tensor_floor_is_an_empty_degree.py	"k_L=\\sqrt{L(L+2)}/r_0"	PAPER	MULTI,SECSHARED
receipts/P15_CR_cosmology/P15_the_dipole_parenthesis_is_right_on_its_own_tower_and_does_not_reach_the_other_one_because_the_scalar_floor_is_a_vanishing_traceless_hessian_and_the_tensor_floor_is_an_empty_degree.py	"must not report that negative as though it strengthened the floor"	SOURCE	
receipts/P15_CR_cosmology/P15_the_dipole_parenthesis_is_right_on_its_own_tower_and_does_not_reach_the_other_one_because_the_scalar_floor_is_a_vanishing_traceless_hessian_and_the_tensor_floor_is_an_empty_degree.py	"non-zero from degree 2 up"	SOURCE	
receipts/P15_CR_cosmology/P15_the_dipole_parenthesis_is_right_on_its_own_tower_and_does_not_reach_the_other_one_because_the_scalar_floor_is_a_vanishing_traceless_hessian_and_the_tensor_floor_is_an_empty_degree.py	"the $S^3$ tensor tower starts at $L=2$ and has no $k=0$ member"	PAPER	
receipts/P15_CR_cosmology/P15_the_dipole_parenthesis_is_right_on_its_own_tower_and_does_not_reach_the_other_one_because_the_scalar_floor_is_a_vanishing_traceless_hessian_and_the_tensor_floor_is_an_empty_degree.py	"the dipole $L=1$ pure gauge"	PAPER	
receipts/P15_CR_cosmology/P15_the_dipole_parenthesis_is_right_on_its_own_tower_and_does_not_reach_the_other_one_because_the_scalar_floor_is_a_vanishing_traceless_hessian_and_the_tensor_floor_is_an_empty_degree.py	"the lowest physical mode the quadrupole $L=2$ (the monopole $L=0$ is the background, the dipole $L=1$ pure gauge)"	PAPER	
receipts/P15_CR_cosmology/P15_the_dipole_parenthesis_is_right_on_its_own_tower_and_does_not_reach_the_other_one_because_the_scalar_floor_is_a_vanishing_traceless_hessian_and_the_tensor_floor_is_an_empty_degree.py	"then `r7175` is right"	SOURCE	
receipts/P15_CR_cosmology/P15_the_dipole_parenthesis_is_right_on_its_own_tower_and_does_not_reach_the_other_one_because_the_scalar_floor_is_a_vanishing_traceless_hessian_and_the_tensor_floor_is_an_empty_degree.py	"two different statements that happen to"	SOURCE	
receipts/P15_CR_cosmology/P15_the_dipole_parenthesis_is_right_on_its_own_tower_and_does_not_reach_the_other_one_because_the_scalar_floor_is_a_vanishing_traceless_hessian_and_the_tensor_floor_is_an_empty_degree.py	"vanishes identically"	SOURCE	
receipts/P15_CR_cosmology/P15_the_exact_transmission_ratios_are_recomputed_and_the_offset_saturates.py	"gives exact/WKB ratios of ((?:\\$\\d+\\.\\d+\\$[,\\s]+(?:and\\s+)?){4}\\$\\d+\\.\\d+\\$) at \\$\\\\ell=([\\d,]+)\\$"	SOURCE	
receipts/P15_CR_cosmology/P15_the_expansion_in_the_de_sitter_presentation_is_not_bounded_either_because_the_sphere_lives_at_zero_mass_and_the_observer_at_the_nariai_one_and_both_closed_kernels_are_excluded_by_the_comb.py	"In the de~Sitter presentation the layer \\emph{is} the $S^3$"	PAPER	
receipts/P15_CR_cosmology/P15_the_expansion_in_the_de_sitter_presentation_is_not_bounded_either_because_the_sphere_lives_at_zero_mass_and_the_observer_at_the_nariai_one_and_both_closed_kernels_are_excluded_by_the_comb.py	"The constant-$\\tau$ slice is exactly flat $\\mathbb{R}^3$."	PAPER	
receipts/P15_CR_cosmology/P15_the_expansion_in_the_de_sitter_presentation_is_not_bounded_either_because_the_sphere_lives_at_zero_mass_and_the_observer_at_the_nariai_one_and_both_closed_kernels_are_excluded_by_the_comb.py	"The reassignment promotes one bundle to the fundamental timelike congruence"	PAPER	
receipts/P15_CR_cosmology/P15_the_expansion_in_the_de_sitter_presentation_is_not_bounded_either_because_the_sphere_lives_at_zero_mass_and_the_observer_at_the_nariai_one_and_both_closed_kernels_are_excluded_by_the_comb.py	"all matter falls uniformly along null lines at constant velocity in the expanding sphere's Hopf fibration"	PAPER	
receipts/P15_CR_cosmology/P15_the_expansion_in_the_de_sitter_presentation_is_not_bounded_either_because_the_sphere_lives_at_zero_mass_and_the_observer_at_the_nariai_one_and_both_closed_kernels_are_excluded_by_the_comb.py	"null bundles on the cosmological horn carries the late-time matter geodesics"	PAPER	
receipts/P15_CR_cosmology/P15_the_expansion_in_the_de_sitter_presentation_is_not_bounded_either_because_the_sphere_lives_at_zero_mass_and_the_observer_at_the_nariai_one_and_both_closed_kernels_are_excluded_by_the_comb.py	"r_0\\approx5051"	PAPER	MULTI,SECSHARED
receipts/P15_CR_cosmology/P15_the_expansion_in_the_de_sitter_presentation_is_not_bounded_either_because_the_sphere_lives_at_zero_mass_and_the_observer_at_the_nariai_one_and_both_closed_kernels_are_excluded_by_the_comb.py	"the Hopf direction having been traded into $\\chi$"	PAPER	
receipts/P15_CR_cosmology/P15_the_expansion_in_the_de_sitter_presentation_is_not_bounded_either_because_the_sphere_lives_at_zero_mass_and_the_observer_at_the_nariai_one_and_both_closed_kernels_are_excluded_by_the_comb.py	"the at-rest geodesics are the photon bundle"	PAPER	
receipts/P15_CR_cosmology/P15_the_expansion_in_the_de_sitter_presentation_is_not_bounded_either_because_the_sphere_lives_at_zero_mass_and_the_observer_at_the_nariai_one_and_both_closed_kernels_are_excluded_by_the_comb.py	"the closed $S^3$ of the $\\cosh$-law cosmology"	PAPER	
receipts/P15_CR_cosmology/P15_the_first_peak_figure_is_not_stable.py	"np.cos(k*rs)"	SOURCE	
receipts/P15_CR_cosmology/P15_the_first_peak_figure_is_not_stable.py	"rs=147.0"	SOURCE	
receipts/P15_CR_cosmology/P15_the_fit_has_the_controls_freedom_and_the_contrast_the_data_ask_for_lies_outside_every_direction_it_has.py	"ZSTART', '3e7"	SOURCE	ALT
receipts/P15_CR_cosmology/P15_the_fit_has_the_controls_freedom_and_the_contrast_the_data_ask_for_lies_outside_every_direction_it_has.py	"ZSTART=3.0e7"	SOURCE	ALT
receipts/P15_CR_cosmology/P15_the_fit_has_the_controls_freedom_and_the_contrast_the_data_ask_for_lies_outside_every_direction_it_has.py	"ZSTART=3e7"	SOURCE	ALT
receipts/P15_CR_cosmology/P15_the_fitted_onset_is_the_wrong_clocks_artefact_because_the_stacking_ruler_keeps_a_square_root_memory_of_the_start_and_the_leaf_ruler_keeps_none.py	"6764 either way"	PAPER	
receipts/P15_CR_cosmology/P15_the_fitted_onset_is_the_wrong_clocks_artefact_because_the_stacking_ruler_keeps_a_square_root_memory_of_the_start_and_the_leaf_ruler_keeps_none.py	"Both are correct."	PAPER	
receipts/P15_CR_cosmology/P15_the_fitted_onset_is_the_wrong_clocks_artefact_because_the_stacking_ruler_keeps_a_square_root_memory_of_the_start_and_the_leaf_ruler_keeps_none.py	"D_M = eta_0 - eta_rec"	SOURCE	
receipts/P15_CR_cosmology/P15_the_fitted_onset_is_the_wrong_clocks_artefact_because_the_stacking_ruler_keeps_a_square_root_memory_of_the_start_and_the_leaf_ruler_keeps_none.py	"Do NOT unify them"	PAPER	
receipts/P15_CR_cosmology/P15_the_fitted_onset_is_the_wrong_clocks_artefact_because_the_stacking_ruler_keeps_a_square_root_memory_of_the_start_and_the_leaf_ruler_keeps_none.py	"FNU, Z_REC = 0.4052, 1089.9"	SOURCE	
receipts/P15_CR_cosmology/P15_the_fitted_onset_is_the_wrong_clocks_artefact_because_the_stacking_ruler_keeps_a_square_root_memory_of_the_start_and_the_leaf_ruler_keeps_none.py	"H0, OM, OMBH2 = 73.00, 0.3066, 0.0224"	SOURCE	
receipts/P15_CR_cosmology/P15_the_fitted_onset_is_the_wrong_clocks_artefact_because_the_stacking_ruler_keeps_a_square_root_memory_of_the_start_and_the_leaf_ruler_keeps_none.py	"Hgeom = Hleaf if LEAFGEOM else Hphys"	SOURCE	
receipts/P15_CR_cosmology/P15_the_fitted_onset_is_the_wrong_clocks_artefact_because_the_stacking_ruler_keeps_a_square_root_memory_of_the_start_and_the_leaf_ruler_keeps_none.py	"Hrec = Hleaf if LEAFREC else Hgeom"	SOURCE	
receipts/P15_CR_cosmology/P15_the_fitted_onset_is_the_wrong_clocks_artefact_because_the_stacking_ruler_keeps_a_square_root_memory_of_the_start_and_the_leaf_ruler_keeps_none.py	"IS Jac-weighted under `LEAFSCALES`"	PAPER	
receipts/P15_CR_cosmology/P15_the_fitted_onset_is_the_wrong_clocks_artefact_because_the_stacking_ruler_keeps_a_square_root_memory_of_the_start_and_the_leaf_ruler_keeps_none.py	"LEAFGEOM = os.environ.get('LEAFGEOM', '0') == '1'"	SOURCE	
receipts/P15_CR_cosmology/P15_the_fitted_onset_is_the_wrong_clocks_artefact_because_the_stacking_ruler_keeps_a_square_root_memory_of_the_start_and_the_leaf_ruler_keeps_none.py	"LEAFPERT = os.environ.get('STACKPERT', '0') != '1'"	SOURCE	
receipts/P15_CR_cosmology/P15_the_fitted_onset_is_the_wrong_clocks_artefact_because_the_stacking_ruler_keeps_a_square_root_memory_of_the_start_and_the_leaf_ruler_keeps_none.py	"LEAFREC = os.environ.get('LEAFREC', '1') == '1'"	SOURCE	
receipts/P15_CR_cosmology/P15_the_fitted_onset_is_the_wrong_clocks_artefact_because_the_stacking_ruler_keeps_a_square_root_memory_of_the_start_and_the_leaf_ruler_keeps_none.py	"LEAFSCALES = os.environ.get('LEAFSCALES', '0') == '1'"	SOURCE	
receipts/P15_CR_cosmology/P15_the_fitted_onset_is_the_wrong_clocks_artefact_because_the_stacking_ruler_keeps_a_square_root_memory_of_the_start_and_the_leaf_ruler_keeps_none.py	"RAD_IN_RATE = False"	SOURCE	
receipts/P15_CR_cosmology/P15_the_fitted_onset_is_the_wrong_clocks_artefact_because_the_stacking_ruler_keeps_a_square_root_memory_of_the_start_and_the_leaf_ruler_keeps_none.py	"THE INSTRUMENT CARRIES TWO SOUND HORIZONS BY DESIGN"	PAPER	
receipts/P15_CR_cosmology/P15_the_fitted_onset_is_the_wrong_clocks_artefact_because_the_stacking_ruler_keeps_a_square_root_memory_of_the_start_and_the_leaf_ruler_keeps_none.py	"There is no early-universe parameter among them"	PAPER	
receipts/P15_CR_cosmology/P15_the_fitted_onset_is_the_wrong_clocks_artefact_because_the_stacking_ruler_keeps_a_square_root_memory_of_the_start_and_the_leaf_ruler_keeps_none.py	"There is no locus at which the rate switches"	PAPER	
receipts/P15_CR_cosmology/P15_the_fitted_onset_is_the_wrong_clocks_artefact_because_the_stacking_ruler_keeps_a_square_root_memory_of_the_start_and_the_leaf_ruler_keeps_none.py	"This is forced by consistency: one may not take the rate geometric for the peak spacing and radiation-included for the diffusion"	PAPER	
receipts/P15_CR_cosmology/P15_the_fitted_onset_is_the_wrong_clocks_artefact_because_the_stacking_ruler_keeps_a_square_root_memory_of_the_start_and_the_leaf_ruler_keeps_none.py	"_VISLF = float(os.environ.get('VISLEAF', '0'))"	SOURCE	
receipts/P15_CR_cosmology/P15_the_fitted_onset_is_the_wrong_clocks_artefact_because_the_stacking_ruler_keeps_a_square_root_memory_of_the_start_and_the_leaf_ruler_keeps_none.py	"_kD2inv` already applies to itself"	PAPER	
receipts/P15_CR_cosmology/P15_the_fitted_onset_is_the_wrong_clocks_artefact_because_the_stacking_ruler_keeps_a_square_root_memory_of_the_start_and_the_leaf_ruler_keeps_none.py	"`hier_run` accepts all three and uses none."	PAPER	
receipts/P15_CR_cosmology/P15_the_fitted_onset_is_the_wrong_clocks_artefact_because_the_stacking_ruler_keeps_a_square_root_memory_of_the_start_and_the_leaf_ruler_keeps_none.py	"a band regression reads two oscillations out of phase"	SOURCE	
receipts/P15_CR_cosmology/P15_the_fitted_onset_is_the_wrong_clocks_artefact_because_the_stacking_ruler_keeps_a_square_root_memory_of_the_start_and_the_leaf_ruler_keeps_none.py	"a comoving separation read across leaves, $D_M$, $D_H$, $D_V$, the observable expansion---takes the stacking rate"	PAPER	
receipts/P15_CR_cosmology/P15_the_fitted_onset_is_the_wrong_clocks_artefact_because_the_stacking_ruler_keeps_a_square_root_memory_of_the_start_and_the_leaf_ruler_keeps_none.py	"a quantity computed from a process running \\emph{in} the content---the plasma's sound horizon, its diffusion length, recombination, the perturbations---takes the leaf's"	PAPER	
receipts/P15_CR_cosmology/P15_the_fitted_onset_is_the_wrong_clocks_artefact_because_the_stacking_ruler_keeps_a_square_root_memory_of_the_start_and_the_leaf_ruler_keeps_none.py	"an artefact of starting inside the horizon and NOT a fact about CR's driving"	PAPER	
receipts/P15_CR_cosmology/P15_the_fitted_onset_is_the_wrong_clocks_artefact_because_the_stacking_ruler_keeps_a_square_root_memory_of_the_start_and_the_leaf_ruler_keeps_none.py	"are DIAGNOSTICS of this instrument"	PAPER	
receipts/P15_CR_cosmology/P15_the_fitted_onset_is_the_wrong_clocks_artefact_because_the_stacking_ruler_keeps_a_square_root_memory_of_the_start_and_the_leaf_ruler_keeps_none.py	"brentq(lambda z: np.pi * D_M / rs_from(z) - _latarg, 1500., 5.0e6)"	SOURCE	
receipts/P15_CR_cosmology/P15_the_fitted_onset_is_the_wrong_clocks_artefact_because_the_stacking_ruler_keeps_a_square_root_memory_of_the_start_and_the_leaf_ruler_keeps_none.py	"eg = np\\.concatenate\\(\\[\\[_seed\\], _seed \\+ cumulative_trapezoid\\(C / \\(ag \\*\\* 2 \\* Hgeom\\(ag\\)\\), ag\\)\\]\\)"	SOURCE	
receipts/P15_CR_cosmology/P15_the_fitted_onset_is_the_wrong_clocks_artefact_because_the_stacking_ruler_keeps_a_square_root_memory_of_the_start_and_the_leaf_ruler_keeps_none.py	"moves the scale and not the peak, which is why the start is not free"	PAPER	
receipts/P15_CR_cosmology/P15_the_fitted_onset_is_the_wrong_clocks_artefact_because_the_stacking_ruler_keeps_a_square_root_memory_of_the_start_and_the_leaf_ruler_keeps_none.py	"reading a content process on the stacking rate, or a stacking quantity on the leaf's, is not a modelling choice but the reification the proposition forbids"	PAPER	
receipts/P15_CR_cosmology/P15_the_fitted_onset_is_the_wrong_clocks_artefact_because_the_stacking_ruler_keeps_a_square_root_memory_of_the_start_and_the_leaf_ruler_keeps_none.py	"rs_leaf 105.36 Mpc"	PAPER	
receipts/P15_CR_cosmology/P15_the_fitted_onset_is_the_wrong_clocks_artefact_because_the_stacking_ruler_keeps_a_square_root_memory_of_the_start_and_the_leaf_ruler_keeps_none.py	"runs \\$\\\\ell_\\{A\\}\\$ from \\$([\\d.]+)\\$ down to \\$([\\d.]+)\\$ while the first peak sits between \\$([\\d.]+)\\$ and \\$([\\d.]+)\\$ throughout"	PAPER	
receipts/P15_CR_cosmology/P15_the_fitted_onset_is_the_wrong_clocks_artefact_because_the_stacking_ruler_keeps_a_square_root_memory_of_the_start_and_the_leaf_ruler_keeps_none.py	"so $k/(aH)\\to0$ for every $k$"	PAPER	
receipts/P15_CR_cosmology/P15_the_fitted_onset_is_the_wrong_clocks_artefact_because_the_stacking_ruler_keeps_a_square_root_memory_of_the_start_and_the_leaf_ruler_keeps_none.py	"the scales the plasma itself accumulates---$\\rs$ and $r_D$---take the leaf's, together with recombination's microphysics and the perturbations"	PAPER	
receipts/P15_CR_cosmology/P15_the_fitted_onset_is_the_wrong_clocks_artefact_because_the_stacking_ruler_keeps_a_square_root_memory_of_the_start_and_the_leaf_ruler_keeps_none.py	"the sound horizon has no lower endpoint to place, so the angle is an output of the rate rather than a calibration of it"	PAPER	
receipts/P15_CR_cosmology/P15_the_fitted_onset_is_the_wrong_clocks_artefact_because_the_stacking_ruler_keeps_a_square_root_memory_of_the_start_and_the_leaf_ruler_keeps_none.py	"with the plasma handed over at the branch point there is no such start and no such amplitude"	PAPER	
receipts/P15_CR_cosmology/P15_the_fitted_onset_is_the_wrong_clocks_artefact_because_the_stacking_ruler_keeps_a_square_root_memory_of_the_start_and_the_leaf_ruler_keeps_none.py	"xe_history\\(lambda z: Hrec\\(1 / \\(1 \\+ z\\)\\)"	SOURCE	
receipts/P15_CR_cosmology/P15_the_four_dimensional_treatment_keeps_the_economy_and_keeps_more_of_it_but_in_the_sphere_label_so_the_bridge_exists_only_on_the_squashing_free_sector.py	"Hopf"	PAPER	ALT,MULTI,SECSHARED
receipts/P15_CR_cosmology/P15_the_four_dimensional_treatment_keeps_the_economy_and_keeps_more_of_it_but_in_the_sphere_label_so_the_bridge_exists_only_on_the_squashing_free_sector.py	"four-dimensional"	PAPER	ALT
receipts/P15_CR_cosmology/P15_the_free_streaming_knob_is_common_to_both_arms_and_the_switch_sweep_finds_no_further_shadow.py	"L_A"	SOURCE	ALT
receipts/P15_CR_cosmology/P15_the_free_streaming_knob_is_common_to_both_arms_and_the_switch_sweep_finds_no_further_shadow.py	"PEAKS (line-of-sight, HIERARCHY)"	SOURCE	
receipts/P15_CR_cosmology/P15_the_free_streaming_knob_is_common_to_both_arms_and_the_switch_sweep_finds_no_further_shadow.py	"RAD_IN_RATE = True"	SOURCE	
receipts/P15_CR_cosmology/P15_the_free_streaming_knob_is_common_to_both_arms_and_the_switch_sweep_finds_no_further_shadow.py	"R_S"	SOURCE	ALT
receipts/P15_CR_cosmology/P15_the_free_streaming_knob_is_common_to_both_arms_and_the_switch_sweep_finds_no_further_shadow.py	"_SRCE = os.environ.get('SRCETA')"	SOURCE	
receipts/P15_CR_cosmology/P15_the_free_streaming_knob_is_common_to_both_arms_and_the_switch_sweep_finds_no_further_shadow.py	"_SRCI = os.environ.get('SRCINJ')"	SOURCE	
receipts/P15_CR_cosmology/P15_the_free_streaming_knob_is_common_to_both_arms_and_the_switch_sweep_finds_no_further_shadow.py	"if RAD_IN_RATE: t = t + OR / a ** 4"	SOURCE	
receipts/P15_CR_cosmology/P15_the_freezing_census_is_the_vacuum_curves_own_rate_on_the_branch_the_lift_is_not_on_and_the_turnaround_figure_is_exactly_zero_there.py	"$1.96$ at $\\lvert r\\rvert=0.1\\,\\alpha$"	PAPER	
receipts/P15_CR_cosmology/P15_the_freezing_census_is_the_vacuum_curves_own_rate_on_the_branch_the_lift_is_not_on_and_the_turnaround_figure_is_exactly_zero_there.py	"A_RAD = 4.0 * MASS * R_SEAM"	SOURCE	
receipts/P15_CR_cosmology/P15_the_freezing_census_is_the_vacuum_curves_own_rate_on_the_branch_the_lift_is_not_on_and_the_turnaround_figure_is_exactly_zero_there.py	"Take the vacuum case A=0 first, which is the pure bead"	SOURCE	
receipts/P15_CR_cosmology/P15_the_freezing_census_is_the_vacuum_curves_own_rate_on_the_branch_the_lift_is_not_on_and_the_turnaround_figure_is_exactly_zero_there.py	"aH = np.sqrt(rH2(r)) / _ref"	SOURCE	
receipts/P15_CR_cosmology/P15_the_freezing_census_is_the_vacuum_curves_own_rate_on_the_branch_the_lift_is_not_on_and_the_turnaround_figure_is_exactly_zero_there.py	"def rH2(r, A=0.0)"	SOURCE	
receipts/P15_CR_cosmology/P15_the_freezing_census_is_the_vacuum_curves_own_rate_on_the_branch_the_lift_is_not_on_and_the_turnaround_figure_is_exactly_zero_there.py	"def rH2(rr, A=0.0)"	SOURCE	
receipts/P15_CR_cosmology/P15_the_harmonic_expansion_in_the_proper_frame_is_not_bounded_because_no_slicing_of_it_carries_both_the_discrete_source_and_the_projection_distance.py	"A.Hphys"	SOURCE	
receipts/P15_CR_cosmology/P15_the_harmonic_expansion_in_the_proper_frame_is_not_bounded_because_no_slicing_of_it_carries_both_the_discrete_source_and_the_projection_distance.py	"D_C/r_0\\approx2.774"	PAPER	MULTI,SECSHARED
receipts/P15_CR_cosmology/P15_the_harmonic_expansion_in_the_proper_frame_is_not_bounded_because_no_slicing_of_it_carries_both_the_discrete_source_and_the_projection_distance.py	"D_C\\approx1.4011\\times10^{4}"	PAPER	MULTI,SECSHARED
receipts/P15_CR_cosmology/P15_the_harmonic_expansion_in_the_proper_frame_is_not_bounded_because_no_slicing_of_it_carries_both_the_discrete_source_and_the_projection_distance.py	"OR / a ** 4"	SOURCE	
receipts/P15_CR_cosmology/P15_the_harmonic_expansion_in_the_proper_frame_is_not_bounded_because_no_slicing_of_it_carries_both_the_discrete_source_and_the_projection_distance.py	"The constant-$\\tau$ slice is exactly flat $\\mathbb{R}^3$."	PAPER	
receipts/P15_CR_cosmology/P15_the_harmonic_expansion_in_the_proper_frame_is_not_bounded_because_no_slicing_of_it_carries_both_the_discrete_source_and_the_projection_distance.py	"\\ell_2\\approx7.8"	PAPER	MULTI,SECSHARED
receipts/P15_CR_cosmology/P15_the_harmonic_expansion_in_the_proper_frame_is_not_bounded_because_no_slicing_of_it_carries_both_the_discrete_source_and_the_projection_distance.py	"def Hleaf"	SOURCE	
receipts/P15_CR_cosmology/P15_the_harmonic_expansion_in_the_proper_frame_is_not_bounded_because_no_slicing_of_it_carries_both_the_discrete_source_and_the_projection_distance.py	"ds^2=-d\\tau^2+(\\partial_\\chi r)^2\\,d\\chi^2+r^2 d\\Omega^2"	PAPER	
receipts/P15_CR_cosmology/P15_the_harmonic_expansion_in_the_proper_frame_is_not_bounded_because_no_slicing_of_it_carries_both_the_discrete_source_and_the_projection_distance.py	"flat distances and a closed $S^3$ of comoving worldlines coexist"	PAPER	
receipts/P15_CR_cosmology/P15_the_harmonic_expansion_in_the_proper_frame_is_not_bounded_because_no_slicing_of_it_carries_both_the_discrete_source_and_the_projection_distance.py	"if RAD_IN_RATE"	SOURCE	
receipts/P15_CR_cosmology/P15_the_harmonic_expansion_in_the_proper_frame_is_not_bounded_because_no_slicing_of_it_carries_both_the_discrete_source_and_the_projection_distance.py	"layers are the closed $S^3$"	PAPER	
receipts/P15_CR_cosmology/P15_the_harmonic_expansion_in_the_proper_frame_is_not_bounded_because_no_slicing_of_it_carries_both_the_discrete_source_and_the_projection_distance.py	"r(\\tau,\\chi)=r(\\tau+\\chi)"	PAPER	
receipts/P15_CR_cosmology/P15_the_harmonic_expansion_in_the_proper_frame_is_not_bounded_because_no_slicing_of_it_carries_both_the_discrete_source_and_the_projection_distance.py	"r_0\\approx5051"	PAPER	MULTI,SECSHARED
receipts/P15_CR_cosmology/P15_the_harmonic_expansion_in_the_proper_frame_is_not_bounded_because_no_slicing_of_it_carries_both_the_discrete_source_and_the_projection_distance.py	"read as a sphere in the de~Sitter presentation"	PAPER	
receipts/P15_CR_cosmology/P15_the_harmonic_expansion_in_the_proper_frame_is_not_bounded_because_no_slicing_of_it_carries_both_the_discrete_source_and_the_projection_distance.py	"redshift $1+z=r(\\tilde\\tau_0)/r(\\tilde\\tau_e)$"	PAPER	
receipts/P15_CR_cosmology/P15_the_harmonic_expansion_in_the_proper_frame_is_not_bounded_because_no_slicing_of_it_carries_both_the_discrete_source_and_the_projection_distance.py	"selects the Nariai member"	PAPER	MULTI
receipts/P15_CR_cosmology/P15_the_harmonic_expansion_in_the_proper_frame_is_not_bounded_because_no_slicing_of_it_carries_both_the_discrete_source_and_the_projection_distance.py	"the comoving angular-diameter distance is $D_M=D_C$"	PAPER	
receipts/P15_CR_cosmology/P15_the_harmonic_expansion_in_the_proper_frame_is_not_bounded_because_no_slicing_of_it_carries_both_the_discrete_source_and_the_projection_distance.py	"the ratio of the flat projection distance to the curvature radius"	PAPER	
receipts/P15_CR_cosmology/P15_the_harmonic_expansion_in_the_proper_frame_is_not_bounded_because_no_slicing_of_it_carries_both_the_discrete_source_and_the_projection_distance.py	"with $r_0$ the present $S^3$ areal radius"	PAPER	
receipts/P15_CR_cosmology/P15_the_held_period_estimator_reaches_below_the_floor_and_the_tooth_that_would_decide_cannot_be_applied.py	"THE FIRST NULL"	SOURCE	
receipts/P15_CR_cosmology/P15_the_held_period_estimator_reaches_below_the_floor_and_the_tooth_that_would_decide_cannot_be_applied.py	"THE SECOND NULL"	SOURCE	
receipts/P15_CR_cosmology/P15_the_held_period_estimator_reaches_below_the_floor_and_the_tooth_that_would_decide_cannot_be_applied.py	"committed at `r6993`"	SOURCE	ALT
receipts/P15_CR_cosmology/P15_the_held_period_estimator_reaches_below_the_floor_and_the_tooth_that_would_decide_cannot_be_applied.py	"r6993"	SOURCE	ALT
receipts/P15_CR_cosmology/P15_the_history_is_spherically_symmetric_throughout_so_the_chern_simons_number_never_moves.py	"a premise of the construction rather than a gap in it"	SOURCE	
receipts/P15_CR_cosmology/P15_the_history_is_spherically_symmetric_throughout_so_the_chern_simons_number_never_moves.py	"closed $S^3$"	SOURCE	
receipts/P15_CR_cosmology/P15_the_history_is_spherically_symmetric_throughout_so_the_chern_simons_number_never_moves.py	"does not \\emph{select} it"	PAPER	ALT,MULTI
receipts/P15_CR_cosmology/P15_the_history_is_spherically_symmetric_throughout_so_the_chern_simons_number_never_moves.py	"one may not drop the symmetry and keep the locus"	SOURCE	
receipts/P15_CR_cosmology/P15_the_history_is_spherically_symmetric_throughout_so_the_chern_simons_number_never_moves.py	"permits the chirality-asymmetric action"	PAPER	ALT
receipts/P15_CR_cosmology/P15_the_history_is_spherically_symmetric_throughout_so_the_chern_simons_number_never_moves.py	"tensor tower starts at $L=2$"	SOURCE	
receipts/P15_CR_cosmology/P15_the_history_is_spherically_symmetric_throughout_so_the_chern_simons_number_never_moves.py	"torus block"	SOURCE	
receipts/P15_CR_cosmology/P15_the_history_is_spherically_symmetric_throughout_so_the_chern_simons_number_never_moves.py	"whatever excludes it does so through"	PAPER	
receipts/P15_CR_cosmology/P15_the_joint_fit_leaves_the_gaussian_and_the_bound_was_chi2_not_sigma.py	"0.26 chi^2 per bin"	SOURCE	
receipts/P15_CR_cosmology/P15_the_joint_fit_leaves_the_gaussian_and_the_bound_was_chi2_not_sigma.py	"0.26 sigma per bin"	SOURCE	
receipts/P15_CR_cosmology/P15_the_joint_fit_leaves_the_gaussian_and_the_bound_was_chi2_not_sigma.py	"0.92 per bin"	SOURCE	
receipts/P15_CR_cosmology/P15_the_joint_fit_leaves_the_gaussian_and_the_bound_was_chi2_not_sigma.py	"The instrument route is the more faithful of the two and it is the LARGER"	SOURCE	
receipts/P15_CR_cosmology/P15_the_joint_fit_leaves_the_gaussian_and_the_bound_was_chi2_not_sigma.py	"asserted at the weaker bound"	SOURCE	
receipts/P15_CR_cosmology/P15_the_joint_fit_leaves_the_gaussian_and_the_bound_was_chi2_not_sigma.py	"math.sqrt(c2_ / n_) < 1.1"	SOURCE	
receipts/P15_CR_cosmology/P15_the_kernels_distance_is_the_observers_own_flat_slice_so_the_rate_rule_does_reach_it_and_the_disagreement_with_the_sky_is_real.py	"Because the distance slicing is flat (Proposition~\\ref{prop:flat})"	PAPER	
receipts/P15_CR_cosmology/P15_the_kernels_distance_is_the_observers_own_flat_slice_so_the_rate_rule_does_reach_it_and_the_disagreement_with_the_sky_is_real.py	"D_C/r_0\\approx2.774"	PAPER	MULTI,SECSHARED
receipts/P15_CR_cosmology/P15_the_kernels_distance_is_the_observers_own_flat_slice_so_the_rate_rule_does_reach_it_and_the_disagreement_with_the_sky_is_real.py	"D_C\\approx1.4011\\times10^{4}"	PAPER	MULTI,SECSHARED
receipts/P15_CR_cosmology/P15_the_kernels_distance_is_the_observers_own_flat_slice_so_the_rate_rule_does_reach_it_and_the_disagreement_with_the_sky_is_real.py	"The constant-$\\tau$ slice is exactly flat $\\mathbb{R}^3$."	PAPER	
receipts/P15_CR_cosmology/P15_the_kernels_distance_is_the_observers_own_flat_slice_so_the_rate_rule_does_reach_it_and_the_disagreement_with_the_sky_is_real.py	"The non-synchrony $\\tilde\\tau=\\tau+\\chi$ is the decoupling itself"	PAPER	
receipts/P15_CR_cosmology/P15_the_kernels_distance_is_the_observers_own_flat_slice_so_the_rate_rule_does_reach_it_and_the_disagreement_with_the_sky_is_real.py	"\\ell_2\\approx7.8"	PAPER	MULTI,SECSHARED
receipts/P15_CR_cosmology/P15_the_kernels_distance_is_the_observers_own_flat_slice_so_the_rate_rule_does_reach_it_and_the_disagreement_with_the_sky_is_real.py	"a comoving separation read across leaves, $D_M$, $D_H$, $D_V$, the observable expansion---takes the stacking rate"	PAPER	
receipts/P15_CR_cosmology/P15_the_kernels_distance_is_the_observers_own_flat_slice_so_the_rate_rule_does_reach_it_and_the_disagreement_with_the_sky_is_real.py	"ds^2=-d\\tau^2+(\\partial_\\chi r)^2\\,d\\chi^2+r^2 d\\Omega^2"	PAPER	
receipts/P15_CR_cosmology/P15_the_kernels_distance_is_the_observers_own_flat_slice_so_the_rate_rule_does_reach_it_and_the_disagreement_with_the_sky_is_real.py	"hyperspherical transfer of a literal closed universe"	PAPER	MULTI,SECSHARED
receipts/P15_CR_cosmology/P15_the_kernels_distance_is_the_observers_own_flat_slice_so_the_rate_rule_does_reach_it_and_the_disagreement_with_the_sky_is_real.py	"k_L=\\sqrt{L(L+2)}/r_0"	PAPER	MULTI,SECSHARED
receipts/P15_CR_cosmology/P15_the_kernels_distance_is_the_observers_own_flat_slice_so_the_rate_rule_does_reach_it_and_the_disagreement_with_the_sky_is_real.py	"projected through the flat spherical Bessel $j_\\ell(k_L D_C)$"	PAPER	
receipts/P15_CR_cosmology/P15_the_kernels_distance_is_the_observers_own_flat_slice_so_the_rate_rule_does_reach_it_and_the_disagreement_with_the_sky_is_real.py	"prop:flat"	PAPER	MULTI,SECSHARED
receipts/P15_CR_cosmology/P15_the_kernels_distance_is_the_observers_own_flat_slice_so_the_rate_rule_does_reach_it_and_the_disagreement_with_the_sky_is_real.py	"r(\\tau,\\chi)=r(\\tau+\\chi)"	PAPER	
receipts/P15_CR_cosmology/P15_the_kernels_distance_is_the_observers_own_flat_slice_so_the_rate_rule_does_reach_it_and_the_disagreement_with_the_sky_is_real.py	"r(\\tilde\\tau)=\\left(\\frac{6GM}{\\Lambda c^2}\\right)^{1/3}\\sinh^{2/3}"	PAPER	
receipts/P15_CR_cosmology/P15_the_kernels_distance_is_the_observers_own_flat_slice_so_the_rate_rule_does_reach_it_and_the_disagreement_with_the_sky_is_real.py	"r_0\\approx5051"	PAPER	MULTI,SECSHARED
receipts/P15_CR_cosmology/P15_the_kernels_distance_is_the_observers_own_flat_slice_so_the_rate_rule_does_reach_it_and_the_disagreement_with_the_sky_is_real.py	"radiation is absent from the slicing operator's vacuum kernel"	PAPER	
receipts/P15_CR_cosmology/P15_the_kernels_distance_is_the_observers_own_flat_slice_so_the_rate_rule_does_reach_it_and_the_disagreement_with_the_sky_is_real.py	"redshift $1+z=r(\\tilde\\tau_0)/r(\\tilde\\tau_e)$"	PAPER	
receipts/P15_CR_cosmology/P15_the_kernels_distance_is_the_observers_own_flat_slice_so_the_rate_rule_does_reach_it_and_the_disagreement_with_the_sky_is_real.py	"the comoving angular-diameter distance is $D_M=D_C$"	PAPER	
receipts/P15_CR_cosmology/P15_the_kernels_distance_is_the_observers_own_flat_slice_so_the_rate_rule_does_reach_it_and_the_disagreement_with_the_sky_is_real.py	"the cosmogenesis \\emph{branch point} at $\\tilde\\tau=0$, where $r\\to0$, is the branch point of the scale factor rather than a real $r=0$ boundary"	PAPER	
receipts/P15_CR_cosmology/P15_the_kernels_distance_is_the_observers_own_flat_slice_so_the_rate_rule_does_reach_it_and_the_disagreement_with_the_sky_is_real.py	"verify\\_geometry.py"	PAPER	MULTI
receipts/P15_CR_cosmology/P15_the_ladders_discreteness_does_not_set_the_spectrum_and_the_check_was_run_in_pieces.py	"KSLICE"	SOURCE	
receipts/P15_CR_cosmology/P15_the_laws_six_of_seven_is_five_at_the_quoted_floor_which_is_one_phases_and_with_the_instruments_own_error_divided_out_all_seven_hold.py	"A0, P0, PH0 = ([\\d.]+), ([\\d.]+), ([\\d.]+)"	SOURCE	
receipts/P15_CR_cosmology/P15_the_layer_is_R_times_S2_on_the_reassigned_chart_and_the_two_presentations_are_two_metrics_on_one_layering_related_by_the_null_reassignment.py	"P15_the_constant_r_foliation_carries_the_sphere_across_the_lap"	PAPER	ALT
receipts/P15_CR_cosmology/P15_the_layer_is_R_times_S2_on_the_reassigned_chart_and_the_two_presentations_are_two_metrics_on_one_layering_related_by_the_null_reassignment.py	"P15_the_sheared_layers_invariant_is_obtained_in_closed_form"	PAPER	ALT
receipts/P15_CR_cosmology/P15_the_layer_is_R_times_S2_on_the_reassigned_chart_and_the_two_presentations_are_two_metrics_on_one_layering_related_by_the_null_reassignment.py	"as a conjecture and do not claim it as a theorem"	PAPER	ALT,OPEN
receipts/P15_CR_cosmology/P15_the_layer_is_R_times_S2_on_the_reassigned_chart_and_the_two_presentations_are_two_metrics_on_one_layering_related_by_the_null_reassignment.py	"eq:shape-invariant"	PAPER	ALT,MULTI,SECSHARED
receipts/P15_CR_cosmology/P15_the_layer_is_R_times_S2_on_the_reassigned_chart_and_the_two_presentations_are_two_metrics_on_one_layering_related_by_the_null_reassignment.py	"is what keeps that reassignment well defined across the lap"	PAPER	
receipts/P15_CR_cosmology/P15_the_layer_is_R_times_S2_on_the_reassigned_chart_and_the_two_presentations_are_two_metrics_on_one_layering_related_by_the_null_reassignment.py	"reached from one another by the reassignment of the null condition"	PAPER	
receipts/P15_CR_cosmology/P15_the_layer_is_R_times_S2_on_the_reassigned_chart_and_the_two_presentations_are_two_metrics_on_one_layering_related_by_the_null_reassignment.py	"registers that the reassignment is not a diffeomorphism"	PAPER	
receipts/P15_CR_cosmology/P15_the_layer_is_R_times_S2_on_the_reassigned_chart_and_the_two_presentations_are_two_metrics_on_one_layering_related_by_the_null_reassignment.py	"the Kretschmann scalar is $48M^2/r^6+24/\\alpha^4$"	PAPER	
receipts/P15_CR_cosmology/P15_the_layer_is_R_times_S2_on_the_reassigned_chart_and_the_two_presentations_are_two_metrics_on_one_layering_related_by_the_null_reassignment.py	"the cosmic layers are the surfaces of constant areal radius"	PAPER	
receipts/P15_CR_cosmology/P15_the_layer_is_R_times_S2_on_the_reassigned_chart_and_the_two_presentations_are_two_metrics_on_one_layering_related_by_the_null_reassignment.py	"the round shape is not carried to the seam"	PAPER	ALT
receipts/P15_CR_cosmology/P15_the_layer_is_R_times_S2_on_the_reassigned_chart_and_the_two_presentations_are_two_metrics_on_one_layering_related_by_the_null_reassignment.py	"they are \\emph{not} two coordinate presentations of a single metric"	PAPER	
receipts/P15_CR_cosmology/P15_the_layer_is_R_times_S2_on_the_reassigned_chart_and_the_two_presentations_are_two_metrics_on_one_layering_related_by_the_null_reassignment.py	"two metrics carried on one ontological layering"	PAPER	
receipts/P15_CR_cosmology/P15_the_layer_is_R_times_S2_on_the_reassigned_chart_and_the_two_presentations_are_two_metrics_on_one_layering_related_by_the_null_reassignment.py	"work this paper does not carry"	PAPER	ALT,OPEN
receipts/P15_CR_cosmology/P15_the_layers_three_metric_obtained_by_restriction_is_timelike_through_the_whole_interior_of_the_lap_so_the_continuation_does_not_go_through_and_the_invariant_cannot_adjudicate_it.py	"P15_the_layers_three_metric_obtained_by_restriction_is_timelike"	PAPER	ALT
receipts/P15_CR_cosmology/P15_the_layers_three_metric_obtained_by_restriction_is_timelike_through_the_whole_interior_of_the_lap_so_the_continuation_does_not_go_through_and_the_invariant_cannot_adjudicate_it.py	"P15_the_sheared_layers_invariant_is_obtained_in_closed_form"	PAPER	ALT
receipts/P15_CR_cosmology/P15_the_layers_three_metric_obtained_by_restriction_is_timelike_through_the_whole_interior_of_the_lap_so_the_continuation_does_not_go_through_and_the_invariant_cannot_adjudicate_it.py	"the round shape is not carried to the seam"	PAPER	ALT
receipts/P15_CR_cosmology/P15_the_licensed_configuration_moves_neither_statistic_and_the_swing_was_read_above_where_it_converges.py	"k_max = (\\d+)/D_M against a reported l_max = (\\d+) -> ratio ([\\d.]+)"	SOURCE	
receipts/P15_CR_cosmology/P15_the_lifts_exact_envelope_on_the_carried_layer_is_a_one_parameter_deformation_indexed_by_the_hopf_charge_and_the_uniform_bound_is_not_attained.py	"Hopf charge"	PAPER	ALT
receipts/P15_CR_cosmology/P15_the_lifts_exact_envelope_on_the_carried_layer_is_a_one_parameter_deformation_indexed_by_the_hopf_charge_and_the_uniform_bound_is_not_attained.py	"P15_the_lifts_exact_envelope_on_the_carried_layer"	PAPER	ALT
receipts/P15_CR_cosmology/P15_the_likelihood_pair_is_another_instruments_and_the_crossing_run_needed_a_missing_knob.py	"Dltt=Dltt*s"	SOURCE	
receipts/P15_CR_cosmology/P15_the_likelihood_pair_is_another_instruments_and_the_crossing_run_needed_a_missing_knob.py	"Dltt=d[2:lmax+1,0].copy()"	SOURCE	
receipts/P15_CR_cosmology/P15_the_likelihood_pair_is_another_instruments_and_the_crossing_run_needed_a_missing_knob.py	"H = Hleaf if LEAFSCALES else Hgeom"	SOURCE	
receipts/P15_CR_cosmology/P15_the_likelihood_pair_is_another_instruments_and_the_crossing_run_needed_a_missing_knob.py	"H0 = float(os.environ.get('CRH0', H0))"	SOURCE	
receipts/P15_CR_cosmology/P15_the_likelihood_pair_is_another_instruments_and_the_crossing_run_needed_a_missing_knob.py	"LEAFSCALES = os.environ.get('LEAFSCALES', '0') == '1'"	SOURCE	
receipts/P15_CR_cosmology/P15_the_likelihood_pair_is_another_instruments_and_the_crossing_run_needed_a_missing_knob.py	"OMBH2 = float(os.environ.get('WBH2', OMBH2))"	SOURCE	
receipts/P15_CR_cosmology/P15_the_likelihood_pair_is_another_instruments_and_the_crossing_run_needed_a_missing_knob.py	"_crom = os.environ.get('CROM')"	SOURCE	
receipts/P15_CR_cosmology/P15_the_likelihood_pair_is_another_instruments_and_the_crossing_run_needed_a_missing_knob.py	"if _crom and ARM != 'lcdm': OM = float(_crom)"	SOURCE	
receipts/P15_CR_cosmology/P15_the_likelihood_pair_is_another_instruments_and_the_crossing_run_needed_a_missing_knob.py	"np.exp(-(ell/lD)**2*(r**2-1))"	SOURCE	
receipts/P15_CR_cosmology/P15_the_likelihood_pair_is_another_instruments_and_the_crossing_run_needed_a_missing_knob.py	"os.environ.get('CRH0'"	SOURCE	
receipts/P15_CR_cosmology/P15_the_likelihood_pair_is_another_instruments_and_the_crossing_run_needed_a_missing_knob.py	"os.environ.get('CROM'"	SOURCE	
receipts/P15_CR_cosmology/P15_the_likelihood_pair_is_another_instruments_and_the_crossing_run_needed_a_missing_knob.py	"os.environ.get('WBH2'"	SOURCE	
receipts/P15_CR_cosmology/P15_the_likelihood_pair_is_another_instruments_and_the_crossing_run_needed_a_missing_knob.py	"the scales the plasma itself accumulates---$\\rs$ and $r_D$---take the leaf's"	PAPER	
receipts/P15_CR_cosmology/P15_the_likelihood_pair_is_another_instruments_and_the_crossing_run_needed_a_missing_knob.py	"which is what the adjudication asks for"	SOURCE	
receipts/P15_CR_cosmology/P15_the_likelihood_sees_the_step_and_separates_the_two_channels_so_the_demonstration_does_not_cover_it.py	"CAN SEPARATE THEM"	SOURCE	
receipts/P15_CR_cosmology/P15_the_likelihood_sees_the_step_and_separates_the_two_channels_so_the_demonstration_does_not_cover_it.py	"CANNOT SEPARATE THE CHANNELS AT BAND 1 EITHER"	SOURCE	
receipts/P15_CR_cosmology/P15_the_likelihood_sees_the_step_and_separates_the_two_channels_so_the_demonstration_does_not_cover_it.py	"What has already been looked at"	SOURCE	
receipts/P15_CR_cosmology/P15_the_likelihood_sees_the_step_and_separates_the_two_channels_so_the_demonstration_does_not_cover_it.py	"i am not pre-registering it as open"	SOURCE	OPEN
receipts/P15_CR_cosmology/P15_the_likelihood_sees_the_step_and_separates_the_two_channels_so_the_demonstration_does_not_cover_it.py	"is not comparable with a number from the other"	SOURCE	
receipts/P15_CR_cosmology/P15_the_likelihood_sees_the_step_and_separates_the_two_channels_so_the_demonstration_does_not_cover_it.py	"must not be"	SOURCE	
receipts/P15_CR_cosmology/P15_the_likelihood_sees_the_step_and_separates_the_two_channels_so_the_demonstration_does_not_cover_it.py	"noiseless"	SOURCE	
receipts/P15_CR_cosmology/P15_the_locus_is_wrong_in_six_places_and_the_lint_cannot_see_the_worst.py	"The branch point is sub-horizon for the acoustic modes"	PAPER	LIST
receipts/P15_CR_cosmology/P15_the_locus_is_wrong_in_six_places_and_the_lint_cannot_see_the_worst.py	"already sub-horizon at the branch point"	PAPER	LIST
receipts/P15_CR_cosmology/P15_the_locus_is_wrong_in_six_places_and_the_lint_cannot_see_the_worst.py	"branch point is far below their decoupling"	PAPER	
receipts/P15_CR_cosmology/P15_the_locus_is_wrong_in_six_places_and_the_lint_cannot_see_the_worst.py	"inside the horizon at the branch point"	PAPER	LIST
receipts/P15_CR_cosmology/P15_the_locus_is_wrong_in_six_places_and_the_lint_cannot_see_the_worst.py	"reaching the branch point with the same driving amplitude"	PAPER	LIST
receipts/P15_CR_cosmology/P15_the_locus_is_wrong_in_six_places_and_the_lint_cannot_see_the_worst.py	"the branch point sits on its rising branch"	PAPER	LIST
receipts/P15_CR_cosmology/P15_the_low_ell_minimum_is_at_ell_four.py	"$0.487$, $0.435$, $0.359$, $0.666$, $0.911$, $0.983$ and $0.998$"	PAPER	
receipts/P15_CR_cosmology/P15_the_low_ell_minimum_is_at_ell_four.py	"$\\Delta(-2\\ln L)=+1.6$ over $2\\le\\ell\\le10$"	PAPER	
receipts/P15_CR_cosmology/P15_the_low_ell_minimum_is_at_ell_four.py	"THE LOW-MULTIPOLE DEPTH GAP CLOSES"	SOURCE	
receipts/P15_CR_cosmology/P15_the_low_ell_minimum_is_at_ell_four.py	"TWO DEFECTS IN THE SECOND ARM"	SOURCE	
receipts/P15_CR_cosmology/P15_the_low_ell_minimum_is_at_ell_four.py	"The two independent Boltzmann treatments cross-validate the depth as well as the shape"	PAPER	
receipts/P15_CR_cosmology/P15_the_low_ell_minimum_is_at_ell_four.py	"Those figures are read through the exact transfer, and the photon hierarchy built for this programme"	PAPER	
receipts/P15_CR_cosmology/P15_the_low_ell_minimum_is_at_ell_four.py	"depth\\s*=\\s*\\{([^}]*)\\}"	SOURCE	
receipts/P15_CR_cosmology/P15_the_low_ell_minimum_is_at_ell_four.py	"for l in \\[2,\\s*3,\\s*4,"	SOURCE	
receipts/P15_CR_cosmology/P15_the_low_ell_minimum_is_at_ell_four.py	"on the exact transfer the deficit is \\$([\\d.]+)\\$, \\$([\\d.]+)\\$, \\$([\\d.]+)\\$, \\$([\\d.]+)\\$ of the flat expectation at \\$\\\\ell=2\\$ to \\$5\\$"	PAPER	
receipts/P15_CR_cosmology/P15_the_low_ell_minimum_is_at_ell_four.py	"the hierarchy agrees to three per cent at every multipole"	PAPER	
receipts/P15_CR_cosmology/P15_the_low_multipole_depth_gap_closes_and_two_defects_were_cancelling.py	"_ea = np.linspace(eg[1], eta_end, _NTAU)"	SOURCE	
receipts/P15_CR_cosmology/P15_the_low_multipole_depth_gap_closes_and_two_defects_were_cancelling.py	"taup_of = CubicSpline(_ea, _tpa)"	SOURCE	
receipts/P15_CR_cosmology/P15_the_low_multipole_floor_moves_with_no_background_and_the_factor_two_is_the_late_isw.py	"4.1833e-5/(H0/100)**2; Om=0.3150"	SOURCE	
receipts/P15_CR_cosmology/P15_the_lowell_sweep_is_reproduced_by_a_producer_in_the_repository_and_the_bank_is_that_producers_output_rounded.py	"import os, sys, contextlib, io"	SOURCE	
receipts/P15_CR_cosmology/P15_the_lowest_band_is_closed_by_the_fields_and_the_excess_deceleration_is_carried_by_it_alone.py	"FAIL TO DECIDE"	SOURCE	
receipts/P15_CR_cosmology/P15_the_lowest_band_is_closed_by_the_fields_and_the_excess_deceleration_is_carried_by_it_alone.py	"OUTCOMES FOR \u24f7"	SOURCE	
receipts/P15_CR_cosmology/P15_the_lowest_band_is_closed_by_the_fields_and_the_excess_deceleration_is_carried_by_it_alone.py	"WAYS \u24f5 CAN FAIL TO DECIDE"	SOURCE	
receipts/P15_CR_cosmology/P15_the_lowest_band_is_closed_by_the_fields_and_the_excess_deceleration_is_carried_by_it_alone.py	"bracketing criterion"	SOURCE	
receipts/P15_CR_cosmology/P15_the_lowest_band_is_closed_by_the_fields_and_the_excess_deceleration_is_carried_by_it_alone.py	"written after the two analyses were run"	SOURCE	
receipts/P15_CR_cosmology/P15_the_model_difference_is_an_acoustic_contrast_difference_and_it_is_not_one_skys_luck.py	"+ _DPSRC * np.gradient(g_ * tb, ee, axis=0)"	SOURCE	
receipts/P15_CR_cosmology/P15_the_model_difference_is_an_acoustic_contrast_difference_and_it_is_not_one_skys_luck.py	"_DPSRC *"	SOURCE	
receipts/P15_CR_cosmology/P15_the_model_difference_is_an_acoustic_contrast_difference_and_it_is_not_one_skys_luck.py	"_ISW * et *"	SOURCE	
receipts/P15_CR_cosmology/P15_the_model_difference_is_an_acoustic_contrast_difference_and_it_is_not_one_skys_luck.py	"_SWSRC * (Th0 + Ps)"	SOURCE	
receipts/P15_CR_cosmology/P15_the_model_difference_is_an_acoustic_contrast_difference_and_it_is_not_one_skys_luck.py	"_That0 = (-_T(xe) / 2.0) * np.ones(nk)"	SOURCE	
receipts/P15_CR_cosmology/P15_the_model_difference_is_an_acoustic_contrast_difference_and_it_is_not_one_skys_luck.py	"def"	SOURCE	
receipts/P15_CR_cosmology/P15_the_model_difference_is_an_acoustic_contrast_difference_and_it_is_not_one_skys_luck.py	"def _project"	SOURCE	
receipts/P15_CR_cosmology/P15_the_model_difference_is_an_acoustic_contrast_difference_and_it_is_not_one_skys_luck.py	"def los_spectrum"	SOURCE	
receipts/P15_CR_cosmology/P15_the_monopole_zero_point_is_not_the_channel_and_the_two_residuals_point_opposite_ways.py	"UNDAMPED Theta_0"	SOURCE	
receipts/P15_CR_cosmology/P15_the_monopole_zero_point_is_not_the_channel_and_the_two_residuals_point_opposite_ways.py	"_ZTH.append(_yl[:, 2] / 4)"	SOURCE	
receipts/P15_CR_cosmology/P15_the_monopole_zero_point_is_not_the_channel_and_the_two_residuals_point_opposite_ways.py	"def main():"	SOURCE	
receipts/P15_CR_cosmology/P15_the_monopole_zero_point_is_not_the_channel_and_the_two_residuals_point_opposite_ways.py	"if os.environ.get('LOS', '1') == '1':"	SOURCE	
receipts/P15_CR_cosmology/P15_the_monopole_zero_point_is_not_the_channel_and_the_two_residuals_point_opposite_ways.py	"visibility: peak at eta"	SOURCE	
receipts/P15_CR_cosmology/P15_the_null_harness_survives_its_one_assumption_except_for_the_misplaced_part_and_floors_a_phase_at_the_excess_but_not_at_the_spectrum.py	"0 of 2,000 draws reach the observed value"	SOURCE	
receipts/P15_CR_cosmology/P15_the_null_harness_survives_its_one_assumption_except_for_the_misplaced_part_and_floors_a_phase_at_the_excess_but_not_at_the_spectrum.py	"covariance the noise is DRAWN from"	SOURCE	
receipts/P15_CR_cosmology/P15_the_null_harness_survives_its_one_assumption_except_for_the_misplaced_part_and_floors_a_phase_at_the_excess_but_not_at_the_spectrum.py	"estimator is held fixed"	SOURCE	
receipts/P15_CR_cosmology/P15_the_one_fitted_number_moves_the_scale_and_not_the_peak.py	"R_S = rs_from(Z_START) if _rsfrom"	SOURCE	
receipts/P15_CR_cosmology/P15_the_one_fitted_number_moves_the_scale_and_not_the_peak.py	"There is no early-universe parameter among them"	PAPER	
receipts/P15_CR_cosmology/P15_the_one_fitted_number_moves_the_scale_and_not_the_peak.py	"Where the plasma starts moves the scale and not the peak, which is why the start is not free"	PAPER	
receipts/P15_CR_cosmology/P15_the_one_fitted_number_moves_the_scale_and_not_the_peak.py	"_rsfrom = os.environ.get('LRSFROM', 'zero')"	SOURCE	
receipts/P15_CR_cosmology/P15_the_one_fitted_number_moves_the_scale_and_not_the_peak.py	"an artefact of where the pin was put?"	SOURCE	
receipts/P15_CR_cosmology/P15_the_one_fitted_number_moves_the_scale_and_not_the_peak.py	"brentq(lambda z: np.pi * D_M / rs_from(z) - _latarg"	SOURCE	
receipts/P15_CR_cosmology/P15_the_one_fitted_number_moves_the_scale_and_not_the_peak.py	"rs_from(Z_START) if _rsfrom == 'start' else rs_from(1e8)"	SOURCE	
receipts/P15_CR_cosmology/P15_the_one_fitted_number_moves_the_scale_and_not_the_peak.py	"runs $\\ell_{A}$ from $360.6$ down to $239.3$ while the first peak sits between $204$ and $208$ throughout\\rcpt{P15_the_one_fitted_number_moves_the_scale_and_not_the_peak}"	PAPER	
receipts/P15_CR_cosmology/P15_the_one_ground_admits_exactly_one_independent_second_support_and_it_is_disqualified_because_the_rays_that_carry_the_flat_length_carry_a_blueshift.py	"$\\alpha/r_0=\\sqrt3/x_0=1.0320$"	PAPER	ALT
receipts/P15_CR_cosmology/P15_the_one_ground_admits_exactly_one_independent_second_support_and_it_is_disqualified_because_the_rays_that_carry_the_flat_length_carry_a_blueshift.py	"1.0320"	PAPER	ALT
receipts/P15_CR_cosmology/P15_the_one_ground_admits_exactly_one_independent_second_support_and_it_is_disqualified_because_the_rays_that_carry_the_flat_length_carry_a_blueshift.py	"A CANDIDATE EXISTS AND IS NOT INDEPENDENT"	SOURCE	LIST
receipts/P15_CR_cosmology/P15_the_one_ground_admits_exactly_one_independent_second_support_and_it_is_disqualified_because_the_rays_that_carry_the_flat_length_carry_a_blueshift.py	"A CANDIDATE IS INDEPENDENT AND CANNOT DISCRIMINATE"	SOURCE	LIST
receipts/P15_CR_cosmology/P15_the_one_ground_admits_exactly_one_independent_second_support_and_it_is_disqualified_because_the_rays_that_carry_the_flat_length_carry_a_blueshift.py	"A SECOND SUPPORT EXISTS AND DISCRIMINATES"	SOURCE	LIST
receipts/P15_CR_cosmology/P15_the_one_ground_admits_exactly_one_independent_second_support_and_it_is_disqualified_because_the_rays_that_carry_the_flat_length_carry_a_blueshift.py	"DISCRIMINATION."	SOURCE	
receipts/P15_CR_cosmology/P15_the_one_ground_admits_exactly_one_independent_second_support_and_it_is_disqualified_because_the_rays_that_carry_the_flat_length_carry_a_blueshift.py	"INDEPENDENCE."	SOURCE	
receipts/P15_CR_cosmology/P15_the_one_ground_admits_exactly_one_independent_second_support_and_it_is_disqualified_because_the_rays_that_carry_the_flat_length_carry_a_blueshift.py	"NO FITTING."	SOURCE	
receipts/P15_CR_cosmology/P15_the_one_ground_admits_exactly_one_independent_second_support_and_it_is_disqualified_because_the_rays_that_carry_the_flat_length_carry_a_blueshift.py	"THE SEARCH COMES BACK EMPTY"	SOURCE	LIST
receipts/P15_CR_cosmology/P15_the_one_ground_admits_exactly_one_independent_second_support_and_it_is_disqualified_because_the_rays_that_carry_the_flat_length_carry_a_blueshift.py	"The beam side"	SOURCE	LIST
receipts/P15_CR_cosmology/P15_the_one_ground_admits_exactly_one_independent_second_support_and_it_is_disqualified_because_the_rays_that_carry_the_flat_length_carry_a_blueshift.py	"The chart side"	SOURCE	LIST
receipts/P15_CR_cosmology/P15_the_one_ground_admits_exactly_one_independent_second_support_and_it_is_disqualified_because_the_rays_that_carry_the_flat_length_carry_a_blueshift.py	"The constant-$\\tau$ slice is exactly flat $\\mathbb{R}^3$"	PAPER	
receipts/P15_CR_cosmology/P15_the_one_ground_admits_exactly_one_independent_second_support_and_it_is_disqualified_because_the_rays_that_carry_the_flat_length_carry_a_blueshift.py	"The limit metric is Einstein with $R_{ab}=\\Lambda g_{ab}$, has $\\mathcal R=4\\Lambda$"	PAPER	
receipts/P15_CR_cosmology/P15_the_one_ground_admits_exactly_one_independent_second_support_and_it_is_disqualified_because_the_rays_that_carry_the_flat_length_carry_a_blueshift.py	"The mode side"	SOURCE	LIST
receipts/P15_CR_cosmology/P15_the_one_ground_admits_exactly_one_independent_second_support_and_it_is_disqualified_because_the_rays_that_carry_the_flat_length_carry_a_blueshift.py	"The observational side"	SOURCE	LIST
receipts/P15_CR_cosmology/P15_the_one_ground_admits_exactly_one_independent_second_support_and_it_is_disqualified_because_the_rays_that_carry_the_flat_length_carry_a_blueshift.py	"The thermodynamic/horizon side"	SOURCE	LIST
receipts/P15_CR_cosmology/P15_the_one_ground_admits_exactly_one_independent_second_support_and_it_is_disqualified_because_the_rays_that_carry_the_flat_length_carry_a_blueshift.py	"WHAT THIS REVISION WILL NOT DO"	SOURCE	
receipts/P15_CR_cosmology/P15_the_one_ground_admits_exactly_one_independent_second_support_and_it_is_disqualified_because_the_rays_that_carry_the_flat_length_carry_a_blueshift.py	"What it cannot do is be set up on the reassigned chart"	PAPER	
receipts/P15_CR_cosmology/P15_the_one_ground_admits_exactly_one_independent_second_support_and_it_is_disqualified_because_the_rays_that_carry_the_flat_length_carry_a_blueshift.py	"cannot tell the two cases apart is not"	SOURCE	
receipts/P15_CR_cosmology/P15_the_one_ground_admits_exactly_one_independent_second_support_and_it_is_disqualified_because_the_rays_that_carry_the_flat_length_carry_a_blueshift.py	"isometric through that reassignment and not through any change of coordinates"	PAPER	
receipts/P15_CR_cosmology/P15_the_one_ground_admits_exactly_one_independent_second_support_and_it_is_disqualified_because_the_rays_that_carry_the_flat_length_carry_a_blueshift.py	"not} the hyperspherical transfer of a literal closed universe"	PAPER	
receipts/P15_CR_cosmology/P15_the_one_ground_admits_exactly_one_independent_second_support_and_it_is_disqualified_because_the_rays_that_carry_the_flat_length_carry_a_blueshift.py	"redshift $1+z=r(\\tilde\\tau_0)/r(\\tilde\\tau_e)$"	PAPER	
receipts/P15_CR_cosmology/P15_the_one_ground_admits_exactly_one_independent_second_support_and_it_is_disqualified_because_the_rays_that_carry_the_flat_length_carry_a_blueshift.py	"that same null bundle becomes the constant-$\\chi$ geodesics and the other becomes the constant-$\\tau$ ones"	PAPER	
receipts/P15_CR_cosmology/P15_the_one_ground_admits_exactly_one_independent_second_support_and_it_is_disqualified_because_the_rays_that_carry_the_flat_length_carry_a_blueshift.py	"the comoving angular-diameter distance is $D_M=D_C$"	PAPER	
receipts/P15_CR_cosmology/P15_the_one_ground_admits_exactly_one_independent_second_support_and_it_is_disqualified_because_the_rays_that_carry_the_flat_length_carry_a_blueshift.py	"the photons are projected through the \\emph{flat} geometry"	PAPER	
receipts/P15_CR_cosmology/P15_the_one_ground_admits_exactly_one_independent_second_support_and_it_is_disqualified_because_the_rays_that_carry_the_flat_length_carry_a_blueshift.py	"the same flat-$\\Lambda$CDM observable that places the acoustic scale at $\\ell_A\\approx301$"	PAPER	
receipts/P15_CR_cosmology/P15_the_one_ground_admits_exactly_one_independent_second_support_and_it_is_disqualified_because_the_rays_that_carry_the_flat_length_carry_a_blueshift.py	"they are \\emph{not} two coordinate presentations of a single metric"	PAPER	
receipts/P15_CR_cosmology/P15_the_one_ground_admits_exactly_one_independent_second_support_and_it_is_disqualified_because_the_rays_that_carry_the_flat_length_carry_a_blueshift.py	"what $|\\Omega_k|=\\Omega_\\Lambda$ fixes is the substrate's throat"	PAPER	
receipts/P15_CR_cosmology/P15_the_optical_depth_is_a_photon_path_observable_so_it_takes_the_stacking_rate_and_the_visibility_ruling_is_withdrawn.py	"$D_M$ and $D_H=c/H$ carry the stacking rate's $1/H_0$, while the sound horizon is accumulated on the leaf rate"	PAPER	
receipts/P15_CR_cosmology/P15_the_optical_depth_is_a_photon_path_observable_so_it_takes_the_stacking_rate_and_the_visibility_ruling_is_withdrawn.py	"$\\ell_1=221.93+4.21f$"	PAPER	
receipts/P15_CR_cosmology/P15_the_optical_depth_is_a_photon_path_observable_so_it_takes_the_stacking_rate_and_the_visibility_ruling_is_withdrawn.py	"(_Rg ** 2 / (1 + _Rg) + _POLC) / (6.0 * (1 + _Rg) * np.maximum(_tp, 1e-30))"	PAPER	
receipts/P15_CR_cosmology/P15_the_optical_depth_is_a_photon_path_observable_so_it_takes_the_stacking_rate_and_the_visibility_ruling_is_withdrawn.py	"1/k_D^2 = INT [...] d(eta), and d(eta_leaf) = Jac d(eta_stack)"	PAPER	
receipts/P15_CR_cosmology/P15_the_optical_depth_is_a_photon_path_observable_so_it_takes_the_stacking_rate_and_the_visibility_ruling_is_withdrawn.py	"Hgeom = Hleaf if LEAFGEOM else Hphys"	PAPER	
receipts/P15_CR_cosmology/P15_the_optical_depth_is_a_photon_path_observable_so_it_takes_the_stacking_rate_and_the_visibility_ruling_is_withdrawn.py	"Hrec = Hleaf if LEAFREC else Hgeom"	PAPER	
receipts/P15_CR_cosmology/P15_the_optical_depth_is_a_photon_path_observable_so_it_takes_the_stacking_rate_and_the_visibility_ruling_is_withdrawn.py	"LEAFPERT = os.environ.get('STACKPERT', '0') != '1'"	PAPER	
receipts/P15_CR_cosmology/P15_the_optical_depth_is_a_photon_path_observable_so_it_takes_the_stacking_rate_and_the_visibility_ruling_is_withdrawn.py	"LEAFREC = os.environ.get('LEAFREC', '1') == '1'"	PAPER	
receipts/P15_CR_cosmology/P15_the_optical_depth_is_a_photon_path_observable_so_it_takes_the_stacking_rate_and_the_visibility_ruling_is_withdrawn.py	"RAD_IN_RATE = False"	PAPER	
receipts/P15_CR_cosmology/P15_the_optical_depth_is_a_photon_path_observable_so_it_takes_the_stacking_rate_and_the_visibility_ruling_is_withdrawn.py	"RAD_IN_RATE = True"	PAPER	
receipts/P15_CR_cosmology/P15_the_optical_depth_is_a_photon_path_observable_so_it_takes_the_stacking_rate_and_the_visibility_ruling_is_withdrawn.py	"R^2/(1+R)"	PAPER	
receipts/P15_CR_cosmology/P15_the_optical_depth_is_a_photon_path_observable_so_it_takes_the_stacking_rate_and_the_visibility_ruling_is_withdrawn.py	"Recombination is observable cosmology from the branch point onward"	PAPER	MULTI
receipts/P15_CR_cosmology/P15_the_optical_depth_is_a_photon_path_observable_so_it_takes_the_stacking_rate_and_the_visibility_ruling_is_withdrawn.py	"The peak positions are the only one of the three readings with an external referent"	PAPER	
receipts/P15_CR_cosmology/P15_the_optical_depth_is_a_photon_path_observable_so_it_takes_the_stacking_rate_and_the_visibility_ruling_is_withdrawn.py	"The sky's $0.7312$ lies at $f=-0.304$ on that same straight line---outside the family, on the far side of the clock the transfer already uses"	PAPER	
receipts/P15_CR_cosmology/P15_the_optical_depth_is_a_photon_path_observable_so_it_takes_the_stacking_rate_and_the_visibility_ruling_is_withdrawn.py	"Two objects on the same side of the rule, given opposite clocks, and nothing states the choice."	PAPER	
receipts/P15_CR_cosmology/P15_the_optical_depth_is_a_photon_path_observable_so_it_takes_the_stacking_rate_and_the_visibility_ruling_is_withdrawn.py	"_POLC"	PAPER	
receipts/P15_CR_cosmology/P15_the_optical_depth_is_a_photon_path_observable_so_it_takes_the_stacking_rate_and_the_visibility_ruling_is_withdrawn.py	"_POLC = float(os.environ.get('POLC', 16.0 / 15.0))"	PAPER	
receipts/P15_CR_cosmology/P15_the_optical_depth_is_a_photon_path_observable_so_it_takes_the_stacking_rate_and_the_visibility_ruling_is_withdrawn.py	"_xe(x) * _nH0 / x ** 3 * sigT * x * Mpc_m"	PAPER	
receipts/P15_CR_cosmology/P15_the_optical_depth_is_a_photon_path_observable_so_it_takes_the_stacking_rate_and_the_visibility_ruling_is_withdrawn.py	"a comoving separation read across leaves"	PAPER	MULTI
receipts/P15_CR_cosmology/P15_the_optical_depth_is_a_photon_path_observable_so_it_takes_the_stacking_rate_and_the_visibility_ruling_is_withdrawn.py	"a comoving separation read across leaves, $D_M$, $D_H$, $D_V$, the observable expansion---takes the stacking rate"	PAPER	
receipts/P15_CR_cosmology/P15_the_optical_depth_is_a_photon_path_observable_so_it_takes_the_stacking_rate_and_the_visibility_ruling_is_withdrawn.py	"cumulative_trapezoid(C / (ag ** 2 * Hgeom(ag)), ag)"	PAPER	
receipts/P15_CR_cosmology/P15_the_optical_depth_is_a_photon_path_observable_so_it_takes_the_stacking_rate_and_the_visibility_ruling_is_withdrawn.py	"so $k/(aH)\\to0$ for every $k$"	PAPER	
receipts/P15_CR_cosmology/P15_the_optical_depth_is_a_photon_path_observable_so_it_takes_the_stacking_rate_and_the_visibility_ruling_is_withdrawn.py	"take the leaf's, together with recombination's microphysics and the perturbations"	PAPER	
receipts/P15_CR_cosmology/P15_the_optical_depth_is_a_photon_path_observable_so_it_takes_the_stacking_rate_and_the_visibility_ruling_is_withdrawn.py	"taup_of"	PAPER	
receipts/P15_CR_cosmology/P15_the_optical_depth_is_a_photon_path_observable_so_it_takes_the_stacking_rate_and_the_visibility_ruling_is_withdrawn.py	"taup_of = CubicSpline(_ea, np.array([_xe(x) * _nH0 / x ** 3 * sigT * x * Mpc_m for x in _aa]))"	PAPER	
receipts/P15_CR_cosmology/P15_the_optical_depth_is_a_photon_path_observable_so_it_takes_the_stacking_rate_and_the_visibility_ruling_is_withdrawn.py	"the random walk runs \\emph{in} the content, whose own radiation gravitates in its own expansion, its Thomson microphysics ordinary content physics and its expansion the leaf's"	PAPER	
receipts/P15_CR_cosmology/P15_the_optical_depth_is_a_photon_path_observable_so_it_takes_the_stacking_rate_and_the_visibility_ruling_is_withdrawn.py	"through which an $L1$ or L2 quantity appears as distance and redshift"	PAPER	ALT
receipts/P15_CR_cosmology/P15_the_optical_depth_is_a_photon_path_observable_so_it_takes_the_stacking_rate_and_the_visibility_ruling_is_withdrawn.py	"through which an L1 or L2 quantity appears as distance and redshift"	PAPER	ALT
receipts/P15_CR_cosmology/P15_the_optical_depth_is_a_photon_path_observable_so_it_takes_the_stacking_rate_and_the_visibility_ruling_is_withdrawn.py	"xe_history(lambda z: Hrec(1 / (1 + z)) * 1e3 / Mpc_m"	PAPER	
receipts/P15_CR_cosmology/P15_the_phase_is_already_carried_into_the_projections_variable_and_the_two_statements_of_the_sound_horizon_agree_identically.py	"There is no locus at which the rate switches"	PAPER	
receipts/P15_CR_cosmology/P15_the_phase_is_already_carried_into_the_projections_variable_and_the_two_statements_of_the_sound_horizon_agree_identically.py	"a comoving separation read across leaves, $D_M$, $D_H$, $D_V$, the observable expansion---takes the stacking rate"	PAPER	
receipts/P15_CR_cosmology/P15_the_phase_is_already_carried_into_the_projections_variable_and_the_two_statements_of_the_sound_horizon_agree_identically.py	"reading a content process on the stacking rate, or a stacking quantity on the leaf's, is not a modelling choice but the reification the proposition forbids"	PAPER	
receipts/P15_CR_cosmology/P15_the_progenitor_spectrum_is_defined_before_the_lift_so_the_envelope_applies_to_it_and_the_horizon_scale_on_both_lorentzian_legs_is_the_same_pure_number.py	"a fragility"	SOURCE	
receipts/P15_CR_cosmology/P15_the_progenitor_spectrum_is_defined_before_the_lift_so_the_envelope_applies_to_it_and_the_horizon_scale_on_both_lorentzian_legs_is_the_same_pure_number.py	"the crossing accumulates no divergent phase"	PAPER	MULTI,SECSHARED
receipts/P15_CR_cosmology/P15_the_projection_join_inverts_the_expected_picture_because_the_odd_degree_lands_lower_than_the_even_floor_and_arrives_less_suppressed_so_the_lowest_multipoles_draw_on_the_degree_the_bound_would_have_removed.py	"D_C\\approx1.4011\\times10^{4}"	PAPER	MULTI,SECSHARED
receipts/P15_CR_cosmology/P15_the_projection_join_inverts_the_expected_picture_because_the_odd_degree_lands_lower_than_the_even_floor_and_arrives_less_suppressed_so_the_lowest_multipoles_draw_on_the_degree_the_bound_would_have_removed.py	"For scalars the deformation reaches the spectrum and not the basis"	PAPER	
receipts/P15_CR_cosmology/P15_the_projection_join_inverts_the_expected_picture_because_the_odd_degree_lands_lower_than_the_even_floor_and_arrives_less_suppressed_so_the_lowest_multipoles_draw_on_the_degree_the_bound_would_have_removed.py	"IS THEREFORE NOT AN ENVELOPE EXPONENTIAL IN"	SOURCE	
receipts/P15_CR_cosmology/P15_the_projection_join_inverts_the_expected_picture_because_the_odd_degree_lands_lower_than_the_even_floor_and_arrives_less_suppressed_so_the_lowest_multipoles_draw_on_the_degree_the_bound_would_have_removed.py	"NO PAPER FIXES IT"	SOURCE	
receipts/P15_CR_cosmology/P15_the_projection_join_inverts_the_expected_picture_because_the_odd_degree_lands_lower_than_the_even_floor_and_arrives_less_suppressed_so_the_lowest_multipoles_draw_on_the_degree_the_bound_would_have_removed.py	"THE WIDTH CROSSES THE SPACING AT `$L=3$`"	SOURCE	
receipts/P15_CR_cosmology/P15_the_projection_join_inverts_the_expected_picture_because_the_odd_degree_lands_lower_than_the_even_floor_and_arrives_less_suppressed_so_the_lowest_multipoles_draw_on_the_degree_the_bound_would_have_removed.py	"\\sum_\\ell(2\\ell+1)j_\\ell(x)^2=1"	PAPER	
receipts/P15_CR_cosmology/P15_the_projection_join_inverts_the_expected_picture_because_the_odd_degree_lands_lower_than_the_even_floor_and_arrives_less_suppressed_so_the_lowest_multipoles_draw_on_the_degree_the_bound_would_have_removed.py	"inherits rather than derives"	SOURCE	
receipts/P15_CR_cosmology/P15_the_projection_join_inverts_the_expected_picture_because_the_odd_degree_lands_lower_than_the_even_floor_and_arrives_less_suppressed_so_the_lowest_multipoles_draw_on_the_degree_the_bound_would_have_removed.py	"is dominated by the LOWEST contributing degree"	SOURCE	
receipts/P15_CR_cosmology/P15_the_projection_join_inverts_the_expected_picture_because_the_odd_degree_lands_lower_than_the_even_floor_and_arrives_less_suppressed_so_the_lowest_multipoles_draw_on_the_degree_the_bound_would_have_removed.py	"r_0\\approx5051"	PAPER	MULTI,SECSHARED
receipts/P15_CR_cosmology/P15_the_projection_join_inverts_the_expected_picture_because_the_odd_degree_lands_lower_than_the_even_floor_and_arrives_less_suppressed_so_the_lowest_multipoles_draw_on_the_degree_the_bound_would_have_removed.py	"stretch $2.774$"	PAPER	MULTI,SECSHARED
receipts/P15_CR_cosmology/P15_the_projection_join_inverts_the_expected_picture_because_the_odd_degree_lands_lower_than_the_even_floor_and_arrives_less_suppressed_so_the_lowest_multipoles_draw_on_the_degree_the_bound_would_have_removed.py	"the printed value sits near the ninetieth percentile"	PAPER	
receipts/P15_CR_cosmology/P15_the_projection_join_inverts_the_expected_picture_because_the_odd_degree_lands_lower_than_the_even_floor_and_arrives_less_suppressed_so_the_lowest_multipoles_draw_on_the_degree_the_bound_would_have_removed.py	"the vector sector below is where that premise fails"	PAPER	
receipts/P15_CR_cosmology/P15_the_projection_joins_two_load_bearing_multipoles_are_the_only_two_in_the_tower_with_no_stretch_threshold_so_the_pending_decision_cannot_move_the_result.py	"D_C\\approx1.4011\\times10^{4}"	PAPER	MULTI,SECSHARED
receipts/P15_CR_cosmology/P15_the_projection_joins_two_load_bearing_multipoles_are_the_only_two_in_the_tower_with_no_stretch_threshold_so_the_pending_decision_cannot_move_the_result.py	"THE PROJECTION COSTS LEAST ONE DEGREE LOWER"	SOURCE	
receipts/P15_CR_cosmology/P15_the_projection_joins_two_load_bearing_multipoles_are_the_only_two_in_the_tower_with_no_stretch_threshold_so_the_pending_decision_cannot_move_the_result.py	"THE WIDTH CROSSES THE SPACING AT `$L=3$`"	SOURCE	
receipts/P15_CR_cosmology/P15_the_projection_joins_two_load_bearing_multipoles_are_the_only_two_in_the_tower_with_no_stretch_threshold_so_the_pending_decision_cannot_move_the_result.py	"r_0\\approx5051"	PAPER	MULTI,SECSHARED
receipts/P15_CR_cosmology/P15_the_projection_joins_two_load_bearing_multipoles_are_the_only_two_in_the_tower_with_no_stretch_threshold_so_the_pending_decision_cannot_move_the_result.py	"stretch $2.774$"	PAPER	MULTI,SECSHARED
receipts/P15_CR_cosmology/P15_the_projection_joins_two_load_bearing_multipoles_are_the_only_two_in_the_tower_with_no_stretch_threshold_so_the_pending_decision_cannot_move_the_result.py	"two of the higher modal values are NOT stable"	SOURCE	
receipts/P15_CR_cosmology/P15_the_rate_rule_reaches_the_projection_only_through_the_identification_because_P7_gives_the_lapse_the_rate_and_the_shift_the_appearance_as_distance.py	"A quantity computed from the foliation's stacking---a comoving separation read across leaves, $D_M$, $D_H$, $D_V$, the observable expansion---takes the stacking rate"	PAPER	
receipts/P15_CR_cosmology/P15_the_rate_rule_reaches_the_projection_only_through_the_identification_because_P7_gives_the_lapse_the_rate_and_the_shift_the_appearance_as_distance.py	"Every other property of the photons we observe"	SOURCE	
receipts/P15_CR_cosmology/P15_the_rate_rule_reaches_the_projection_only_through_the_identification_because_P7_gives_the_lapse_the_rate_and_the_shift_the_appearance_as_distance.py	"PRECEDENT ARGUMENT INSIDE THE CONSTRUCTION"	SOURCE	
receipts/P15_CR_cosmology/P15_the_rate_rule_reaches_the_projection_only_through_the_identification_because_P7_gives_the_lapse_the_rate_and_the_shift_the_appearance_as_distance.py	"The \\emph{lapse} $N$---the existent's rate of advance---is the foliation stacking rate the observable expansion rides"	PAPER	
receipts/P15_CR_cosmology/P15_the_rate_rule_reaches_the_projection_only_through_the_identification_because_P7_gives_the_lapse_the_rate_and_the_shift_the_appearance_as_distance.py	"The constant-$\\tau$ slice is exactly flat"	PAPER	
receipts/P15_CR_cosmology/P15_the_rate_rule_reaches_the_projection_only_through_the_identification_because_P7_gives_the_lapse_the_rate_and_the_shift_the_appearance_as_distance.py	"The precedent argument needs one premise"	SOURCE	
receipts/P15_CR_cosmology/P15_the_rate_rule_reaches_the_projection_only_through_the_identification_because_P7_gives_the_lapse_the_rate_and_the_shift_the_appearance_as_distance.py	"The rate rule reaches the same distance by naming $D_M$"	PAPER	
receipts/P15_CR_cosmology/P15_the_rate_rule_reaches_the_projection_only_through_the_identification_because_P7_gives_the_lapse_the_rate_and_the_shift_the_appearance_as_distance.py	"The two rates differ by the radiation term alone"	PAPER	
receipts/P15_CR_cosmology/P15_the_rate_rule_reaches_the_projection_only_through_the_identification_because_P7_gives_the_lapse_the_rate_and_the_shift_the_appearance_as_distance.py	"There is no locus at which the rate switches"	PAPER	
receipts/P15_CR_cosmology/P15_the_rate_rule_reaches_the_projection_only_through_the_identification_because_P7_gives_the_lapse_the_rate_and_the_shift_the_appearance_as_distance.py	"These are exactly the slicing operator's data---leaf, lapse, shift, vantage"	PAPER	
receipts/P15_CR_cosmology/P15_the_rate_rule_reaches_the_projection_only_through_the_identification_because_P7_gives_the_lapse_the_rate_and_the_shift_the_appearance_as_distance.py	"a comoving separation read across leaves"	PAPER	
receipts/P15_CR_cosmology/P15_the_rate_rule_reaches_the_projection_only_through_the_identification_because_P7_gives_the_lapse_the_rate_and_the_shift_the_appearance_as_distance.py	"by three independent routes"	PAPER	ALT
receipts/P15_CR_cosmology/P15_the_rate_rule_reaches_the_projection_only_through_the_identification_because_P7_gives_the_lapse_the_rate_and_the_shift_the_appearance_as_distance.py	"by three routes"	PAPER	ALT
receipts/P15_CR_cosmology/P15_the_rate_rule_reaches_the_projection_only_through_the_identification_because_P7_gives_the_lapse_the_rate_and_the_shift_the_appearance_as_distance.py	"by two independent routes"	PAPER	ALT
receipts/P15_CR_cosmology/P15_the_rate_rule_reaches_the_projection_only_through_the_identification_because_P7_gives_the_lapse_the_rate_and_the_shift_the_appearance_as_distance.py	"conflating them would manufacture a prediction the geometry does not make"	PAPER	
receipts/P15_CR_cosmology/P15_the_rate_rule_reaches_the_projection_only_through_the_identification_because_P7_gives_the_lapse_the_rate_and_the_shift_the_appearance_as_distance.py	"fixed by the substrate's $\\alpha$ and the cut's offset $x_0$"	PAPER	
receipts/P15_CR_cosmology/P15_the_rate_rule_reaches_the_projection_only_through_the_identification_because_P7_gives_the_lapse_the_rate_and_the_shift_the_appearance_as_distance.py	"has induced three-metric $dr^2+r^2d\\Omega^2$"	PAPER	
receipts/P15_CR_cosmology/P15_the_rate_rule_reaches_the_projection_only_through_the_identification_because_P7_gives_the_lapse_the_rate_and_the_shift_the_appearance_as_distance.py	"is a photon-path observable of the same kind as the redshift and the distances"	SOURCE	
receipts/P15_CR_cosmology/P15_the_rate_rule_reaches_the_projection_only_through_the_identification_because_P7_gives_the_lapse_the_rate_and_the_shift_the_appearance_as_distance.py	"is licensed by an \\emph{identification}"	PAPER	
receipts/P15_CR_cosmology/P15_the_rate_rule_reaches_the_projection_only_through_the_identification_because_P7_gives_the_lapse_the_rate_and_the_shift_the_appearance_as_distance.py	"is the $E{=}1$ projection through which that expansion is \\emph{observed} as distance and redshift"	PAPER	
receipts/P15_CR_cosmology/P15_the_rate_rule_reaches_the_projection_only_through_the_identification_because_P7_gives_the_lapse_the_rate_and_the_shift_the_appearance_as_distance.py	"on one ground that is a theorem and a second that rests on it"	PAPER	ALT
receipts/P15_CR_cosmology/P15_the_rate_rule_reaches_the_projection_only_through_the_identification_because_P7_gives_the_lapse_the_rate_and_the_shift_the_appearance_as_distance.py	"takes the leaf's"	PAPER	
receipts/P15_CR_cosmology/P15_the_rate_rule_reaches_the_projection_only_through_the_identification_because_P7_gives_the_lapse_the_rate_and_the_shift_the_appearance_as_distance.py	"takes the stacking rate"	PAPER	
receipts/P15_CR_cosmology/P15_the_rate_rule_reaches_the_projection_only_through_the_identification_because_P7_gives_the_lapse_the_rate_and_the_shift_the_appearance_as_distance.py	"the comoving distance entering $j_\\ell(k\\chi)$ is settled"	PAPER	
receipts/P15_CR_cosmology/P15_the_rate_rule_reaches_the_projection_only_through_the_identification_because_P7_gives_the_lapse_the_rate_and_the_shift_the_appearance_as_distance.py	"the constant-proper-time slice is exactly flat, so the comoving angular-diameter distance \\emph{is} the light-travel distance $D_C$"	PAPER	
receipts/P15_CR_cosmology/P15_the_rate_rule_reaches_the_projection_only_through_the_identification_because_P7_gives_the_lapse_the_rate_and_the_shift_the_appearance_as_distance.py	"the curvature of $dr^2+r^2d\\Omega^2$ is zero by direct computation"	PAPER	
receipts/P15_CR_cosmology/P15_the_rate_rule_reaches_the_projection_only_through_the_identification_because_P7_gives_the_lapse_the_rate_and_the_shift_the_appearance_as_distance.py	"the flatness of the distance slice together with the exact recovery of the expansion law"	PAPER	
receipts/P15_CR_cosmology/P15_the_rate_rule_reaches_the_projection_only_through_the_identification_because_P7_gives_the_lapse_the_rate_and_the_shift_the_appearance_as_distance.py	"two independent grounds"	PAPER	ALT
receipts/P15_CR_cosmology/P15_the_rate_rule_reaches_the_projection_only_through_the_identification_because_P7_gives_the_lapse_the_rate_and_the_shift_the_appearance_as_distance.py	"whose Riemann tensor vanishes identically"	PAPER	
receipts/P15_CR_cosmology/P15_the_resolution_table_eight_of_the_eleven_instruments_cannot_represent_the_comb_period_and_four_smallest_shares_are_honest_blanks.py	"**`plik_lite` TT, the likelihood**"	SOURCE	LIST
receipts/P15_CR_cosmology/P15_the_resolution_table_eight_of_the_eleven_instruments_cannot_represent_the_comb_period_and_four_smallest_shares_are_honest_blanks.py	"**the refit $\\chi^2$ and its derivative grid**"	SOURCE	LIST
receipts/P15_CR_cosmology/P15_the_resolution_table_eight_of_the_eleven_instruments_cannot_represent_the_comb_period_and_four_smallest_shares_are_honest_blanks.py	"FISH = np.linalg.inv(CS.COV_TT"	SOURCE	
receipts/P15_CR_cosmology/P15_the_resolution_table_eight_of_the_eleven_instruments_cannot_represent_the_comb_period_and_four_smallest_shares_are_honest_blanks.py	"the anchored peak/trough locator"	SOURCE	LIST
receipts/P15_CR_cosmology/P15_the_resolution_table_eight_of_the_eleven_instruments_cannot_represent_the_comb_period_and_four_smallest_shares_are_honest_blanks.py	"the bilinear decomposition `SRCDEC`"	SOURCE	LIST
receipts/P15_CR_cosmology/P15_the_resolution_table_eight_of_the_eleven_instruments_cannot_represent_the_comb_period_and_four_smallest_shares_are_honest_blanks.py	"the comb-phase projection"	SOURCE	LIST
receipts/P15_CR_cosmology/P15_the_resolution_table_eight_of_the_eleven_instruments_cannot_represent_the_comb_period_and_four_smallest_shares_are_honest_blanks.py	"the contrast statistic"	SOURCE	LIST
receipts/P15_CR_cosmology/P15_the_resolution_table_eight_of_the_eleven_instruments_cannot_represent_the_comb_period_and_four_smallest_shares_are_honest_blanks.py	"the differential estimator"	SOURCE	LIST
receipts/P15_CR_cosmology/P15_the_resolution_table_eight_of_the_eleven_instruments_cannot_represent_the_comb_period_and_four_smallest_shares_are_honest_blanks.py	"the extremal envelope"	SOURCE	LIST
receipts/P15_CR_cosmology/P15_the_resolution_table_eight_of_the_eleven_instruments_cannot_represent_the_comb_period_and_four_smallest_shares_are_honest_blanks.py	"the held-period amplitude"	SOURCE	LIST
receipts/P15_CR_cosmology/P15_the_resolution_table_eight_of_the_eleven_instruments_cannot_represent_the_comb_period_and_four_smallest_shares_are_honest_blanks.py	"the projection-width kernel"	SOURCE	LIST
receipts/P15_CR_cosmology/P15_the_resolution_table_eight_of_the_eleven_instruments_cannot_represent_the_comb_period_and_four_smallest_shares_are_honest_blanks.py	"the window-free peak-to-trough depth"	SOURCE	LIST
receipts/P15_CR_cosmology/P15_the_runtime_tail_in_r7170_is_not_localised_to_a_call_so_the_free_reduction_lands_and_the_pre_registered_fix_does_not_and_the_margin_to_the_cap_is_the_gates_to_set.py	"Memoised at `r7220`"	SOURCE	
receipts/P15_CR_cosmology/P15_the_runtime_tail_in_r7170_is_not_localised_to_a_call_so_the_free_reduction_lands_and_the_pre_registered_fix_does_not_and_the_margin_to_the_cap_is_the_gates_to_set.py	"NOT the fix for this receipt"	SOURCE	
receipts/P15_CR_cosmology/P15_the_runtime_tail_in_r7170_is_not_localised_to_a_call_so_the_free_reduction_lands_and_the_pre_registered_fix_does_not_and_the_margin_to_the_cap_is_the_gates_to_set.py	"functools.lru_cache"	SOURCE	
receipts/P15_CR_cosmology/P15_the_seam_flux_is_not_computable_here_because_the_closure_makes_one_locus_carry_two_surface_gravities_and_the_euclidean_section_closes_in_a_clock_whose_conversion_vanishes_at_both_seams.py	"A PERIODICITY CLAIM IS A NUMBER."	SOURCE	
receipts/P15_CR_cosmology/P15_the_seam_flux_is_not_computable_here_because_the_closure_makes_one_locus_carry_two_surface_gravities_and_the_euclidean_section_closes_in_a_clock_whose_conversion_vanishes_at_both_seams.py	"A STATE IS SELECTED"	SOURCE	
receipts/P15_CR_cosmology/P15_the_seam_flux_is_not_computable_here_because_the_closure_makes_one_locus_carry_two_surface_gravities_and_the_euclidean_section_closes_in_a_clock_whose_conversion_vanishes_at_both_seams.py	"NO FITTING."	SOURCE	
receipts/P15_CR_cosmology/P15_the_seam_flux_is_not_computable_here_because_the_closure_makes_one_locus_carry_two_surface_gravities_and_the_euclidean_section_closes_in_a_clock_whose_conversion_vanishes_at_both_seams.py	"NO STATE IS SELECTED"	SOURCE	
receipts/P15_CR_cosmology/P15_the_seam_flux_is_not_computable_here_because_the_closure_makes_one_locus_carry_two_surface_gravities_and_the_euclidean_section_closes_in_a_clock_whose_conversion_vanishes_at_both_seams.py	"NO STATE IS SELECTED, AND THE MISSING OBJECT IS NAMED"	SOURCE	
receipts/P15_CR_cosmology/P15_the_seam_flux_is_not_computable_here_because_the_closure_makes_one_locus_carry_two_surface_gravities_and_the_euclidean_section_closes_in_a_clock_whose_conversion_vanishes_at_both_seams.py	"SIGN BEFORE SIZE"	SOURCE	
receipts/P15_CR_cosmology/P15_the_seam_flux_is_not_computable_here_because_the_closure_makes_one_locus_carry_two_surface_gravities_and_the_euclidean_section_closes_in_a_clock_whose_conversion_vanishes_at_both_seams.py	"THE FLUX IS A FIFTH CLOSURE"	SOURCE	
receipts/P15_CR_cosmology/P15_the_seam_flux_is_not_computable_here_because_the_closure_makes_one_locus_carry_two_surface_gravities_and_the_euclidean_section_closes_in_a_clock_whose_conversion_vanishes_at_both_seams.py	"a pure number, carrying neither mass nor epoch"	PAPER	
receipts/P15_CR_cosmology/P15_the_seam_flux_is_not_computable_here_because_the_closure_makes_one_locus_carry_two_surface_gravities_and_the_euclidean_section_closes_in_a_clock_whose_conversion_vanishes_at_both_seams.py	"so the two are one locus of the substrate"	PAPER	
receipts/P15_CR_cosmology/P15_the_seam_limit_of_the_carried_layer_with_its_chi_block_is_prop_throats_ds2_times_s2_obtained_with_both_radii_read_off_the_flow.py	"P15_the_seam_limit_of_the_carried_layer_with_its_chi_block"	PAPER	ALT
receipts/P15_CR_cosmology/P15_the_seam_limit_of_the_carried_layer_with_its_chi_block_is_prop_throats_ds2_times_s2_obtained_with_both_radii_read_off_the_flow.py	"limit of the carried layer"	PAPER	ALT
receipts/P15_CR_cosmology/P15_the_seam_limit_of_the_carried_layer_with_its_chi_block_is_prop_throats_ds2_times_s2_obtained_with_both_radii_read_off_the_flow.py	"obtained as the limit"	PAPER	ALT
receipts/P15_CR_cosmology/P15_the_seam_sec_envelope_means_is_the_front_chart_value_and_the_collapse_leg_ends_at_the_turnaround_instead_where_the_speed_is_zero_while_every_seam_carries_it_exactly_one.py	"P15_the_seam_sec_envelope_means_is_the_front_chart_value"	PAPER	ALT,XOR
receipts/P15_CR_cosmology/P15_the_segments_conformal_length_is_the_closed_form_of_the_papers_own_integral_and_the_two_damping_rates_differ_by_the_sound_speed.py	"$-152$ at the first acoustic peak"	PAPER	
receipts/P15_CR_cosmology/P15_the_segments_conformal_length_is_the_closed_form_of_the_papers_own_integral_and_the_two_damping_rates_differ_by_the_sound_speed.py	"$1.96$ at $\\lvert r\\rvert=0.1\\,\\alpha$"	PAPER	
receipts/P15_CR_cosmology/P15_the_segments_conformal_length_is_the_closed_form_of_the_papers_own_integral_and_the_two_damping_rates_differ_by_the_sound_speed.py	"e^{-k c_s\\lvert\\Delta\\eta\\rvert}"	PAPER	
receipts/P15_CR_cosmology/P15_the_segments_conformal_length_is_the_closed_form_of_the_papers_own_integral_and_the_two_damping_rates_differ_by_the_sound_speed.py	"mode exits it and freezes"	PAPER	
receipts/P15_CR_cosmology/P15_the_segments_conformal_length_is_the_closed_form_of_the_papers_own_integral_and_the_two_damping_rates_differ_by_the_sound_speed.py	"the lift's imaginary conformal-time interval"	PAPER	
receipts/P15_CR_cosmology/P15_the_sheared_layers_invariant_is_obtained_in_closed_form_and_the_squashing_runs_to_zero_approaching_the_seam_so_the_shape_is_not_carried.py	"P15_the_sheared_layers_invariant_is_obtained_in_closed_form"	PAPER	ALT
receipts/P15_CR_cosmology/P15_the_sheared_layers_invariant_is_obtained_in_closed_form_and_the_squashing_runs_to_zero_approaching_the_seam_so_the_shape_is_not_carried.py	"the round shape is not carried to the seam"	PAPER	ALT
receipts/P15_CR_cosmology/P15_the_source_decomposition_is_reachable_on_the_reporting_path_and_the_neutrinos_have_a_knob.py	"Og_of = CubicSpline"	SOURCE	
receipts/P15_CR_cosmology/P15_the_source_decomposition_is_reachable_on_the_reporting_path_and_the_neutrinos_have_a_knob.py	"def los_spectrum"	SOURCE	
receipts/P15_CR_cosmology/P15_the_source_decomposition_is_reachable_on_the_reporting_path_and_the_neutrinos_have_a_knob.py	"g_ * (_SWSRC * (Th0 + Ps) + _PI * Pi / 4)"	SOURCE	
receipts/P15_CR_cosmology/P15_the_source_decomposition_is_reachable_on_the_reporting_path_and_the_neutrinos_have_a_knob.py	"y0 = np.zeros((nk, NV))"	SOURCE	
receipts/P15_CR_cosmology/P15_the_spacing_drift_is_made_in_the_projection_so_the_construction_determines_it_and_the_handover_contributes_nothing.py	"$+5$` to `$+15$"	SOURCE	
receipts/P15_CR_cosmology/P15_the_spacing_drift_is_made_in_the_projection_so_the_construction_determines_it_and_the_handover_contributes_nothing.py	"SIGN: POSITIVE"	SOURCE	
receipts/P15_CR_cosmology/P15_the_spacing_drift_is_made_in_the_projection_so_the_construction_determines_it_and_the_handover_contributes_nothing.py	"\\label{prop:subhorizon}"	PAPER	ALT
receipts/P15_CR_cosmology/P15_the_spacing_drift_is_made_in_the_projection_so_the_construction_determines_it_and_the_handover_contributes_nothing.py	"expansion-leg driving around equality"	SOURCE	
receipts/P15_CR_cosmology/P15_the_spacing_drift_is_made_in_the_projection_so_the_construction_determines_it_and_the_handover_contributes_nothing.py	"third outcome"	SOURCE	
receipts/P15_CR_cosmology/P15_the_step_is_the_excesss_own_and_it_sits_at_the_second_acoustic_peak_and_none_of_the_four_produces_it.py	"Nothing in \u24f5 has been computed at the time"	SOURCE	
receipts/P15_CR_cosmology/P15_the_step_is_the_excesss_own_and_it_sits_at_the_second_acoustic_peak_and_none_of_the_four_produces_it.py	"THE STEP GOES AWAY"	SOURCE	
receipts/P15_CR_cosmology/P15_the_step_is_the_excesss_own_and_it_sits_at_the_second_acoustic_peak_and_none_of_the_four_produces_it.py	"THE STEP GOES AWAY ON THE THIRD ENVELOPE"	SOURCE	
receipts/P15_CR_cosmology/P15_the_step_is_the_excesss_own_and_it_sits_at_the_second_acoustic_peak_and_none_of_the_four_produces_it.py	"The step survives every reading"	SOURCE	
receipts/P15_CR_cosmology/P15_the_step_is_the_excesss_own_and_it_sits_at_the_second_acoustic_peak_and_none_of_the_four_produces_it.py	"ratio of band 1"	SOURCE	
receipts/P15_CR_cosmology/P15_the_step_survives_a_differential_estimator_and_no_single_bilinear_term_carries_the_shared_step_though_the_doppler_leads_it.py	"('measured excess', MEAS)"	SOURCE	
receipts/P15_CR_cosmology/P15_the_step_survives_a_differential_estimator_and_no_single_bilinear_term_carries_the_shared_step_though_the_doppler_leads_it.py	"AND THE ABSCISSA IS NOT CHOSEN"	SOURCE	
receipts/P15_CR_cosmology/P15_the_step_survives_a_differential_estimator_and_no_single_bilinear_term_carries_the_shared_step_though_the_doppler_leads_it.py	"Both are reported"	SOURCE	
receipts/P15_CR_cosmology/P15_the_step_survives_a_differential_estimator_and_no_single_bilinear_term_carries_the_shared_step_though_the_doppler_leads_it.py	"NAMED BEFORE USE"	SOURCE	
receipts/P15_CR_cosmology/P15_the_step_survives_a_differential_estimator_and_no_single_bilinear_term_carries_the_shared_step_though_the_doppler_leads_it.py	"Nothing below has been measured"	SOURCE	
receipts/P15_CR_cosmology/P15_the_step_survives_a_differential_estimator_and_no_single_bilinear_term_carries_the_shared_step_though_the_doppler_leads_it.py	"THE READING, NAMED BEFORE USE"	SOURCE	
receipts/P15_CR_cosmology/P15_the_step_survives_a_differential_estimator_and_no_single_bilinear_term_carries_the_shared_step_though_the_doppler_leads_it.py	"THE STEP DOES NOT SURVIVE"	SOURCE	
receipts/P15_CR_cosmology/P15_the_step_survives_a_differential_estimator_and_no_single_bilinear_term_carries_the_shared_step_though_the_doppler_leads_it.py	"THE STEP SURVIVES"	SOURCE	
receipts/P15_CR_cosmology/P15_the_step_survives_a_differential_estimator_and_no_single_bilinear_term_carries_the_shared_step_though_the_doppler_leads_it.py	"abs(a[0]) / abs(b[0]) for a, b in zip(DEP[nm], DEP['measured excess'])"	SOURCE	
receipts/P15_CR_cosmology/P15_the_step_survives_a_differential_estimator_and_no_single_bilinear_term_carries_the_shared_step_though_the_doppler_leads_it.py	"ill-conditioned"	SOURCE	
receipts/P15_CR_cosmology/P15_the_step_survives_a_differential_estimator_and_no_single_bilinear_term_carries_the_shared_step_though_the_doppler_leads_it.py	"inside band 1"	SOURCE	
receipts/P15_CR_cosmology/P15_the_step_survives_a_differential_estimator_and_no_single_bilinear_term_carries_the_shared_step_though_the_doppler_leads_it.py	"not licensed at all"	SOURCE	
receipts/P15_CR_cosmology/P15_the_step_survives_a_differential_estimator_and_no_single_bilinear_term_carries_the_shared_step_though_the_doppler_leads_it.py	"reported as part of"	SOURCE	
receipts/P15_CR_cosmology/P15_the_step_survives_a_differential_estimator_and_no_single_bilinear_term_carries_the_shared_step_though_the_doppler_leads_it.py	"sensitive to a **phase** difference"	SOURCE	
receipts/P15_CR_cosmology/P15_the_step_survives_a_differential_estimator_and_no_single_bilinear_term_carries_the_shared_step_though_the_doppler_leads_it.py	"the per-term reading is not licensed at all"	SOURCE	
receipts/P15_CR_cosmology/P15_the_step_survives_a_differential_estimator_and_no_single_bilinear_term_carries_the_shared_step_though_the_doppler_leads_it.py	"v = WIDTH if nm == 'proj. width' else R - 1.0"	SOURCE	
receipts/P15_CR_cosmology/P15_the_surviving_step_is_amplitude_and_not_phase_and_the_candidate_shares_do_not_survive_the_change_of_denominator.py	"**AMPLITUDE**"	SOURCE	
receipts/P15_CR_cosmology/P15_the_surviving_step_is_amplitude_and_not_phase_and_the_candidate_shares_do_not_survive_the_change_of_denominator.py	"**PHASE**"	SOURCE	
receipts/P15_CR_cosmology/P15_the_surviving_step_is_amplitude_and_not_phase_and_the_candidate_shares_do_not_survive_the_change_of_denominator.py	"INSEPARABLE"	SOURCE	
receipts/P15_CR_cosmology/P15_the_surviving_step_is_amplitude_and_not_phase_and_the_candidate_shares_do_not_survive_the_change_of_denominator.py	"NAMED BEFORE USE"	SOURCE	
receipts/P15_CR_cosmology/P15_the_surviving_step_is_amplitude_and_not_phase_and_the_candidate_shares_do_not_survive_the_change_of_denominator.py	"Nothing below has been measured"	SOURCE	
receipts/P15_CR_cosmology/P15_the_surviving_step_is_amplitude_and_not_phase_and_the_candidate_shares_do_not_survive_the_change_of_denominator.py	"THE OUTCOMES"	SOURCE	
receipts/P15_CR_cosmology/P15_the_surviving_step_is_amplitude_and_not_phase_and_the_candidate_shares_do_not_survive_the_change_of_denominator.py	"nothing below is licensed"	SOURCE	
receipts/P15_CR_cosmology/P15_the_surviving_step_is_amplitude_and_not_phase_and_the_candidate_shares_do_not_survive_the_change_of_denominator.py	"reported at more than one window"	SOURCE	
receipts/P15_CR_cosmology/P15_the_surviving_step_is_amplitude_and_not_phase_and_the_candidate_shares_do_not_survive_the_change_of_denominator.py	"the inseparable row"	SOURCE	
receipts/P15_CR_cosmology/P15_the_surviving_step_is_amplitude_and_not_phase_and_the_candidate_shares_do_not_survive_the_change_of_denominator.py	"trade off against each other"	SOURCE	
receipts/P15_CR_cosmology/P15_the_symmetric_comparison_was_never_runnable_and_the_quarter_was_two_fifths.py	"os.environ.get('LRSFROM'"	SOURCE	
receipts/P15_CR_cosmology/P15_the_symmetric_comparison_was_never_runnable_and_the_quarter_was_two_fifths.py	"os.environ.get('LZSTART'"	SOURCE	
receipts/P15_CR_cosmology/P15_the_term_mix_does_not_carry_the_modulation_and_it_survives_in_the_part_no_channel_explains.py	"a total is not a match"	SOURCE	
receipts/P15_CR_cosmology/P15_the_term_mix_does_not_carry_the_modulation_and_it_survives_in_the_part_no_channel_explains.py	"both orientations are run and both reported"	SOURCE	
receipts/P15_CR_cosmology/P15_the_term_mix_does_not_carry_the_modulation_and_it_survives_in_the_part_no_channel_explains.py	"committed before any of"	SOURCE	
receipts/P15_CR_cosmology/P15_the_term_mix_does_not_carry_the_modulation_and_it_survives_in_the_part_no_channel_explains.py	"is not an independent measurement"	SOURCE	
receipts/P15_CR_cosmology/P15_the_term_mix_does_not_carry_the_modulation_and_it_survives_in_the_part_no_channel_explains.py	"the arithmetic talking"	SOURCE	
receipts/P15_CR_cosmology/P15_the_term_mix_does_not_carry_the_modulation_and_it_survives_in_the_part_no_channel_explains.py	"the expensive branch is the terminating one, so it is tabled first"	SOURCE	
receipts/P15_CR_cosmology/P15_the_term_mix_does_not_carry_the_modulation_and_it_survives_in_the_part_no_channel_explains.py	"until the phase agrees"	SOURCE	
receipts/P15_CR_cosmology/P15_the_term_mix_is_the_first_channel_to_produce_cost_where_the_arm_is_rejected_and_the_excess_there_is_combed_at_the_acoustic_period.py	"block-inverted"	SOURCE	
receipts/P15_CR_cosmology/P15_the_term_mix_is_the_first_channel_to_produce_cost_where_the_arm_is_rejected_and_the_excess_there_is_combed_at_the_acoustic_period.py	"committed before any of"	SOURCE	
receipts/P15_CR_cosmology/P15_the_term_mix_is_the_first_channel_to_produce_cost_where_the_arm_is_rejected_and_the_excess_there_is_combed_at_the_acoustic_period.py	"neighbouring, wrong periods"	SOURCE	
receipts/P15_CR_cosmology/P15_the_term_mix_is_the_first_channel_to_produce_cost_where_the_arm_is_rejected_and_the_excess_there_is_combed_at_the_acoustic_period.py	"no channel accounts for the cost"	SOURCE	
receipts/P15_CR_cosmology/P15_the_term_mix_is_the_first_channel_to_produce_cost_where_the_arm_is_rejected_and_the_excess_there_is_combed_at_the_acoustic_period.py	"reported before"	SOURCE	
receipts/P15_CR_cosmology/P15_the_term_mix_is_the_first_channel_to_produce_cost_where_the_arm_is_rejected_and_the_excess_there_is_combed_at_the_acoustic_period.py	"tabled first: the outcome that costs this seat most"	SOURCE	
receipts/P15_CR_cosmology/P15_the_term_the_leaf_adds_dominates_the_matter_term_everywhere_inside_the_lap_with_equality_forced_onto_the_back_chart_value_so_the_vacuum_reading_commits_to_its_strong_form.py	"P15_the_term_the_leaf_adds_dominates_the_matter_term_everywhere_inside_the_lap"	PAPER	ALT
receipts/P15_CR_cosmology/P15_the_third_possibility_cannot_be_because_C21s_limit_is_taken_on_exactly_the_segment_the_lift_occupies_so_the_two_transfers_overlap_rather_than_compose.py	"The two therefore stand in the fixed ratio $2^{1/3}$ for every $M$"	PAPER	
receipts/P15_CR_cosmology/P15_the_three_instruments_with_no_noise_model_one_can_be_given_a_floor_and_ten_passages_quote_a_significance_or_share_the_instrument_cannot_bear.py	"+0.0016"	SOURCE	
receipts/P15_CR_cosmology/P15_the_three_instruments_with_no_noise_model_one_can_be_given_a_floor_and_ten_passages_quote_a_significance_or_share_the_instrument_cannot_bear.py	"+0.0196"	SOURCE	
receipts/P15_CR_cosmology/P15_the_three_instruments_with_no_noise_model_one_can_be_given_a_floor_and_ten_passages_quote_a_significance_or_share_the_instrument_cannot_bear.py	"7.62"	SOURCE	
receipts/P15_CR_cosmology/P15_the_three_instruments_with_no_noise_model_one_can_be_given_a_floor_and_ten_passages_quote_a_significance_or_share_the_instrument_cannot_bear.py	"bounded its contrast effect at $2$"	SOURCE	
receipts/P15_CR_cosmology/P15_the_two_data_are_one.py	"One quantity the handover does not supply is a second datum beside $\\eta$"	PAPER	LIST
receipts/P15_CR_cosmology/P15_the_two_data_are_one.py	"so it is the start restated rather than an inheritance"	PAPER	LIST
receipts/P15_CR_cosmology/P15_the_two_projection_widths_differ_by_the_jacobian_alone_and_the_channel_that_opens_is_a_quarter_of_the_excess.py	"ADDED NOW"	SOURCE	
receipts/P15_CR_cosmology/P15_the_two_projection_widths_differ_by_the_jacobian_alone_and_the_channel_that_opens_is_a_quarter_of_the_excess.py	"COMMITTED AT `r6993`"	SOURCE	
receipts/P15_CR_cosmology/P15_the_two_projection_widths_differ_by_the_jacobian_alone_and_the_channel_that_opens_is_a_quarter_of_the_excess.py	"THE NULL"	SOURCE	
receipts/P15_CR_cosmology/P15_the_two_projection_widths_differ_by_the_jacobian_alone_and_the_channel_that_opens_is_a_quarter_of_the_excess.py	"does nothing"	SOURCE	
receipts/P15_CR_cosmology/P15_the_two_projection_widths_differ_by_the_jacobian_alone_and_the_channel_that_opens_is_a_quarter_of_the_excess.py	"harder"	SOURCE	
receipts/P15_CR_cosmology/P15_the_vector_sectors_pointwise_bound_fails_while_its_exponent_exceeds_the_scalars_and_the_tensor_sector_has_no_transverse_traceless_spectrum_off_the_round_point.py	"scalar sector"	PAPER	ALT,MULTI,SECSHARED
receipts/P15_CR_cosmology/P15_the_window_free_reading_cannot_resolve_the_first_cycle_the_flatness_was_a_trend_and_nine_tenths_of_the_step_is_common_to_both_arms.py	"BOTH arms step"	SOURCE	
receipts/P15_CR_cosmology/P15_the_window_free_reading_cannot_resolve_the_first_cycle_the_flatness_was_a_trend_and_nine_tenths_of_the_step_is_common_to_both_arms.py	"EXTREMAL ENVELOPE"	SOURCE	
receipts/P15_CR_cosmology/P15_the_window_free_reading_cannot_resolve_the_first_cycle_the_flatness_was_a_trend_and_nine_tenths_of_the_step_is_common_to_both_arms.py	"It needed a number"	SOURCE	
receipts/P15_CR_cosmology/P15_the_window_free_reading_cannot_resolve_the_first_cycle_the_flatness_was_a_trend_and_nine_tenths_of_the_step_is_common_to_both_arms.py	"NEITHER arm steps"	SOURCE	
receipts/P15_CR_cosmology/P15_the_window_free_reading_cannot_resolve_the_first_cycle_the_flatness_was_a_trend_and_nine_tenths_of_the_step_is_common_to_both_arms.py	"Nothing below has been measured"	SOURCE	
receipts/P15_CR_cosmology/P15_the_window_free_reading_cannot_resolve_the_first_cycle_the_flatness_was_a_trend_and_nine_tenths_of_the_step_is_common_to_both_arms.py	"PER-TRANSITION"	SOURCE	
receipts/P15_CR_cosmology/P15_the_window_free_reading_cannot_resolve_the_first_cycle_the_flatness_was_a_trend_and_nine_tenths_of_the_step_is_common_to_both_arms.py	"Q2 = QC ** 2"	SOURCE	
receipts/P15_CR_cosmology/P15_the_window_free_reading_cannot_resolve_the_first_cycle_the_flatness_was_a_trend_and_nine_tenths_of_the_step_is_common_to_both_arms.py	"QC = 0.5 * (QE[:-1] + QE[1:])"	SOURCE	
receipts/P15_CR_cosmology/P15_the_window_free_reading_cannot_resolve_the_first_cycle_the_flatness_was_a_trend_and_nine_tenths_of_the_step_is_common_to_both_arms.py	"QE = np.load(os.path.join(SP, 'r6959_eta_cr.npz'))['q_edges']"	SOURCE	
receipts/P15_CR_cosmology/P15_the_window_free_reading_cannot_resolve_the_first_cycle_the_flatness_was_a_trend_and_nine_tenths_of_the_step_is_common_to_both_arms.py	"That is a TREND statistic"	SOURCE	
receipts/P15_CR_cosmology/P15_the_window_free_reading_cannot_resolve_the_first_cycle_the_flatness_was_a_trend_and_nine_tenths_of_the_step_is_common_to_both_arms.py	"both step ratios near"	SOURCE	
receipts/P15_CR_cosmology/P15_the_window_free_reading_cannot_resolve_the_first_cycle_the_flatness_was_a_trend_and_nine_tenths_of_the_step_is_common_to_both_arms.py	"consistent with zero"	SOURCE	
receipts/P15_CR_cosmology/P15_the_window_free_reading_cannot_resolve_the_first_cycle_the_flatness_was_a_trend_and_nine_tenths_of_the_step_is_common_to_both_arms.py	"either channel's step ratio is far from one"	SOURCE	
receipts/P15_CR_cosmology/P15_the_window_free_reading_cannot_resolve_the_first_cycle_the_flatness_was_a_trend_and_nine_tenths_of_the_step_is_common_to_both_arms.py	"the finer reading is NOT near zero"	SOURCE	
receipts/P15_CR_cosmology/P15_the_window_free_reading_cannot_resolve_the_first_cycle_the_flatness_was_a_trend_and_nine_tenths_of_the_step_is_common_to_both_arms.py	"withdrawn as stated"	SOURCE	
receipts/P15_CR_cosmology/P15_verify_lowell_boltzmann.py	"def armA("	SOURCE	
receipts/P15_CR_cosmology/P15_verify_lowell_boltzmann.py	"lSampleBoost=50"	SOURCE	
receipts/P16_cosmogenesis_paper/C13_downstream_irrelevant_is_not_downstream_blocked.py	"RETIRED r2639"	SOURCE	
receipts/P16_cosmogenesis_paper/C13_downstream_irrelevant_is_not_downstream_blocked.py	"SCOPE-BY-DESIGN"	SOURCE	
receipts/P16_cosmogenesis_paper/C13_downstream_irrelevant_is_not_downstream_blocked.py	"The data-confrontation is \\emph{done}: the network meets the measured deuterium and helium-4 within $1\\sigma$"	PAPER	
receipts/P16_cosmogenesis_paper/C13_downstream_irrelevant_is_not_downstream_blocked.py	"The peak is drawn at its $M$-independent infall-scale lower bound"	PAPER	
receipts/P16_cosmogenesis_paper/C13_downstream_irrelevant_is_not_downstream_blocked.py	"What remains open is not the computation but its last-percent precision"	PAPER	OPEN
receipts/P16_cosmogenesis_paper/C13_downstream_irrelevant_is_not_downstream_blocked.py	"a precision frontier the title does not stake itself on"	PAPER	
receipts/P16_cosmogenesis_paper/C13_downstream_irrelevant_is_not_downstream_blocked.py	"its exact regulated value is open and downstream-irrelevant"	PAPER	OPEN
receipts/P16_cosmogenesis_paper/C13_downstream_irrelevant_is_not_downstream_blocked.py	"not a debt"	PAPER	
receipts/P16_cosmogenesis_paper/C13_downstream_irrelevant_is_not_downstream_blocked.py	"not by the peak's value"	PAPER	
receipts/P16_cosmogenesis_paper/C13_downstream_irrelevant_is_not_downstream_blocked.py	"once dissociation is total, the memory of the peak is erased"	PAPER	
receipts/P16_cosmogenesis_paper/C13_downstream_irrelevant_is_not_downstream_blocked.py	"remains open, and is downstream-irrelevant here"	PAPER	OPEN
receipts/P16_cosmogenesis_paper/C13_downstream_irrelevant_is_not_downstream_blocked.py	"the abundances are fixed by the conditions in the window on the cooling leg"	PAPER	
receipts/P16_cosmogenesis_paper/P16_order_two_answered_positive_the_tensor_floor_is_derivable_on_the_constructions_own_three_sphere_because_the_transverse_traceless_laplacian_is_L_times_L_plus_two_minus_two_and_the_lowest_member_is_L_equals_two.py	"Bianchi~IX"	PAPER	
receipts/P16_cosmogenesis_paper/P16_order_two_answered_positive_the_tensor_floor_is_derivable_on_the_constructions_own_three_sphere_because_the_transverse_traceless_laplacian_is_L_times_L_plus_two_minus_two_and_the_lowest_member_is_L_equals_two.py	"a genuinely homogeneous shear is not a perturbation of a closed ball at all"	PAPER	
receipts/P16_cosmogenesis_paper/P16_order_two_answered_positive_the_tensor_floor_is_derivable_on_the_constructions_own_three_sphere_because_the_transverse_traceless_laplacian_is_L_times_L_plus_two_minus_two_and_the_lowest_member_is_L_equals_two.py	"change of background class"	PAPER	
receipts/P16_cosmogenesis_paper/P16_order_two_answered_positive_the_tensor_floor_is_derivable_on_the_constructions_own_three_sphere_because_the_transverse_traceless_laplacian_is_L_times_L_plus_two_minus_two_and_the_lowest_member_is_L_equals_two.py	"has no $k=0$ member"	PAPER	
receipts/P16_cosmogenesis_paper/P16_order_two_answered_positive_the_tensor_floor_is_derivable_on_the_constructions_own_three_sphere_because_the_transverse_traceless_laplacian_is_L_times_L_plus_two_minus_two_and_the_lowest_member_is_L_equals_two.py	"is the long-wavelength growing tensor mode"	PAPER	ALT
receipts/P16_cosmogenesis_paper/P16_order_two_answered_positive_the_tensor_floor_is_derivable_on_the_constructions_own_three_sphere_because_the_transverse_traceless_laplacian_is_L_times_L_plus_two_minus_two_and_the_lowest_member_is_L_equals_two.py	"the $S^3$ tensor tower starts at $L=2$ and has no $k=0$ member"	PAPER	
receipts/P16_cosmogenesis_paper/P16_order_two_answered_positive_the_tensor_floor_is_derivable_on_the_constructions_own_three_sphere_because_the_transverse_traceless_laplacian_is_L_times_L_plus_two_minus_two_and_the_lowest_member_is_L_equals_two.py	"the Bianchi shear \\emph{is} the long-wavelength growing tensor mode"	PAPER	ALT
receipts/P16_cosmogenesis_paper/P16_the_adiabatic_premise_is_demanded_by_the_data_and_inherited_by_the_construction.py	"draws no bound from it in either direction"	PAPER	
receipts/P16_cosmogenesis_paper/P16_the_adiabatic_premise_is_demanded_by_the_data_and_inherited_by_the_construction.py	"m^T F d"	SOURCE	
receipts/P16_cosmogenesis_paper/P16_the_adiabatic_premise_is_demanded_by_the_data_and_inherited_by_the_construction.py	"nearly scale-invariant adiabatic spectrum processed by ordinary structure formation"	PAPER	
receipts/P17_geometric_core_paper/P17_the_frontier_item_is_a_result_and_the_cosmogenesis_paper_reaches_it_the_other_way.py	"peak SPACING is computed from the rate"	PAPER	
receipts/P17_geometric_core_paper/P17_the_frontier_item_is_a_result_and_the_cosmogenesis_paper_reaches_it_the_other_way.py	"rho_r/rho_m\\s*\\n?%?\\s*the peak SPACING"	PAPER	
receipts/P17_geometric_core_paper/P17_the_ledgers_entropy_is_the_de_sitter_readings_and_the_other_reading_has_a_number_but_not_an_entropy.py	"de~Sitter horizon whose"	PAPER	
receipts/P17_geometric_core_paper/P17_the_ledgers_entropy_is_the_de_sitter_readings_and_the_other_reading_has_a_number_but_not_an_entropy.py	"differ by $3/8$"	PAPER	
receipts/RP_34_gr/G2_the_blind_run.py	"Goldberg"	PAPER	MULTI,SECSHARED
receipts/RP_34_gr/G2_the_blind_run.py	"V1_carter_chain}"	PAPER	
receipts/RP_34_gr/G2_the_blind_run.py	"does not rest on the separable ansatz"	PAPER	
receipts/RP_34_gr/G3_the_axis_names_two_orderings.py	"Algebraic type is the count of coincident principal null directions, and the operator\\'s whole range[^.]*lies along that axis"	PAPER	
receipts/RP_34_gr/G3_the_axis_names_two_orderings.py	"The wall is the complement"	PAPER	
receipts/RP_34_gr/G3_the_axis_names_two_orderings.py	"out to the wall, the two its endpoints"	PAPER	
receipts/RP_34_gr/G3_the_axis_names_two_orderings.py	"plane wave"	PAPER	ALT,MULTI,SECSHARED
receipts/RP_34_gr/G3_the_axis_names_two_orderings.py	"pp-wave"	PAPER	ALT
receipts/RP_34_gr/G3_the_axis_names_two_orderings.py	"the horizon cubic's double root $\\Lambda M^{2}=1/9$ where two horizon null surfaces merge"	PAPER	
receipts/RP_34_gr/G3_the_axis_names_two_orderings.py	"this range places at the inner end of the null-degeneracy axis"	PAPER	
receipts/RP_34_gr/G3_the_axis_names_two_orderings.py	"where the last symmetry able to anchor a sweep is lost the operator can no longer generate the leaf"	PAPER	
